rank,atm_id,cutoff_time,prediction_score,target_c,city,mapping_method,mapping_distance_km
1,41adf9c7-e4f5-56f8-a964-fecf7428833b,2023-01-20,0.8637528,0,Jaipur,nearest_canonical_atm_euclidean,
2,644ec086-7a2f-56c1-8890-a0cf1371bb8f,2023-03-10,0.8603096,1,Jaipur,nearest_canonical_atm_euclidean,
3,863a1f8a-9358-5d83-a37a-ef1b3af72061,2023-06-30,0.83972704,0,New Delhi,nearest_canonical_atm_euclidean,
4,6a5e8429-628a-5a7d-b3da-577e42cb4cd4,2023-01-06,0.7885039,0,Bengaluru,nearest_canonical_atm_euclidean,
5,1b131b05-4df1-5564-b4fd-6cb5e09cfdd5,2023-11-24,0.6469058,0,Kolkata,nearest_canonical_atm_euclidean,
6,65a9af02-f38e-5bc1-a908-6a3a653df0fc,2023-02-10,0.6405935,0,Ahmedabad,nearest_canonical_atm_euclidean,
7,869d900f-916d-59fb-a1c5-980ea46f3005,2022-12-30,0.6301688,0,Chennai,nearest_canonical_atm_euclidean,
8,9e342a67-6e23-50e0-affc-c624e2da2f70,2023-02-24,0.6184748,0,Mumbai,nearest_canonical_atm_euclidean,
9,d05fbe4b-fcba-52a3-9d29-e0fce9ccdbd9,2023-09-22,0.59016937,0,New Delhi,nearest_canonical_atm_euclidean,
10,b7c4c3b5-15ff-512b-bc9b-d52f3797f893,2023-09-15,0.51914644,0,Chennai,nearest_canonical_atm_euclidean,
11,7bb876b7-d98c-59b9-bfe7-5d6d8706898d,2023-01-27,0.49425247,0,New Delhi,nearest_canonical_atm_euclidean,
12,65a9af02-f38e-5bc1-a908-6a3a653df0fc,2023-09-08,0.48508424,0,Ahmedabad,nearest_canonical_atm_euclidean,
13,d96fb612-761a-52d1-8bfd-a2368e7f9fd3,2023-01-20,0.47937676,0,Jaipur,nearest_canonical_atm_euclidean,
14,1ca42a9a-50ec-5a1d-99e3-81bf7c579716,2023-03-03,0.47836137,0,New Delhi,nearest_canonical_atm_euclidean,
15,863a1f8a-9358-5d83-a37a-ef1b3af72061,2023-06-09,0.47469062,0,New Delhi,nearest_canonical_atm_euclidean,
16,0949a9d8-1c2f-5d53-bc48-6050d92fe35b,2023-07-14,0.45343116,0,Bengaluru,nearest_canonical_atm_euclidean,
17,f41c7ddd-7008-5aeb-99eb-f05a1845a016,2023-10-13,0.44822547,0,Bengaluru,nearest_canonical_atm_euclidean,
18,863a1f8a-9358-5d83-a37a-ef1b3af72061,2023-10-06,0.4453213,0,New Delhi,nearest_canonical_atm_euclidean,
19,d89b2703-b172-5529-922c-4af9eb48d45f,2023-01-27,0.41321278,0,New Delhi,nearest_canonical_atm_euclidean,
20,41174545-6f86-5ccc-94c0-7054225d58ad,2023-09-15,0.3979284,0,Chennai,nearest_canonical_atm_euclidean,
21,d5f219b1-03da-5f87-a5da-607ea7af6899,2023-06-30,0.39544985,0,Bengaluru,nearest_canonical_atm_euclidean,
22,f41c7ddd-7008-5aeb-99eb-f05a1845a016,2023-01-20,0.394174,0,Bengaluru,nearest_canonical_atm_euclidean,
23,644ec086-7a2f-56c1-8890-a0cf1371bb8f,2022-12-30,0.39336696,0,Jaipur,nearest_canonical_atm_euclidean,
24,1ca42a9a-50ec-5a1d-99e3-81bf7c579716,2023-04-28,0.38787025,0,New Delhi,nearest_canonical_atm_euclidean,
25,b7c4c3b5-15ff-512b-bc9b-d52f3797f893,2023-07-07,0.38255906,0,Chennai,nearest_canonical_atm_euclidean,
26,644ec086-7a2f-56c1-8890-a0cf1371bb8f,2023-02-03,0.38014024,0,Jaipur,nearest_canonical_atm_euclidean,
27,863a1f8a-9358-5d83-a37a-ef1b3af72061,2023-09-01,0.38007107,0,New Delhi,nearest_canonical_atm_euclidean,
28,aac4fab3-2fa2-532d-b442-87ce705ae9f3,2023-08-11,0.37552467,0,Bengaluru,nearest_canonical_atm_euclidean,
29,8279eaa3-c5e0-5a20-9db9-075ee86efeb4,2023-08-25,0.37010464,0,Kolkata,nearest_canonical_atm_euclidean,
30,eade7219-66ba-5894-8964-9eff10228818,2023-02-24,0.36479548,0,Jaipur,nearest_canonical_atm_euclidean,
31,ae9a45fc-c291-5efa-a2ad-8e3d969953d5,2023-03-31,0.35434273,0,New Delhi,nearest_canonical_atm_euclidean,
32,59684263-0e01-5fc5-9de6-966d650e19e5,2023-12-01,0.34828642,0,Mumbai,nearest_canonical_atm_euclidean,
33,41adf9c7-e4f5-56f8-a964-fecf7428833b,2023-03-24,0.33947,0,Jaipur,nearest_canonical_atm_euclidean,
34,4cc4f0b0-6522-5752-8674-65bde1e7ee07,2023-06-09,0.337142,0,Hyderabad,nearest_canonical_atm_euclidean,
35,f3b246fb-34cb-5d78-af2d-6a294c2857ba,2023-09-15,0.3371191,0,Kolkata,nearest_canonical_atm_euclidean,
36,de2d188a-a433-5f4b-869a-2ffe30dfc6ab,2023-07-07,0.33488688,0,Ahmedabad,nearest_canonical_atm_euclidean,
37,a5676c6d-3d3e-517c-81a9-86b85c039df1,2023-08-04,0.32634282,0,Ahmedabad,nearest_canonical_atm_euclidean,
38,37d50aaa-0ca6-52fd-ba0f-a0c734b03d34,2023-05-12,0.3191203,0,Mumbai,nearest_canonical_atm_euclidean,
39,f41c7ddd-7008-5aeb-99eb-f05a1845a016,2023-01-06,0.315874,0,Bengaluru,nearest_canonical_atm_euclidean,
40,41adf9c7-e4f5-56f8-a964-fecf7428833b,2023-06-23,0.31177583,0,Jaipur,nearest_canonical_atm_euclidean,
41,eade7219-66ba-5894-8964-9eff10228818,2023-02-03,0.31060407,0,Jaipur,nearest_canonical_atm_euclidean,
42,d05fbe4b-fcba-52a3-9d29-e0fce9ccdbd9,2023-02-24,0.31028697,0,New Delhi,nearest_canonical_atm_euclidean,
43,d5f219b1-03da-5f87-a5da-607ea7af6899,2023-01-13,0.3046138,0,Bengaluru,nearest_canonical_atm_euclidean,
44,863a1f8a-9358-5d83-a37a-ef1b3af72061,2023-09-15,0.30358642,0,New Delhi,nearest_canonical_atm_euclidean,
45,1b131b05-4df1-5564-b4fd-6cb5e09cfdd5,2023-10-20,0.30298924,0,Kolkata,nearest_canonical_atm_euclidean,
46,3b1e5d03-563a-5430-87b7-e281fa8f8af4,2023-03-31,0.2949916,0,Mumbai,nearest_canonical_atm_euclidean,
47,1ca42a9a-50ec-5a1d-99e3-81bf7c579716,2023-09-08,0.29304275,0,New Delhi,nearest_canonical_atm_euclidean,
48,7bb876b7-d98c-59b9-bfe7-5d6d8706898d,2023-09-08,0.29269943,0,New Delhi,nearest_canonical_atm_euclidean,
49,fceef9b3-9818-5d9c-9786-aa1ba0a869e2,2023-02-10,0.2792725,0,Mumbai,nearest_canonical_atm_euclidean,
50,d89b2703-b172-5529-922c-4af9eb48d45f,2023-11-10,0.27492484,0,New Delhi,nearest_canonical_atm_euclidean,
51,642f4235-82f6-5143-8ea5-5048e8f0d80a,2023-03-10,0.2735915,0,Hyderabad,nearest_canonical_atm_euclidean,
52,800f26bb-ab13-53a8-8329-4e07a6b7cf1d,2023-04-21,0.26621446,0,Mumbai,nearest_canonical_atm_euclidean,
53,a2bdeeac-87ea-5acb-a121-647dd81616e4,2023-08-25,0.25942236,0,Bengaluru,nearest_canonical_atm_euclidean,
54,d89b2703-b172-5529-922c-4af9eb48d45f,2023-08-04,0.2552865,0,New Delhi,nearest_canonical_atm_euclidean,
55,8df3fb3f-36b9-5e62-b1aa-54e0ed960822,2023-02-17,0.2550545,0,Mumbai,nearest_canonical_atm_euclidean,
56,f3b246fb-34cb-5d78-af2d-6a294c2857ba,2023-06-30,0.25446296,0,Kolkata,nearest_canonical_atm_euclidean,
57,644ec086-7a2f-56c1-8890-a0cf1371bb8f,2023-11-17,0.25355574,0,Jaipur,nearest_canonical_atm_euclidean,
58,8279eaa3-c5e0-5a20-9db9-075ee86efeb4,2023-03-24,0.25280502,0,Kolkata,nearest_canonical_atm_euclidean,
59,8279eaa3-c5e0-5a20-9db9-075ee86efeb4,2023-03-31,0.25182945,0,Kolkata,nearest_canonical_atm_euclidean,
60,644ec086-7a2f-56c1-8890-a0cf1371bb8f,2023-11-24,0.24983577,0,Jaipur,nearest_canonical_atm_euclidean,
61,d5f219b1-03da-5f87-a5da-607ea7af6899,2023-12-01,0.2471643,0,Bengaluru,nearest_canonical_atm_euclidean,
62,644ec086-7a2f-56c1-8890-a0cf1371bb8f,2023-08-04,0.24599154,0,Jaipur,nearest_canonical_atm_euclidean,
63,6a5e8429-628a-5a7d-b3da-577e42cb4cd4,2023-02-10,0.24178135,0,Bengaluru,nearest_canonical_atm_euclidean,
64,6a5e8429-628a-5a7d-b3da-577e42cb4cd4,2023-01-20,0.2395351,0,Bengaluru,nearest_canonical_atm_euclidean,
65,ae9a45fc-c291-5efa-a2ad-8e3d969953d5,2022-12-30,0.23896739,0,New Delhi,nearest_canonical_atm_euclidean,
66,d5f219b1-03da-5f87-a5da-607ea7af6899,2023-08-11,0.2343945,0,Bengaluru,nearest_canonical_atm_euclidean,
67,d96fb612-761a-52d1-8bfd-a2368e7f9fd3,2023-02-10,0.23408729,0,Jaipur,nearest_canonical_atm_euclidean,
68,59684263-0e01-5fc5-9de6-966d650e19e5,2023-02-10,0.2268712,0,Mumbai,nearest_canonical_atm_euclidean,
69,eade7219-66ba-5894-8964-9eff10228818,2023-11-10,0.226119,0,Jaipur,nearest_canonical_atm_euclidean,
70,fbbc3df5-4722-57b4-9788-6244a82eaa45,2023-08-04,0.22534299,0,Chennai,nearest_canonical_atm_euclidean,
71,81a02119-b06c-5fc0-b634-9f212b95825a,2023-11-10,0.22330582,0,Hyderabad,nearest_canonical_atm_euclidean,
72,1ca42a9a-50ec-5a1d-99e3-81bf7c579716,2023-07-21,0.22175343,0,New Delhi,nearest_canonical_atm_euclidean,
73,7af28f6a-7ed8-5ba7-97f0-f49875cbb077,2023-03-24,0.22019415,0,Mumbai,nearest_canonical_atm_euclidean,
74,7bb876b7-d98c-59b9-bfe7-5d6d8706898d,2023-11-17,0.22007708,0,New Delhi,nearest_canonical_atm_euclidean,
75,08c99329-0e59-5327-8796-9fef243ca011,2023-02-10,0.21775484,0,Bengaluru,nearest_canonical_atm_euclidean,
76,1b131b05-4df1-5564-b4fd-6cb5e09cfdd5,2023-04-14,0.21569611,0,Kolkata,nearest_canonical_atm_euclidean,
77,2e751f5b-ebe1-5162-b43d-482303a259e3,2023-12-08,0.21163994,0,Kolkata,nearest_canonical_atm_euclidean,
78,eade7219-66ba-5894-8964-9eff10228818,2023-12-08,0.21036911,0,Jaipur,nearest_canonical_atm_euclidean,
79,644ec086-7a2f-56c1-8890-a0cf1371bb8f,2023-06-23,0.20807852,0,Jaipur,nearest_canonical_atm_euclidean,
80,8df3fb3f-36b9-5e62-b1aa-54e0ed960822,2023-02-24,0.20768201,0,Mumbai,nearest_canonical_atm_euclidean,
81,1ca42a9a-50ec-5a1d-99e3-81bf7c579716,2022-12-30,0.20623973,0,New Delhi,nearest_canonical_atm_euclidean,
82,7bb876b7-d98c-59b9-bfe7-5d6d8706898d,2023-01-06,0.20530525,0,New Delhi,nearest_canonical_atm_euclidean,
83,65a9af02-f38e-5bc1-a908-6a3a653df0fc,2023-02-17,0.20376423,0,Ahmedabad,nearest_canonical_atm_euclidean,
84,41adf9c7-e4f5-56f8-a964-fecf7428833b,2023-01-13,0.2019357,0,Jaipur,nearest_canonical_atm_euclidean,
85,d5f219b1-03da-5f87-a5da-607ea7af6899,2023-11-03,0.20035493,0,Bengaluru,nearest_canonical_atm_euclidean,
86,1ceabaf4-936c-5e09-9db4-955f82fbe69e,2023-11-10,0.20009163,0,Bengaluru,nearest_canonical_atm_euclidean,
87,644ec086-7a2f-56c1-8890-a0cf1371bb8f,2023-04-21,0.19694568,0,Jaipur,nearest_canonical_atm_euclidean,
88,1af29445-7edb-54fb-a987-f6ba18f4dcc3,2023-10-20,0.19563274,0,Bengaluru,nearest_canonical_atm_euclidean,
89,08c99329-0e59-5327-8796-9fef243ca011,2023-03-17,0.19404007,0,Bengaluru,nearest_canonical_atm_euclidean,
90,8df3fb3f-36b9-5e62-b1aa-54e0ed960822,2023-07-14,0.19280954,0,Mumbai,nearest_canonical_atm_euclidean,
91,0949a9d8-1c2f-5d53-bc48-6050d92fe35b,2023-08-11,0.19173902,0,Bengaluru,nearest_canonical_atm_euclidean,
92,f41c7ddd-7008-5aeb-99eb-f05a1845a016,2023-07-14,0.19115748,0,Bengaluru,nearest_canonical_atm_euclidean,
93,6a5e8429-628a-5a7d-b3da-577e42cb4cd4,2023-03-17,0.18952923,0,Bengaluru,nearest_canonical_atm_euclidean,
94,644ec086-7a2f-56c1-8890-a0cf1371bb8f,2023-05-26,0.18904094,0,Jaipur,nearest_canonical_atm_euclidean,
95,3b1e5d03-563a-5430-87b7-e281fa8f8af4,2023-03-24,0.18884477,0,Mumbai,nearest_canonical_atm_euclidean,
96,bbdf6837-aab5-5b4e-839e-9ee61eaea352,2023-04-21,0.1877306,0,Mumbai,nearest_canonical_atm_euclidean,
97,d89b2703-b172-5529-922c-4af9eb48d45f,2023-06-09,0.1865473,0,New Delhi,nearest_canonical_atm_euclidean,
98,1b131b05-4df1-5564-b4fd-6cb5e09cfdd5,2023-05-12,0.1840677,0,Kolkata,nearest_canonical_atm_euclidean,
99,0949a9d8-1c2f-5d53-bc48-6050d92fe35b,2023-12-15,0.18357798,0,Bengaluru,nearest_canonical_atm_euclidean,
100,328c3398-026a-5b82-ad02-8598a7d943ba,2023-11-17,0.18308195,0,Bengaluru,nearest_canonical_atm_euclidean,
101,1b131b05-4df1-5564-b4fd-6cb5e09cfdd5,2023-11-17,0.18248391,0,Kolkata,nearest_canonical_atm_euclidean,
102,bbdf6837-aab5-5b4e-839e-9ee61eaea352,2023-04-14,0.18215719,0,Mumbai,nearest_canonical_atm_euclidean,
103,f41c7ddd-7008-5aeb-99eb-f05a1845a016,2023-09-29,0.18179487,0,Bengaluru,nearest_canonical_atm_euclidean,
104,1ca42a9a-50ec-5a1d-99e3-81bf7c579716,2023-10-27,0.1803774,0,New Delhi,nearest_canonical_atm_euclidean,
105,08c99329-0e59-5327-8796-9fef243ca011,2023-03-03,0.17987607,0,Bengaluru,nearest_canonical_atm_euclidean,
106,d05fbe4b-fcba-52a3-9d29-e0fce9ccdbd9,2023-09-15,0.17955509,0,New Delhi,nearest_canonical_atm_euclidean,
107,8df3fb3f-36b9-5e62-b1aa-54e0ed960822,2023-06-09,0.1794902,0,Mumbai,nearest_canonical_atm_euclidean,
108,d05fbe4b-fcba-52a3-9d29-e0fce9ccdbd9,2023-03-10,0.17793022,0,New Delhi,nearest_canonical_atm_euclidean,
109,08c99329-0e59-5327-8796-9fef243ca011,2023-04-14,0.17579816,0,Bengaluru,nearest_canonical_atm_euclidean,
110,d96fb612-761a-52d1-8bfd-a2368e7f9fd3,2023-02-24,0.17554836,0,Jaipur,nearest_canonical_atm_euclidean,
111,863a1f8a-9358-5d83-a37a-ef1b3af72061,2023-10-13,0.17516978,0,New Delhi,nearest_canonical_atm_euclidean,
112,d05fbe4b-fcba-52a3-9d29-e0fce9ccdbd9,2023-01-27,0.17482471,0,New Delhi,nearest_canonical_atm_euclidean,
113,c991fb7a-f5c2-5464-b968-538bf5c140df,2023-02-03,0.17402029,0,Mumbai,nearest_canonical_atm_euclidean,
114,f41c7ddd-7008-5aeb-99eb-f05a1845a016,2023-03-17,0.17365998,0,Bengaluru,nearest_canonical_atm_euclidean,
115,1b131b05-4df1-5564-b4fd-6cb5e09cfdd5,2023-04-21,0.1734564,0,Kolkata,nearest_canonical_atm_euclidean,
116,1ca42a9a-50ec-5a1d-99e3-81bf7c579716,2023-03-10,0.17252304,0,New Delhi,nearest_canonical_atm_euclidean,
117,d5f219b1-03da-5f87-a5da-607ea7af6899,2023-09-08,0.17188485,0,Bengaluru,nearest_canonical_atm_euclidean,
118,8279eaa3-c5e0-5a20-9db9-075ee86efeb4,2023-07-21,0.17146082,0,Kolkata,nearest_canonical_atm_euclidean,
119,8df3fb3f-36b9-5e62-b1aa-54e0ed960822,2023-11-10,0.17092311,0,Mumbai,nearest_canonical_atm_euclidean,
120,7bb876b7-d98c-59b9-bfe7-5d6d8706898d,2023-03-31,0.17087711,0,New Delhi,nearest_canonical_atm_euclidean,
121,1b131b05-4df1-5564-b4fd-6cb5e09cfdd5,2023-07-14,0.16884564,0,Kolkata,nearest_canonical_atm_euclidean,
122,41adf9c7-e4f5-56f8-a964-fecf7428833b,2023-09-29,0.1668577,0,Jaipur,nearest_canonical_atm_euclidean,
123,1ca42a9a-50ec-5a1d-99e3-81bf7c579716,2023-01-27,0.16604236,0,New Delhi,nearest_canonical_atm_euclidean,
124,f801c521-91da-5b20-88bb-185c236cf141,2023-09-08,0.16561055,0,Jaipur,nearest_canonical_atm_euclidean,
125,de2d188a-a433-5f4b-869a-2ffe30dfc6ab,2023-08-25,0.16539015,0,Ahmedabad,nearest_canonical_atm_euclidean,
126,f3b246fb-34cb-5d78-af2d-6a294c2857ba,2023-03-24,0.16509591,0,Kolkata,nearest_canonical_atm_euclidean,
127,9e342a67-6e23-50e0-affc-c624e2da2f70,2023-09-08,0.16448604,0,Mumbai,nearest_canonical_atm_euclidean,
128,3b1e5d03-563a-5430-87b7-e281fa8f8af4,2023-04-14,0.16381589,0,Mumbai,nearest_canonical_atm_euclidean,
129,46d959a8-3a7a-51b4-a5d0-e6489f19d5ab,2023-06-16,0.16364405,0,Ahmedabad,nearest_canonical_atm_euclidean,
130,2ec2dfb2-1938-5797-bf2d-736d604948cb,2023-04-21,0.16198453,0,Mumbai,nearest_canonical_atm_euclidean,
131,f3b246fb-34cb-5d78-af2d-6a294c2857ba,2023-03-17,0.1615909,0,Kolkata,nearest_canonical_atm_euclidean,
132,8df3fb3f-36b9-5e62-b1aa-54e0ed960822,2023-10-06,0.16003248,0,Mumbai,nearest_canonical_atm_euclidean,
133,ae9a45fc-c291-5efa-a2ad-8e3d969953d5,2023-05-12,0.15970747,0,New Delhi,nearest_canonical_atm_euclidean,
134,de2d188a-a433-5f4b-869a-2ffe30dfc6ab,2023-09-01,0.15964493,0,Ahmedabad,nearest_canonical_atm_euclidean,
135,d05fbe4b-fcba-52a3-9d29-e0fce9ccdbd9,2023-07-28,0.15848486,0,New Delhi,nearest_canonical_atm_euclidean,
136,1ceabaf4-936c-5e09-9db4-955f82fbe69e,2023-03-03,0.15834817,0,Bengaluru,nearest_canonical_atm_euclidean,
137,d05fbe4b-fcba-52a3-9d29-e0fce9ccdbd9,2023-03-03,0.15716942,0,New Delhi,nearest_canonical_atm_euclidean,
138,f3b246fb-34cb-5d78-af2d-6a294c2857ba,2023-10-20,0.1561302,0,Kolkata,nearest_canonical_atm_euclidean,
139,eade7219-66ba-5894-8964-9eff10228818,2023-09-15,0.156099,0,Jaipur,nearest_canonical_atm_euclidean,
140,c991fb7a-f5c2-5464-b968-538bf5c140df,2023-07-07,0.15480794,0,Mumbai,nearest_canonical_atm_euclidean,
141,9e342a67-6e23-50e0-affc-c624e2da2f70,2023-03-24,0.15479492,0,Mumbai,nearest_canonical_atm_euclidean,
142,bbdf6837-aab5-5b4e-839e-9ee61eaea352,2023-05-05,0.15464367,0,Mumbai,nearest_canonical_atm_euclidean,
143,ba44c170-601e-501e-a74f-77b6e98cae26,2023-10-13,0.15242396,0,Hyderabad,nearest_canonical_atm_euclidean,
144,d89b2703-b172-5529-922c-4af9eb48d45f,2023-11-03,0.15241416,0,New Delhi,nearest_canonical_atm_euclidean,
145,8df3fb3f-36b9-5e62-b1aa-54e0ed960822,2023-01-20,0.15158437,0,Mumbai,nearest_canonical_atm_euclidean,
146,51f7f7da-0718-5063-91b2-d743096e78e1,2023-11-24,0.1514176,0,Bengaluru,nearest_canonical_atm_euclidean,
147,d89b2703-b172-5529-922c-4af9eb48d45f,2023-02-10,0.15028861,0,New Delhi,nearest_canonical_atm_euclidean,
148,6a5e8429-628a-5a7d-b3da-577e42cb4cd4,2023-08-11,0.1499772,0,Bengaluru,nearest_canonical_atm_euclidean,
149,7bb876b7-d98c-59b9-bfe7-5d6d8706898d,2023-02-03,0.1494306,0,New Delhi,nearest_canonical_atm_euclidean,
150,f3b246fb-34cb-5d78-af2d-6a294c2857ba,2022-12-30,0.14863811,0,Kolkata,nearest_canonical_atm_euclidean,
151,eade7219-66ba-5894-8964-9eff10228818,2023-02-10,0.1482658,0,Jaipur,nearest_canonical_atm_euclidean,
152,e3c72b40-457d-5627-b578-4da7a09c1fc1,2023-11-03,0.14692754,0,New Delhi,nearest_canonical_atm_euclidean,
153,5cbba4d0-3c52-5f68-9295-d2058d5ea946,2023-09-15,0.14454605,0,Mumbai,nearest_canonical_atm_euclidean,
154,644ec086-7a2f-56c1-8890-a0cf1371bb8f,2023-03-17,0.14449657,0,Jaipur,nearest_canonical_atm_euclidean,
155,38ef268a-dcd0-56f8-8c8f-954520b5c33b,2023-08-11,0.14393571,0,Ahmedabad,nearest_canonical_atm_euclidean,
156,3b1e5d03-563a-5430-87b7-e281fa8f8af4,2023-05-12,0.14392291,0,Mumbai,nearest_canonical_atm_euclidean,
157,1ca42a9a-50ec-5a1d-99e3-81bf7c579716,2023-12-15,0.14380036,0,New Delhi,nearest_canonical_atm_euclidean,
158,1ca42a9a-50ec-5a1d-99e3-81bf7c579716,2023-07-14,0.14318758,0,New Delhi,nearest_canonical_atm_euclidean,
159,bbdf6837-aab5-5b4e-839e-9ee61eaea352,2023-02-24,0.1430773,0,Mumbai,nearest_canonical_atm_euclidean,
160,7bb876b7-d98c-59b9-bfe7-5d6d8706898d,2023-11-24,0.1425916,0,New Delhi,nearest_canonical_atm_euclidean,
161,e789fbe5-81bc-554f-9309-2f60d40df893,2023-10-13,0.14240573,0,Kolkata,nearest_canonical_atm_euclidean,
162,59684263-0e01-5fc5-9de6-966d650e19e5,2023-11-03,0.14200608,0,Mumbai,nearest_canonical_atm_euclidean,
163,9e342a67-6e23-50e0-affc-c624e2da2f70,2022-12-30,0.14124155,0,Mumbai,nearest_canonical_atm_euclidean,
164,5cbba4d0-3c52-5f68-9295-d2058d5ea946,2023-04-14,0.14006755,0,Mumbai,nearest_canonical_atm_euclidean,
165,d96fb612-761a-52d1-8bfd-a2368e7f9fd3,2023-06-30,0.13985015,0,Jaipur,nearest_canonical_atm_euclidean,
166,8df3fb3f-36b9-5e62-b1aa-54e0ed960822,2023-11-03,0.13854429,0,Mumbai,nearest_canonical_atm_euclidean,
167,d96fb612-761a-52d1-8bfd-a2368e7f9fd3,2023-10-13,0.13840383,0,Jaipur,nearest_canonical_atm_euclidean,
168,59684263-0e01-5fc5-9de6-966d650e19e5,2023-11-17,0.13711675,0,Mumbai,nearest_canonical_atm_euclidean,
169,81a02119-b06c-5fc0-b634-9f212b95825a,2023-01-06,0.1368314,0,Hyderabad,nearest_canonical_atm_euclidean,
170,3b1e5d03-563a-5430-87b7-e281fa8f8af4,2023-10-27,0.13667235,0,Mumbai,nearest_canonical_atm_euclidean,
171,b7c4c3b5-15ff-512b-bc9b-d52f3797f893,2023-08-18,0.13615581,0,Chennai,nearest_canonical_atm_euclidean,
172,d96fb612-761a-52d1-8bfd-a2368e7f9fd3,2023-04-14,0.13588962,0,Jaipur,nearest_canonical_atm_euclidean,
173,08c99329-0e59-5327-8796-9fef243ca011,2023-09-29,0.1355955,0,Bengaluru,nearest_canonical_atm_euclidean,
174,f41c7ddd-7008-5aeb-99eb-f05a1845a016,2023-03-24,0.13556741,0,Bengaluru,nearest_canonical_atm_euclidean,
175,f41c7ddd-7008-5aeb-99eb-f05a1845a016,2023-05-05,0.13352782,0,Bengaluru,nearest_canonical_atm_euclidean,
176,7aee3f20-61f3-58df-bbd1-af7d2ad4f502,2023-02-10,0.13331595,0,Mumbai,nearest_canonical_atm_euclidean,
177,8df3fb3f-36b9-5e62-b1aa-54e0ed960822,2023-02-10,0.13330534,0,Mumbai,nearest_canonical_atm_euclidean,
178,5cbba4d0-3c52-5f68-9295-d2058d5ea946,2023-07-14,0.1327013,0,Mumbai,nearest_canonical_atm_euclidean,
179,3b1e5d03-563a-5430-87b7-e281fa8f8af4,2023-11-17,0.1324169,0,Mumbai,nearest_canonical_atm_euclidean,
180,863a1f8a-9358-5d83-a37a-ef1b3af72061,2023-09-22,0.13231559,0,New Delhi,nearest_canonical_atm_euclidean,
181,d5f219b1-03da-5f87-a5da-607ea7af6899,2023-11-24,0.13218424,0,Bengaluru,nearest_canonical_atm_euclidean,
182,e789fbe5-81bc-554f-9309-2f60d40df893,2023-10-20,0.13211246,0,Kolkata,nearest_canonical_atm_euclidean,
183,8df3fb3f-36b9-5e62-b1aa-54e0ed960822,2023-06-02,0.13208649,0,Mumbai,nearest_canonical_atm_euclidean,
184,0949a9d8-1c2f-5d53-bc48-6050d92fe35b,2023-03-24,0.13126452,0,Bengaluru,nearest_canonical_atm_euclidean,
185,e3c72b40-457d-5627-b578-4da7a09c1fc1,2023-03-31,0.13120824,0,New Delhi,nearest_canonical_atm_euclidean,
186,1ceabaf4-936c-5e09-9db4-955f82fbe69e,2023-03-24,0.13116784,0,Bengaluru,nearest_canonical_atm_euclidean,
187,b3dc96a5-31cc-51a8-a4bc-4d47da6df377,2023-11-03,0.13086672,0,New Delhi,nearest_canonical_atm_euclidean,
188,7bb876b7-d98c-59b9-bfe7-5d6d8706898d,2023-10-27,0.13012052,0,New Delhi,nearest_canonical_atm_euclidean,
189,6110b5e8-c838-5a36-af9e-ceec51e0c409,2023-02-03,0.13008082,0,New Delhi,nearest_canonical_atm_euclidean,
190,0949a9d8-1c2f-5d53-bc48-6050d92fe35b,2023-11-10,0.12881874,0,Bengaluru,nearest_canonical_atm_euclidean,
191,5cbba4d0-3c52-5f68-9295-d2058d5ea946,2023-11-03,0.12846935,0,Mumbai,nearest_canonical_atm_euclidean,
192,41adf9c7-e4f5-56f8-a964-fecf7428833b,2023-01-06,0.12846516,0,Jaipur,nearest_canonical_atm_euclidean,
193,d96fb612-761a-52d1-8bfd-a2368e7f9fd3,2023-06-23,0.12842508,0,Jaipur,nearest_canonical_atm_euclidean,
194,6a5e8429-628a-5a7d-b3da-577e42cb4cd4,2023-04-14,0.12720923,0,Bengaluru,nearest_canonical_atm_euclidean,
195,0e0b8e6c-f46a-5dce-b705-93abfbcedab7,2023-03-03,0.1272004,0,New Delhi,nearest_canonical_atm_euclidean,
196,9adf3d58-2b6f-5de3-8510-5cc671d1d2e8,2023-03-31,0.12621008,0,Ahmedabad,nearest_canonical_atm_euclidean,
197,d89b2703-b172-5529-922c-4af9eb48d45f,2023-08-11,0.1258421,0,New Delhi,nearest_canonical_atm_euclidean,
198,59684263-0e01-5fc5-9de6-966d650e19e5,2023-06-23,0.12548947,0,Mumbai,nearest_canonical_atm_euclidean,
199,37d50aaa-0ca6-52fd-ba0f-a0c734b03d34,2023-02-03,0.12523183,0,Mumbai,nearest_canonical_atm_euclidean,
200,fceef9b3-9818-5d9c-9786-aa1ba0a869e2,2023-05-19,0.12400396,0,Mumbai,nearest_canonical_atm_euclidean,
201,1ceabaf4-936c-5e09-9db4-955f82fbe69e,2023-02-24,0.122051306,0,Bengaluru,nearest_canonical_atm_euclidean,
202,59684263-0e01-5fc5-9de6-966d650e19e5,2023-04-28,0.121732615,0,Mumbai,nearest_canonical_atm_euclidean,
203,1ca42a9a-50ec-5a1d-99e3-81bf7c579716,2023-08-11,0.12120685,0,New Delhi,nearest_canonical_atm_euclidean,
204,d05fbe4b-fcba-52a3-9d29-e0fce9ccdbd9,2023-04-07,0.121152125,0,New Delhi,nearest_canonical_atm_euclidean,
205,ea588019-c786-57ab-8c8d-be7ada3e3273,2023-10-27,0.12045313,0,Hyderabad,nearest_canonical_atm_euclidean,
206,41adf9c7-e4f5-56f8-a964-fecf7428833b,2023-07-14,0.11967843,0,Jaipur,nearest_canonical_atm_euclidean,
207,8279eaa3-c5e0-5a20-9db9-075ee86efeb4,2023-09-01,0.11913855,0,Kolkata,nearest_canonical_atm_euclidean,
208,f41c7ddd-7008-5aeb-99eb-f05a1845a016,2023-09-08,0.118889645,0,Bengaluru,nearest_canonical_atm_euclidean,
209,d5f219b1-03da-5f87-a5da-607ea7af6899,2023-05-12,0.118399575,0,Bengaluru,nearest_canonical_atm_euclidean,
210,d89b2703-b172-5529-922c-4af9eb48d45f,2023-10-13,0.116929494,0,New Delhi,nearest_canonical_atm_euclidean,
211,8279eaa3-c5e0-5a20-9db9-075ee86efeb4,2023-10-13,0.11641039,0,Kolkata,nearest_canonical_atm_euclidean,
212,ae9a45fc-c291-5efa-a2ad-8e3d969953d5,2023-03-03,0.11614217,0,New Delhi,nearest_canonical_atm_euclidean,
213,8df3fb3f-36b9-5e62-b1aa-54e0ed960822,2023-11-17,0.11518613,0,Mumbai,nearest_canonical_atm_euclidean,
214,65a9af02-f38e-5bc1-a908-6a3a653df0fc,2023-03-31,0.113667615,0,Ahmedabad,nearest_canonical_atm_euclidean,
215,5cbba4d0-3c52-5f68-9295-d2058d5ea946,2023-11-10,0.11302915,0,Mumbai,nearest_canonical_atm_euclidean,
216,1ca42a9a-50ec-5a1d-99e3-81bf7c579716,2023-05-26,0.11286001,0,New Delhi,nearest_canonical_atm_euclidean,
217,7c8a9fea-1f01-5794-b1f8-1f33bc77651b,2023-05-05,0.112488,0,New Delhi,nearest_canonical_atm_euclidean,
218,422e93c8-7fc2-5abd-bd82-7b2eb566f6e6,2023-04-21,0.11238604,0,Kolkata,nearest_canonical_atm_euclidean,
219,ea588019-c786-57ab-8c8d-be7ada3e3273,2023-10-13,0.112333484,0,Hyderabad,nearest_canonical_atm_euclidean,
220,fceef9b3-9818-5d9c-9786-aa1ba0a869e2,2023-01-20,0.112066045,0,Mumbai,nearest_canonical_atm_euclidean,
221,65a9af02-f38e-5bc1-a908-6a3a653df0fc,2023-04-28,0.111952335,0,Ahmedabad,nearest_canonical_atm_euclidean,
222,7c8fbbb0-7633-546c-b927-1accdba2044a,2023-04-07,0.1117386,0,Chennai,nearest_canonical_atm_euclidean,
223,1ca42a9a-50ec-5a1d-99e3-81bf7c579716,2023-05-05,0.11170588,0,New Delhi,nearest_canonical_atm_euclidean,
224,7bb876b7-d98c-59b9-bfe7-5d6d8706898d,2023-06-23,0.11116897,0,New Delhi,nearest_canonical_atm_euclidean,
225,08c99329-0e59-5327-8796-9fef243ca011,2023-11-03,0.11107136,0,Bengaluru,nearest_canonical_atm_euclidean,
226,1ceabaf4-936c-5e09-9db4-955f82fbe69e,2023-04-14,0.10993732,1,Bengaluru,nearest_canonical_atm_euclidean,
227,ba44c170-601e-501e-a74f-77b6e98cae26,2023-06-23,0.10989172,0,Hyderabad,nearest_canonical_atm_euclidean,
228,aac4fab3-2fa2-532d-b442-87ce705ae9f3,2023-08-25,0.10923701,0,Bengaluru,nearest_canonical_atm_euclidean,
229,f3b246fb-34cb-5d78-af2d-6a294c2857ba,2023-11-17,0.10819496,0,Kolkata,nearest_canonical_atm_euclidean,
230,644ec086-7a2f-56c1-8890-a0cf1371bb8f,2023-12-08,0.107755005,0,Jaipur,nearest_canonical_atm_euclidean,
231,bbdf6837-aab5-5b4e-839e-9ee61eaea352,2023-07-14,0.10703627,0,Mumbai,nearest_canonical_atm_euclidean,
232,d96fb612-761a-52d1-8bfd-a2368e7f9fd3,2023-08-04,0.10679669,0,Jaipur,nearest_canonical_atm_euclidean,
233,7bb876b7-d98c-59b9-bfe7-5d6d8706898d,2023-03-03,0.10622392,0,New Delhi,nearest_canonical_atm_euclidean,
234,d05fbe4b-fcba-52a3-9d29-e0fce9ccdbd9,2023-08-25,0.10580506,0,New Delhi,nearest_canonical_atm_euclidean,
235,7c8fbbb0-7633-546c-b927-1accdba2044a,2023-04-21,0.10546302,0,Chennai,nearest_canonical_atm_euclidean,
236,d05fbe4b-fcba-52a3-9d29-e0fce9ccdbd9,2023-04-14,0.105061725,0,New Delhi,nearest_canonical_atm_euclidean,
237,1ca42a9a-50ec-5a1d-99e3-81bf7c579716,2023-10-13,0.10479032,0,New Delhi,nearest_canonical_atm_euclidean,
238,8279eaa3-c5e0-5a20-9db9-075ee86efeb4,2023-08-18,0.10461278,0,Kolkata,nearest_canonical_atm_euclidean,
239,7aee3f20-61f3-58df-bbd1-af7d2ad4f502,2022-12-30,0.1043888,0,Mumbai,nearest_canonical_atm_euclidean,
240,800f26bb-ab13-53a8-8329-4e07a6b7cf1d,2023-11-24,0.10418954,0,Mumbai,nearest_canonical_atm_euclidean,
241,6a5e8429-628a-5a7d-b3da-577e42cb4cd4,2023-11-24,0.1040354,0,Bengaluru,nearest_canonical_atm_euclidean,
242,d89b2703-b172-5529-922c-4af9eb48d45f,2023-06-30,0.103897676,0,New Delhi,nearest_canonical_atm_euclidean,
243,7142d25c-5954-53f9-ba18-f95055901780,2023-03-10,0.103788406,0,Bengaluru,nearest_canonical_atm_euclidean,
244,a2bdeeac-87ea-5acb-a121-647dd81616e4,2022-12-30,0.10314282,0,Bengaluru,nearest_canonical_atm_euclidean,
245,f801c521-91da-5b20-88bb-185c236cf141,2023-09-15,0.10276172,0,Jaipur,nearest_canonical_atm_euclidean,
246,f3b246fb-34cb-5d78-af2d-6a294c2857ba,2023-09-01,0.102331996,0,Kolkata,nearest_canonical_atm_euclidean,
247,642f4235-82f6-5143-8ea5-5048e8f0d80a,2023-10-06,0.10230935,0,Hyderabad,nearest_canonical_atm_euclidean,
248,59684263-0e01-5fc5-9de6-966d650e19e5,2023-06-09,0.10192081,0,Mumbai,nearest_canonical_atm_euclidean,
249,d5f219b1-03da-5f87-a5da-607ea7af6899,2023-09-15,0.10163789,0,Bengaluru,nearest_canonical_atm_euclidean,
250,e3c72b40-457d-5627-b578-4da7a09c1fc1,2023-03-24,0.10155255,0,New Delhi,nearest_canonical_atm_euclidean,
251,d5f219b1-03da-5f87-a5da-607ea7af6899,2023-02-10,0.10130515,0,Bengaluru,nearest_canonical_atm_euclidean,
252,08c99329-0e59-5327-8796-9fef243ca011,2023-01-06,0.10122006,0,Bengaluru,nearest_canonical_atm_euclidean,
253,37d50aaa-0ca6-52fd-ba0f-a0c734b03d34,2023-02-24,0.10106056,0,Mumbai,nearest_canonical_atm_euclidean,
254,0e0b8e6c-f46a-5dce-b705-93abfbcedab7,2023-03-31,0.10009985,0,New Delhi,nearest_canonical_atm_euclidean,
255,0949a9d8-1c2f-5d53-bc48-6050d92fe35b,2023-04-14,0.10000077,0,Bengaluru,nearest_canonical_atm_euclidean,
256,800f26bb-ab13-53a8-8329-4e07a6b7cf1d,2023-04-07,0.09998408,0,Mumbai,nearest_canonical_atm_euclidean,
257,41adf9c7-e4f5-56f8-a964-fecf7428833b,2023-12-08,0.09954909,0,Jaipur,nearest_canonical_atm_euclidean,
258,ab7406b4-42c4-5a64-a99f-ed1e9a1912a6,2023-05-05,0.09848884,0,Kolkata,nearest_canonical_atm_euclidean,
259,fbbc3df5-4722-57b4-9788-6244a82eaa45,2023-11-03,0.098326184,0,Chennai,nearest_canonical_atm_euclidean,
260,f801c521-91da-5b20-88bb-185c236cf141,2023-08-04,0.0974378,0,Jaipur,nearest_canonical_atm_euclidean,
261,642f4235-82f6-5143-8ea5-5048e8f0d80a,2023-09-15,0.09743616,0,Hyderabad,nearest_canonical_atm_euclidean,
262,7bb876b7-d98c-59b9-bfe7-5d6d8706898d,2023-03-10,0.097128585,0,New Delhi,nearest_canonical_atm_euclidean,
263,800f26bb-ab13-53a8-8329-4e07a6b7cf1d,2023-09-15,0.09702449,0,Mumbai,nearest_canonical_atm_euclidean,
264,863a1f8a-9358-5d83-a37a-ef1b3af72061,2023-02-17,0.09702315,0,New Delhi,nearest_canonical_atm_euclidean,
265,1ceabaf4-936c-5e09-9db4-955f82fbe69e,2023-02-17,0.09670628,0,Bengaluru,nearest_canonical_atm_euclidean,
266,c991fb7a-f5c2-5464-b968-538bf5c140df,2023-03-10,0.09574375,0,Mumbai,nearest_canonical_atm_euclidean,
267,c4d45e66-af66-5d62-9ec1-a719ee0110b8,2023-08-11,0.09551834,0,Bengaluru,nearest_canonical_atm_euclidean,
268,0e83a772-d0c1-5d38-9f1f-4a51eb7ee575,2023-02-10,0.0952093,0,Kolkata,nearest_canonical_atm_euclidean,
269,81a02119-b06c-5fc0-b634-9f212b95825a,2023-09-01,0.09484631,0,Hyderabad,nearest_canonical_atm_euclidean,
270,38ef268a-dcd0-56f8-8c8f-954520b5c33b,2023-12-15,0.09467979,0,Ahmedabad,nearest_canonical_atm_euclidean,
271,9e342a67-6e23-50e0-affc-c624e2da2f70,2023-11-24,0.09286321,0,Mumbai,nearest_canonical_atm_euclidean,
272,964994af-c467-5422-8727-4914e98a9b1b,2023-08-04,0.09274608,0,Hyderabad,nearest_canonical_atm_euclidean,
273,863a1f8a-9358-5d83-a37a-ef1b3af72061,2023-02-24,0.09225119,0,New Delhi,nearest_canonical_atm_euclidean,
274,ea588019-c786-57ab-8c8d-be7ada3e3273,2023-10-06,0.09219341,0,Hyderabad,nearest_canonical_atm_euclidean,
275,d5f219b1-03da-5f87-a5da-607ea7af6899,2023-02-03,0.09137027,0,Bengaluru,nearest_canonical_atm_euclidean,
276,644ec086-7a2f-56c1-8890-a0cf1371bb8f,2023-06-02,0.0906186,0,Jaipur,nearest_canonical_atm_euclidean,
277,d5f219b1-03da-5f87-a5da-607ea7af6899,2023-06-23,0.09058561,0,Bengaluru,nearest_canonical_atm_euclidean,
278,d05fbe4b-fcba-52a3-9d29-e0fce9ccdbd9,2023-01-20,0.09007969,0,New Delhi,nearest_canonical_atm_euclidean,
279,ce707439-e5cd-56de-8ce2-b3a7f8a910c5,2023-04-14,0.08927099,0,Hyderabad,nearest_canonical_atm_euclidean,
280,de2d188a-a433-5f4b-869a-2ffe30dfc6ab,2023-09-15,0.089095406,0,Ahmedabad,nearest_canonical_atm_euclidean,
281,8279eaa3-c5e0-5a20-9db9-075ee86efeb4,2023-09-08,0.08885596,0,Kolkata,nearest_canonical_atm_euclidean,
282,aac4fab3-2fa2-532d-b442-87ce705ae9f3,2023-02-10,0.08814042,0,Bengaluru,nearest_canonical_atm_euclidean,
283,fbbc3df5-4722-57b4-9788-6244a82eaa45,2023-07-28,0.08757687,0,Chennai,nearest_canonical_atm_euclidean,
284,e789fbe5-81bc-554f-9309-2f60d40df893,2023-11-10,0.08755041,0,Kolkata,nearest_canonical_atm_euclidean,
285,a2bdeeac-87ea-5acb-a121-647dd81616e4,2023-01-06,0.087469555,0,Bengaluru,nearest_canonical_atm_euclidean,
286,f3b246fb-34cb-5d78-af2d-6a294c2857ba,2023-09-22,0.08739603,0,Kolkata,nearest_canonical_atm_euclidean,
287,8df3fb3f-36b9-5e62-b1aa-54e0ed960822,2023-08-04,0.087359354,0,Mumbai,nearest_canonical_atm_euclidean,
288,41adf9c7-e4f5-56f8-a964-fecf7428833b,2023-10-27,0.087114654,0,Jaipur,nearest_canonical_atm_euclidean,
289,ae9a45fc-c291-5efa-a2ad-8e3d969953d5,2023-03-17,0.08689511,0,New Delhi,nearest_canonical_atm_euclidean,
290,2ec2dfb2-1938-5797-bf2d-736d604948cb,2023-08-18,0.085826695,0,Mumbai,nearest_canonical_atm_euclidean,
291,37d50aaa-0ca6-52fd-ba0f-a0c734b03d34,2023-01-20,0.0854089,0,Mumbai,nearest_canonical_atm_euclidean,
292,d5f219b1-03da-5f87-a5da-607ea7af6899,2023-07-07,0.08533922,0,Bengaluru,nearest_canonical_atm_euclidean,
293,f41c7ddd-7008-5aeb-99eb-f05a1845a016,2023-10-27,0.08528987,0,Bengaluru,nearest_canonical_atm_euclidean,
294,8df3fb3f-36b9-5e62-b1aa-54e0ed960822,2023-10-20,0.08526486,0,Mumbai,nearest_canonical_atm_euclidean,
295,d96fb612-761a-52d1-8bfd-a2368e7f9fd3,2023-03-17,0.08457144,0,Jaipur,nearest_canonical_atm_euclidean,
296,5cbba4d0-3c52-5f68-9295-d2058d5ea946,2023-05-12,0.08450467,0,Mumbai,nearest_canonical_atm_euclidean,
297,7142d25c-5954-53f9-ba18-f95055901780,2023-07-28,0.08420954,0,Bengaluru,nearest_canonical_atm_euclidean,
298,38ef268a-dcd0-56f8-8c8f-954520b5c33b,2023-06-09,0.08415785,0,Ahmedabad,nearest_canonical_atm_euclidean,
299,d5f219b1-03da-5f87-a5da-607ea7af6899,2023-12-15,0.084066674,0,Bengaluru,nearest_canonical_atm_euclidean,
300,3b1e5d03-563a-5430-87b7-e281fa8f8af4,2023-01-20,0.08321499,0,Mumbai,nearest_canonical_atm_euclidean,
301,1ca42a9a-50ec-5a1d-99e3-81bf7c579716,2023-12-08,0.08269843,0,New Delhi,nearest_canonical_atm_euclidean,
302,51f7f7da-0718-5063-91b2-d743096e78e1,2023-04-07,0.08219021,0,Bengaluru,nearest_canonical_atm_euclidean,
303,ce707439-e5cd-56de-8ce2-b3a7f8a910c5,2023-05-19,0.082165696,0,Hyderabad,nearest_canonical_atm_euclidean,
304,328c3398-026a-5b82-ad02-8598a7d943ba,2023-12-08,0.08183863,0,Bengaluru,nearest_canonical_atm_euclidean,
305,08c99329-0e59-5327-8796-9fef243ca011,2023-11-10,0.08171617,0,Bengaluru,nearest_canonical_atm_euclidean,
306,d5f219b1-03da-5f87-a5da-607ea7af6899,2023-08-18,0.0816179,0,Bengaluru,nearest_canonical_atm_euclidean,
307,9e342a67-6e23-50e0-affc-c624e2da2f70,2023-02-03,0.081382535,0,Mumbai,nearest_canonical_atm_euclidean,
308,1af29445-7edb-54fb-a987-f6ba18f4dcc3,2023-01-20,0.080987945,0,Bengaluru,nearest_canonical_atm_euclidean,
309,7c8a9fea-1f01-5794-b1f8-1f33bc77651b,2023-09-15,0.080769874,0,New Delhi,nearest_canonical_atm_euclidean,
310,f801c521-91da-5b20-88bb-185c236cf141,2023-05-05,0.08074773,0,Jaipur,nearest_canonical_atm_euclidean,
311,bbdf6837-aab5-5b4e-839e-9ee61eaea352,2022-12-30,0.08065128,0,Mumbai,nearest_canonical_atm_euclidean,
312,eade7219-66ba-5894-8964-9eff10228818,2023-10-27,0.080318026,0,Jaipur,nearest_canonical_atm_euclidean,
313,1d7d8374-7d25-5244-9349-2dba7c91bf60,2023-08-25,0.08030702,0,Ahmedabad,nearest_canonical_atm_euclidean,
314,34ff42c5-aa0c-58b5-b153-3aa920bff5c7,2023-10-06,0.080264695,0,Chennai,nearest_canonical_atm_euclidean,
315,4407e36e-71bc-5526-9a73-9f76e801cc45,2023-05-26,0.08026153,0,Kolkata,nearest_canonical_atm_euclidean,
316,3aa4e1f6-58c6-5cbb-a302-28689bbca879,2023-02-24,0.08020558,0,Bengaluru,nearest_canonical_atm_euclidean,
317,e3c72b40-457d-5627-b578-4da7a09c1fc1,2023-11-10,0.07940075,0,New Delhi,nearest_canonical_atm_euclidean,
318,cf923010-1ea8-516f-8a40-b3db95dce888,2023-02-10,0.07924286,0,Chennai,nearest_canonical_atm_euclidean,
319,869d900f-916d-59fb-a1c5-980ea46f3005,2023-05-05,0.07882672,0,Chennai,nearest_canonical_atm_euclidean,
320,41adf9c7-e4f5-56f8-a964-fecf7428833b,2023-08-25,0.07877412,0,Jaipur,nearest_canonical_atm_euclidean,
321,9d88e52f-9303-5776-9acc-390b8ece126d,2023-03-17,0.078352384,0,Chennai,nearest_canonical_atm_euclidean,
322,81a02119-b06c-5fc0-b634-9f212b95825a,2023-10-27,0.07832849,0,Hyderabad,nearest_canonical_atm_euclidean,
323,aac4fab3-2fa2-532d-b442-87ce705ae9f3,2022-12-30,0.07831751,0,Bengaluru,nearest_canonical_atm_euclidean,
324,f41c7ddd-7008-5aeb-99eb-f05a1845a016,2023-02-17,0.077736326,0,Bengaluru,nearest_canonical_atm_euclidean,
325,1ceabaf4-936c-5e09-9db4-955f82fbe69e,2023-03-17,0.07718813,0,Bengaluru,nearest_canonical_atm_euclidean,
326,644ec086-7a2f-56c1-8890-a0cf1371bb8f,2023-12-01,0.07689425,0,Jaipur,nearest_canonical_atm_euclidean,
327,81a02119-b06c-5fc0-b634-9f212b95825a,2023-09-15,0.076287016,0,Hyderabad,nearest_canonical_atm_euclidean,
328,8df3fb3f-36b9-5e62-b1aa-54e0ed960822,2023-05-05,0.076175794,0,Mumbai,nearest_canonical_atm_euclidean,
329,41adf9c7-e4f5-56f8-a964-fecf7428833b,2023-02-03,0.07590809,0,Jaipur,nearest_canonical_atm_euclidean,
330,59fb71b7-27d2-56ae-87ab-548765379b67,2023-09-15,0.07527142,0,Bengaluru,nearest_canonical_atm_euclidean,
331,0949a9d8-1c2f-5d53-bc48-6050d92fe35b,2023-03-03,0.07492913,0,Bengaluru,nearest_canonical_atm_euclidean,
332,642f4235-82f6-5143-8ea5-5048e8f0d80a,2022-12-30,0.074924916,0,Hyderabad,nearest_canonical_atm_euclidean,
333,d05fbe4b-fcba-52a3-9d29-e0fce9ccdbd9,2023-02-03,0.0746663,0,New Delhi,nearest_canonical_atm_euclidean,
334,863a1f8a-9358-5d83-a37a-ef1b3af72061,2023-06-23,0.074591726,0,New Delhi,nearest_canonical_atm_euclidean,
335,1b131b05-4df1-5564-b4fd-6cb5e09cfdd5,2023-10-06,0.074324764,0,Kolkata,nearest_canonical_atm_euclidean,
336,3aa4e1f6-58c6-5cbb-a302-28689bbca879,2023-12-15,0.07431076,0,Bengaluru,nearest_canonical_atm_euclidean,
337,7aee3f20-61f3-58df-bbd1-af7d2ad4f502,2023-07-21,0.07427695,0,Mumbai,nearest_canonical_atm_euclidean,
338,5cbba4d0-3c52-5f68-9295-d2058d5ea946,2023-04-21,0.07412087,0,Mumbai,nearest_canonical_atm_euclidean,
339,422e93c8-7fc2-5abd-bd82-7b2eb566f6e6,2023-05-19,0.073844336,0,Kolkata,nearest_canonical_atm_euclidean,
340,37d50aaa-0ca6-52fd-ba0f-a0c734b03d34,2023-01-27,0.07377042,0,Mumbai,nearest_canonical_atm_euclidean,
341,9d88e52f-9303-5776-9acc-390b8ece126d,2023-03-24,0.07346513,0,Chennai,nearest_canonical_atm_euclidean,
342,3aa4e1f6-58c6-5cbb-a302-28689bbca879,2023-03-31,0.072649345,0,Bengaluru,nearest_canonical_atm_euclidean,
343,aac4fab3-2fa2-532d-b442-87ce705ae9f3,2023-01-06,0.07240912,0,Bengaluru,nearest_canonical_atm_euclidean,
344,800f26bb-ab13-53a8-8329-4e07a6b7cf1d,2023-06-16,0.07240491,0,Mumbai,nearest_canonical_atm_euclidean,
345,eade7219-66ba-5894-8964-9eff10228818,2023-02-17,0.07223571,0,Jaipur,nearest_canonical_atm_euclidean,
346,a5676c6d-3d3e-517c-81a9-86b85c039df1,2023-03-10,0.071628876,0,Ahmedabad,nearest_canonical_atm_euclidean,
347,d96fb612-761a-52d1-8bfd-a2368e7f9fd3,2023-10-20,0.07156577,0,Jaipur,nearest_canonical_atm_euclidean,
348,4cc4f0b0-6522-5752-8674-65bde1e7ee07,2023-12-08,0.07152117,0,Hyderabad,nearest_canonical_atm_euclidean,
349,a5676c6d-3d3e-517c-81a9-86b85c039df1,2023-06-16,0.07139006,0,Ahmedabad,nearest_canonical_atm_euclidean,
350,800f26bb-ab13-53a8-8329-4e07a6b7cf1d,2023-05-05,0.07137215,0,Mumbai,nearest_canonical_atm_euclidean,
351,800f26bb-ab13-53a8-8329-4e07a6b7cf1d,2023-01-06,0.0711959,0,Mumbai,nearest_canonical_atm_euclidean,
352,869d900f-916d-59fb-a1c5-980ea46f3005,2023-05-12,0.07114389,0,Chennai,nearest_canonical_atm_euclidean,
353,8279eaa3-c5e0-5a20-9db9-075ee86efeb4,2023-11-24,0.07089203,0,Kolkata,nearest_canonical_atm_euclidean,
354,59684263-0e01-5fc5-9de6-966d650e19e5,2023-01-20,0.07078338,0,Mumbai,nearest_canonical_atm_euclidean,
355,fbbc3df5-4722-57b4-9788-6244a82eaa45,2023-09-29,0.069887996,0,Chennai,nearest_canonical_atm_euclidean,
356,41adf9c7-e4f5-56f8-a964-fecf7428833b,2023-02-24,0.069821104,0,Jaipur,nearest_canonical_atm_euclidean,
357,08c99329-0e59-5327-8796-9fef243ca011,2023-10-13,0.06981607,0,Bengaluru,nearest_canonical_atm_euclidean,
358,d5f219b1-03da-5f87-a5da-607ea7af6899,2023-10-06,0.069781445,0,Bengaluru,nearest_canonical_atm_euclidean,
359,7bb876b7-d98c-59b9-bfe7-5d6d8706898d,2023-04-07,0.06973823,0,New Delhi,nearest_canonical_atm_euclidean,
360,9e342a67-6e23-50e0-affc-c624e2da2f70,2023-02-17,0.069375865,0,Mumbai,nearest_canonical_atm_euclidean,
361,0949a9d8-1c2f-5d53-bc48-6050d92fe35b,2023-07-28,0.0692644,0,Bengaluru,nearest_canonical_atm_euclidean,
362,eade7219-66ba-5894-8964-9eff10228818,2023-05-05,0.069259174,0,Jaipur,nearest_canonical_atm_euclidean,
363,422e93c8-7fc2-5abd-bd82-7b2eb566f6e6,2023-11-10,0.069154955,0,Kolkata,nearest_canonical_atm_euclidean,
364,d96fb612-761a-52d1-8bfd-a2368e7f9fd3,2023-04-21,0.06893088,0,Jaipur,nearest_canonical_atm_euclidean,
365,1d7d8374-7d25-5244-9349-2dba7c91bf60,2023-10-27,0.06892519,0,Ahmedabad,nearest_canonical_atm_euclidean,
366,83a48d15-e769-5c36-ba85-663466038d79,2023-02-03,0.06883468,0,Kolkata,nearest_canonical_atm_euclidean,
367,3b1e5d03-563a-5430-87b7-e281fa8f8af4,2023-01-06,0.06881018,0,Mumbai,nearest_canonical_atm_euclidean,
368,cf923010-1ea8-516f-8a40-b3db95dce888,2023-01-27,0.06833334,0,Chennai,nearest_canonical_atm_euclidean,
369,6e2eb94c-abea-566d-881f-33304c81d95b,2023-01-20,0.06794312,0,Hyderabad,nearest_canonical_atm_euclidean,
370,9e342a67-6e23-50e0-affc-c624e2da2f70,2023-12-08,0.06780658,0,Mumbai,nearest_canonical_atm_euclidean,
371,328c3398-026a-5b82-ad02-8598a7d943ba,2023-12-15,0.067766055,0,Bengaluru,nearest_canonical_atm_euclidean,
372,644ec086-7a2f-56c1-8890-a0cf1371bb8f,2023-07-07,0.067676984,0,Jaipur,nearest_canonical_atm_euclidean,
373,8df3fb3f-36b9-5e62-b1aa-54e0ed960822,2023-06-23,0.0676466,0,Mumbai,nearest_canonical_atm_euclidean,
374,08c99329-0e59-5327-8796-9fef243ca011,2023-07-14,0.067298844,0,Bengaluru,nearest_canonical_atm_euclidean,
375,eade7219-66ba-5894-8964-9eff10228818,2023-10-20,0.06722017,0,Jaipur,nearest_canonical_atm_euclidean,
376,863a1f8a-9358-5d83-a37a-ef1b3af72061,2023-02-03,0.06708857,0,New Delhi,nearest_canonical_atm_euclidean,
377,ba44c170-601e-501e-a74f-77b6e98cae26,2023-11-10,0.06708386,0,Hyderabad,nearest_canonical_atm_euclidean,
378,ba44c170-601e-501e-a74f-77b6e98cae26,2023-08-11,0.06707548,0,Hyderabad,nearest_canonical_atm_euclidean,
379,fceef9b3-9818-5d9c-9786-aa1ba0a869e2,2023-12-01,0.0666503,0,Mumbai,nearest_canonical_atm_euclidean,
380,7c8fbbb0-7633-546c-b927-1accdba2044a,2023-08-04,0.06661809,0,Chennai,nearest_canonical_atm_euclidean,
381,d96fb612-761a-52d1-8bfd-a2368e7f9fd3,2023-08-25,0.066403024,0,Jaipur,nearest_canonical_atm_euclidean,
382,f801c521-91da-5b20-88bb-185c236cf141,2023-08-25,0.06631002,0,Jaipur,nearest_canonical_atm_euclidean,
383,81697ea2-f5de-540b-a729-ead84b45e611,2023-09-22,0.066218466,0,Mumbai,nearest_canonical_atm_euclidean,
384,7c8a9fea-1f01-5794-b1f8-1f33bc77651b,2023-06-23,0.06608019,0,New Delhi,nearest_canonical_atm_euclidean,
385,800f26bb-ab13-53a8-8329-4e07a6b7cf1d,2023-11-03,0.06589263,0,Mumbai,nearest_canonical_atm_euclidean,
386,9b0bfc62-59d8-573e-81b2-fee4669a409a,2023-09-22,0.06575609,0,Hyderabad,nearest_canonical_atm_euclidean,
387,eade7219-66ba-5894-8964-9eff10228818,2023-01-20,0.065696605,0,Jaipur,nearest_canonical_atm_euclidean,
388,422e93c8-7fc2-5abd-bd82-7b2eb566f6e6,2023-06-30,0.06569334,0,Kolkata,nearest_canonical_atm_euclidean,
389,59fb71b7-27d2-56ae-87ab-548765379b67,2023-03-31,0.06559994,0,Bengaluru,nearest_canonical_atm_euclidean,
390,afecdedf-a580-5453-aee1-cce5a1fc6571,2023-03-10,0.06547987,0,Ahmedabad,nearest_canonical_atm_euclidean,
391,81697ea2-f5de-540b-a729-ead84b45e611,2023-06-09,0.06547303,0,Mumbai,nearest_canonical_atm_euclidean,
392,2e751f5b-ebe1-5162-b43d-482303a259e3,2023-06-30,0.06537385,0,Kolkata,nearest_canonical_atm_euclidean,
393,3b1e5d03-563a-5430-87b7-e281fa8f8af4,2023-02-10,0.065075584,0,Mumbai,nearest_canonical_atm_euclidean,
394,f41c7ddd-7008-5aeb-99eb-f05a1845a016,2023-04-14,0.06505144,0,Bengaluru,nearest_canonical_atm_euclidean,
395,7bb876b7-d98c-59b9-bfe7-5d6d8706898d,2023-06-30,0.064933784,0,New Delhi,nearest_canonical_atm_euclidean,
396,ae9a45fc-c291-5efa-a2ad-8e3d969953d5,2023-05-05,0.0649038,0,New Delhi,nearest_canonical_atm_euclidean,
397,7bb876b7-d98c-59b9-bfe7-5d6d8706898d,2023-09-22,0.06484992,0,New Delhi,nearest_canonical_atm_euclidean,
398,7c8a9fea-1f01-5794-b1f8-1f33bc77651b,2023-07-28,0.06427011,0,New Delhi,nearest_canonical_atm_euclidean,
399,7aee3f20-61f3-58df-bbd1-af7d2ad4f502,2023-01-20,0.06421272,0,Mumbai,nearest_canonical_atm_euclidean,
400,14e22c3d-5500-5971-b937-f612a3b05543,2023-04-07,0.06416135,0,Chennai,nearest_canonical_atm_euclidean,
401,6e2eb94c-abea-566d-881f-33304c81d95b,2023-11-24,0.06396495,0,Hyderabad,nearest_canonical_atm_euclidean,
402,051674e2-a8c4-5111-bf54-2c937a9c722a,2023-03-24,0.0639394,0,New Delhi,nearest_canonical_atm_euclidean,
403,ba44c170-601e-501e-a74f-77b6e98cae26,2023-02-17,0.063694656,0,Hyderabad,nearest_canonical_atm_euclidean,
404,6e2eb94c-abea-566d-881f-33304c81d95b,2023-12-01,0.06362684,0,Hyderabad,nearest_canonical_atm_euclidean,
405,422e93c8-7fc2-5abd-bd82-7b2eb566f6e6,2023-01-27,0.06343811,0,Kolkata,nearest_canonical_atm_euclidean,
406,7bb876b7-d98c-59b9-bfe7-5d6d8706898d,2023-03-17,0.06338422,0,New Delhi,nearest_canonical_atm_euclidean,
407,59684263-0e01-5fc5-9de6-966d650e19e5,2023-10-06,0.06288116,0,Mumbai,nearest_canonical_atm_euclidean,
408,08c99329-0e59-5327-8796-9fef243ca011,2023-11-24,0.06258092,0,Bengaluru,nearest_canonical_atm_euclidean,
409,fceef9b3-9818-5d9c-9786-aa1ba0a869e2,2023-08-25,0.06252846,0,Mumbai,nearest_canonical_atm_euclidean,
410,7c8a9fea-1f01-5794-b1f8-1f33bc77651b,2023-09-22,0.062146697,0,New Delhi,nearest_canonical_atm_euclidean,
411,6e2eb94c-abea-566d-881f-33304c81d95b,2023-04-14,0.062074903,0,Hyderabad,nearest_canonical_atm_euclidean,
412,f3b246fb-34cb-5d78-af2d-6a294c2857ba,2023-11-10,0.06204138,0,Kolkata,nearest_canonical_atm_euclidean,
413,051674e2-a8c4-5111-bf54-2c937a9c722a,2023-07-14,0.061708726,0,New Delhi,nearest_canonical_atm_euclidean,
414,b41f1475-dca2-5dc1-938e-9543cd4de399,2023-06-09,0.0614617,0,Ahmedabad,nearest_canonical_atm_euclidean,
415,f41c7ddd-7008-5aeb-99eb-f05a1845a016,2023-06-02,0.061360825,0,Bengaluru,nearest_canonical_atm_euclidean,
416,642f4235-82f6-5143-8ea5-5048e8f0d80a,2023-10-27,0.061340783,0,Hyderabad,nearest_canonical_atm_euclidean,
417,37d50aaa-0ca6-52fd-ba0f-a0c734b03d34,2023-08-25,0.061102454,0,Mumbai,nearest_canonical_atm_euclidean,
418,d89b2703-b172-5529-922c-4af9eb48d45f,2023-06-16,0.06092684,0,New Delhi,nearest_canonical_atm_euclidean,
419,41adf9c7-e4f5-56f8-a964-fecf7428833b,2023-03-10,0.0607694,0,Jaipur,nearest_canonical_atm_euclidean,
420,8279eaa3-c5e0-5a20-9db9-075ee86efeb4,2023-10-06,0.060643017,0,Kolkata,nearest_canonical_atm_euclidean,
421,f41c7ddd-7008-5aeb-99eb-f05a1845a016,2023-06-30,0.060200877,0,Bengaluru,nearest_canonical_atm_euclidean,
422,41adf9c7-e4f5-56f8-a964-fecf7428833b,2023-11-10,0.06010121,0,Jaipur,nearest_canonical_atm_euclidean,
423,afecdedf-a580-5453-aee1-cce5a1fc6571,2023-12-15,0.059990138,0,Ahmedabad,nearest_canonical_atm_euclidean,
424,d3483408-08a1-5840-8a4f-e2a5d47c989b,2023-06-23,0.059759587,0,Chennai,nearest_canonical_atm_euclidean,
425,37d50aaa-0ca6-52fd-ba0f-a0c734b03d34,2023-09-08,0.059750896,0,Mumbai,nearest_canonical_atm_euclidean,
426,1ca42a9a-50ec-5a1d-99e3-81bf7c579716,2023-07-07,0.059443798,0,New Delhi,nearest_canonical_atm_euclidean,
427,0949a9d8-1c2f-5d53-bc48-6050d92fe35b,2023-08-25,0.059141275,0,Bengaluru,nearest_canonical_atm_euclidean,
428,a2bdeeac-87ea-5acb-a121-647dd81616e4,2023-10-06,0.05896847,0,Bengaluru,nearest_canonical_atm_euclidean,
429,422e93c8-7fc2-5abd-bd82-7b2eb566f6e6,2023-05-05,0.0587945,0,Kolkata,nearest_canonical_atm_euclidean,
430,422e93c8-7fc2-5abd-bd82-7b2eb566f6e6,2023-09-15,0.058612436,0,Kolkata,nearest_canonical_atm_euclidean,
431,d89b2703-b172-5529-922c-4af9eb48d45f,2023-03-10,0.05845731,0,New Delhi,nearest_canonical_atm_euclidean,
432,3b1e5d03-563a-5430-87b7-e281fa8f8af4,2022-12-30,0.0584331,0,Mumbai,nearest_canonical_atm_euclidean,
433,bbdf6837-aab5-5b4e-839e-9ee61eaea352,2023-02-10,0.058431223,0,Mumbai,nearest_canonical_atm_euclidean,
434,c991fb7a-f5c2-5464-b968-538bf5c140df,2023-03-03,0.05836748,0,Mumbai,nearest_canonical_atm_euclidean,
435,94effd11-8fd8-50af-8f4c-b5a629d11375,2023-03-03,0.05826069,0,Jaipur,nearest_canonical_atm_euclidean,
436,de2d188a-a433-5f4b-869a-2ffe30dfc6ab,2023-09-08,0.058181535,0,Ahmedabad,nearest_canonical_atm_euclidean,
437,1ceabaf4-936c-5e09-9db4-955f82fbe69e,2023-12-01,0.058044642,0,Bengaluru,nearest_canonical_atm_euclidean,
438,de2d188a-a433-5f4b-869a-2ffe30dfc6ab,2023-11-24,0.057721548,0,Ahmedabad,nearest_canonical_atm_euclidean,
439,9e342a67-6e23-50e0-affc-c624e2da2f70,2023-09-15,0.05718465,0,Mumbai,nearest_canonical_atm_euclidean,
440,d89b2703-b172-5529-922c-4af9eb48d45f,2023-07-28,0.057019256,0,New Delhi,nearest_canonical_atm_euclidean,
441,7c8fbbb0-7633-546c-b927-1accdba2044a,2023-07-28,0.056714077,0,Chennai,nearest_canonical_atm_euclidean,
442,ba44c170-601e-501e-a74f-77b6e98cae26,2023-09-08,0.056696884,0,Hyderabad,nearest_canonical_atm_euclidean,
443,38ef268a-dcd0-56f8-8c8f-954520b5c33b,2023-05-05,0.056233447,0,Ahmedabad,nearest_canonical_atm_euclidean,
444,afecdedf-a580-5453-aee1-cce5a1fc6571,2023-08-25,0.056215372,0,Ahmedabad,nearest_canonical_atm_euclidean,
445,9e342a67-6e23-50e0-affc-c624e2da2f70,2023-10-20,0.056037612,0,Mumbai,nearest_canonical_atm_euclidean,
446,38ef268a-dcd0-56f8-8c8f-954520b5c33b,2023-01-20,0.055990443,0,Ahmedabad,nearest_canonical_atm_euclidean,
447,8279eaa3-c5e0-5a20-9db9-075ee86efeb4,2023-11-10,0.055924073,0,Kolkata,nearest_canonical_atm_euclidean,
448,2ec2dfb2-1938-5797-bf2d-736d604948cb,2023-06-09,0.055902008,0,Mumbai,nearest_canonical_atm_euclidean,
449,0949a9d8-1c2f-5d53-bc48-6050d92fe35b,2023-10-06,0.055776037,0,Bengaluru,nearest_canonical_atm_euclidean,
450,642f4235-82f6-5143-8ea5-5048e8f0d80a,2023-05-12,0.055764914,0,Hyderabad,nearest_canonical_atm_euclidean,
451,800f26bb-ab13-53a8-8329-4e07a6b7cf1d,2023-08-25,0.05573825,0,Mumbai,nearest_canonical_atm_euclidean,
452,b7c4c3b5-15ff-512b-bc9b-d52f3797f893,2023-09-08,0.05566859,0,Chennai,nearest_canonical_atm_euclidean,
453,3aa4e1f6-58c6-5cbb-a302-28689bbca879,2023-04-14,0.055663023,0,Bengaluru,nearest_canonical_atm_euclidean,
454,328c3398-026a-5b82-ad02-8598a7d943ba,2023-05-19,0.055662226,0,Bengaluru,nearest_canonical_atm_euclidean,
455,3aa4e1f6-58c6-5cbb-a302-28689bbca879,2023-07-21,0.055603422,0,Bengaluru,nearest_canonical_atm_euclidean,
456,1b131b05-4df1-5564-b4fd-6cb5e09cfdd5,2023-03-24,0.055579644,0,Kolkata,nearest_canonical_atm_euclidean,
457,8df3fb3f-36b9-5e62-b1aa-54e0ed960822,2023-09-01,0.05539892,0,Mumbai,nearest_canonical_atm_euclidean,
458,d5f219b1-03da-5f87-a5da-607ea7af6899,2023-12-08,0.055373296,0,Bengaluru,nearest_canonical_atm_euclidean,
459,d89b2703-b172-5529-922c-4af9eb48d45f,2023-05-19,0.05521733,0,New Delhi,nearest_canonical_atm_euclidean,
460,1b131b05-4df1-5564-b4fd-6cb5e09cfdd5,2023-01-20,0.054987147,0,Kolkata,nearest_canonical_atm_euclidean,
461,7af28f6a-7ed8-5ba7-97f0-f49875cbb077,2023-04-21,0.05492834,0,Mumbai,nearest_canonical_atm_euclidean,
462,800f26bb-ab13-53a8-8329-4e07a6b7cf1d,2023-11-17,0.054860733,0,Mumbai,nearest_canonical_atm_euclidean,
463,d96fb612-761a-52d1-8bfd-a2368e7f9fd3,2023-08-11,0.05483716,0,Jaipur,nearest_canonical_atm_euclidean,
464,d89b2703-b172-5529-922c-4af9eb48d45f,2023-03-31,0.054729354,0,New Delhi,nearest_canonical_atm_euclidean,
465,8df3fb3f-36b9-5e62-b1aa-54e0ed960822,2023-08-25,0.05466286,0,Mumbai,nearest_canonical_atm_euclidean,
466,8279eaa3-c5e0-5a20-9db9-075ee86efeb4,2023-07-14,0.05459663,0,Kolkata,nearest_canonical_atm_euclidean,
467,41adf9c7-e4f5-56f8-a964-fecf7428833b,2023-06-30,0.054399956,0,Jaipur,nearest_canonical_atm_euclidean,
468,e3c72b40-457d-5627-b578-4da7a09c1fc1,2023-01-06,0.05438584,0,New Delhi,nearest_canonical_atm_euclidean,
469,863a1f8a-9358-5d83-a37a-ef1b3af72061,2023-07-14,0.05434565,0,New Delhi,nearest_canonical_atm_euclidean,
470,5cbba4d0-3c52-5f68-9295-d2058d5ea946,2023-01-20,0.05429462,0,Mumbai,nearest_canonical_atm_euclidean,
471,ba44c170-601e-501e-a74f-77b6e98cae26,2023-05-26,0.054059718,0,Hyderabad,nearest_canonical_atm_euclidean,
472,eade7219-66ba-5894-8964-9eff10228818,2023-09-29,0.053948075,0,Jaipur,nearest_canonical_atm_euclidean,
473,422e93c8-7fc2-5abd-bd82-7b2eb566f6e6,2023-08-25,0.05377881,0,Kolkata,nearest_canonical_atm_euclidean,
474,5cbba4d0-3c52-5f68-9295-d2058d5ea946,2023-01-13,0.053769667,0,Mumbai,nearest_canonical_atm_euclidean,
475,f801c521-91da-5b20-88bb-185c236cf141,2023-12-15,0.053632423,0,Jaipur,nearest_canonical_atm_euclidean,
476,81a02119-b06c-5fc0-b634-9f212b95825a,2022-12-30,0.053620264,0,Hyderabad,nearest_canonical_atm_euclidean,
477,41174545-6f86-5ccc-94c0-7054225d58ad,2023-02-03,0.05344479,0,Chennai,nearest_canonical_atm_euclidean,
478,d89b2703-b172-5529-922c-4af9eb48d45f,2023-10-27,0.05339882,0,New Delhi,nearest_canonical_atm_euclidean,
479,f41c7ddd-7008-5aeb-99eb-f05a1845a016,2023-04-28,0.053389616,0,Bengaluru,nearest_canonical_atm_euclidean,
480,1ceabaf4-936c-5e09-9db4-955f82fbe69e,2023-04-07,0.053318184,0,Bengaluru,nearest_canonical_atm_euclidean,
481,f41c7ddd-7008-5aeb-99eb-f05a1845a016,2023-12-01,0.053182364,0,Bengaluru,nearest_canonical_atm_euclidean,
482,47b40f44-e493-5f2d-b12c-8a7eb6ccd6f4,2023-05-19,0.053126175,0,Jaipur,nearest_canonical_atm_euclidean,
483,328c3398-026a-5b82-ad02-8598a7d943ba,2023-03-17,0.05288041,0,Bengaluru,nearest_canonical_atm_euclidean,
484,f801c521-91da-5b20-88bb-185c236cf141,2023-01-06,0.05276804,0,Jaipur,nearest_canonical_atm_euclidean,
485,d96fb612-761a-52d1-8bfd-a2368e7f9fd3,2023-03-24,0.05253253,0,Jaipur,nearest_canonical_atm_euclidean,
486,6110b5e8-c838-5a36-af9e-ceec51e0c409,2023-02-10,0.052532136,0,New Delhi,nearest_canonical_atm_euclidean,
487,ba44c170-601e-501e-a74f-77b6e98cae26,2023-07-07,0.052414905,0,Hyderabad,nearest_canonical_atm_euclidean,
488,41174545-6f86-5ccc-94c0-7054225d58ad,2023-05-26,0.052401066,0,Chennai,nearest_canonical_atm_euclidean,
489,ce707439-e5cd-56de-8ce2-b3a7f8a910c5,2023-01-20,0.052213866,0,Hyderabad,nearest_canonical_atm_euclidean,
490,1ca42a9a-50ec-5a1d-99e3-81bf7c579716,2023-03-31,0.052007936,0,New Delhi,nearest_canonical_atm_euclidean,
491,3b1e5d03-563a-5430-87b7-e281fa8f8af4,2023-01-13,0.051987994,0,Mumbai,nearest_canonical_atm_euclidean,
492,83a48d15-e769-5c36-ba85-663466038d79,2023-11-10,0.051917594,0,Kolkata,nearest_canonical_atm_euclidean,
493,6a5e8429-628a-5a7d-b3da-577e42cb4cd4,2023-12-01,0.051821493,0,Bengaluru,nearest_canonical_atm_euclidean,
494,e789fbe5-81bc-554f-9309-2f60d40df893,2023-08-18,0.05173135,0,Kolkata,nearest_canonical_atm_euclidean,
495,3aa4e1f6-58c6-5cbb-a302-28689bbca879,2023-12-08,0.05169452,0,Bengaluru,nearest_canonical_atm_euclidean,
496,f1f8d2d0-6ea3-5875-acce-a83a08547247,2023-09-22,0.051640403,0,New Delhi,nearest_canonical_atm_euclidean,
497,422e93c8-7fc2-5abd-bd82-7b2eb566f6e6,2023-03-24,0.051603418,0,Kolkata,nearest_canonical_atm_euclidean,
498,9f8333ec-0af9-502c-8e87-21bd0e5ef301,2023-03-24,0.051569615,0,Kolkata,nearest_canonical_atm_euclidean,
499,e3c72b40-457d-5627-b578-4da7a09c1fc1,2023-07-07,0.051514342,0,New Delhi,nearest_canonical_atm_euclidean,
500,869d900f-916d-59fb-a1c5-980ea46f3005,2023-03-10,0.051482987,0,Chennai,nearest_canonical_atm_euclidean,
501,8df3fb3f-36b9-5e62-b1aa-54e0ed960822,2023-08-11,0.05138683,0,Mumbai,nearest_canonical_atm_euclidean,
502,7bb876b7-d98c-59b9-bfe7-5d6d8706898d,2023-10-20,0.05130858,0,New Delhi,nearest_canonical_atm_euclidean,
503,7af28f6a-7ed8-5ba7-97f0-f49875cbb077,2023-01-20,0.05130249,0,Mumbai,nearest_canonical_atm_euclidean,
504,d5f219b1-03da-5f87-a5da-607ea7af6899,2023-05-05,0.05107879,0,Bengaluru,nearest_canonical_atm_euclidean,
505,7142d25c-5954-53f9-ba18-f95055901780,2023-05-12,0.05099208,0,Bengaluru,nearest_canonical_atm_euclidean,
506,6e2eb94c-abea-566d-881f-33304c81d95b,2023-02-17,0.0508782,0,Hyderabad,nearest_canonical_atm_euclidean,
507,d89b2703-b172-5529-922c-4af9eb48d45f,2023-08-18,0.050844762,0,New Delhi,nearest_canonical_atm_euclidean,
508,7aee3f20-61f3-58df-bbd1-af7d2ad4f502,2023-11-10,0.050750207,0,Mumbai,nearest_canonical_atm_euclidean,
509,eade7219-66ba-5894-8964-9eff10228818,2023-06-09,0.050743148,0,Jaipur,nearest_canonical_atm_euclidean,
510,47b40f44-e493-5f2d-b12c-8a7eb6ccd6f4,2023-01-20,0.05068842,0,Jaipur,nearest_canonical_atm_euclidean,
511,ae9a45fc-c291-5efa-a2ad-8e3d969953d5,2023-08-11,0.05055064,0,New Delhi,nearest_canonical_atm_euclidean,
512,1b131b05-4df1-5564-b4fd-6cb5e09cfdd5,2023-03-31,0.05031216,0,Kolkata,nearest_canonical_atm_euclidean,
513,f41c7ddd-7008-5aeb-99eb-f05a1845a016,2023-10-20,0.05009298,0,Bengaluru,nearest_canonical_atm_euclidean,
514,9ec9c0ef-9209-5a42-84e8-2013032e9b9e,2023-12-15,0.0500374,0,Chennai,nearest_canonical_atm_euclidean,
515,642f4235-82f6-5143-8ea5-5048e8f0d80a,2023-11-17,0.049880378,0,Hyderabad,nearest_canonical_atm_euclidean,
516,800f26bb-ab13-53a8-8329-4e07a6b7cf1d,2023-05-12,0.049644276,0,Mumbai,nearest_canonical_atm_euclidean,
517,ae9a45fc-c291-5efa-a2ad-8e3d969953d5,2023-10-13,0.04959862,0,New Delhi,nearest_canonical_atm_euclidean,
518,800f26bb-ab13-53a8-8329-4e07a6b7cf1d,2023-10-20,0.049560122,0,Mumbai,nearest_canonical_atm_euclidean,
519,f41c7ddd-7008-5aeb-99eb-f05a1845a016,2023-08-25,0.04952747,0,Bengaluru,nearest_canonical_atm_euclidean,
520,14e22c3d-5500-5971-b937-f612a3b05543,2023-07-07,0.049460534,0,Chennai,nearest_canonical_atm_euclidean,
521,37d50aaa-0ca6-52fd-ba0f-a0c734b03d34,2023-10-20,0.04944117,0,Mumbai,nearest_canonical_atm_euclidean,
522,f41c7ddd-7008-5aeb-99eb-f05a1845a016,2023-02-24,0.049232002,0,Bengaluru,nearest_canonical_atm_euclidean,
523,aac4fab3-2fa2-532d-b442-87ce705ae9f3,2023-01-13,0.049219996,0,Bengaluru,nearest_canonical_atm_euclidean,
524,7af28f6a-7ed8-5ba7-97f0-f49875cbb077,2023-01-27,0.049203705,0,Mumbai,nearest_canonical_atm_euclidean,
525,863a1f8a-9358-5d83-a37a-ef1b3af72061,2023-01-27,0.049033854,0,New Delhi,nearest_canonical_atm_euclidean,
526,3b1e5d03-563a-5430-87b7-e281fa8f8af4,2023-04-21,0.04895767,0,Mumbai,nearest_canonical_atm_euclidean,
527,863a1f8a-9358-5d83-a37a-ef1b3af72061,2023-08-11,0.0485978,0,New Delhi,nearest_canonical_atm_euclidean,
528,ce707439-e5cd-56de-8ce2-b3a7f8a910c5,2023-06-09,0.048503455,0,Hyderabad,nearest_canonical_atm_euclidean,
529,6e2eb94c-abea-566d-881f-33304c81d95b,2023-03-24,0.048455577,0,Hyderabad,nearest_canonical_atm_euclidean,
530,7bb876b7-d98c-59b9-bfe7-5d6d8706898d,2023-06-02,0.048298895,0,New Delhi,nearest_canonical_atm_euclidean,
531,800f26bb-ab13-53a8-8329-4e07a6b7cf1d,2023-06-02,0.048225883,0,Mumbai,nearest_canonical_atm_euclidean,
532,1af29445-7edb-54fb-a987-f6ba18f4dcc3,2023-03-31,0.048163302,0,Bengaluru,nearest_canonical_atm_euclidean,
533,1ca42a9a-50ec-5a1d-99e3-81bf7c579716,2023-01-06,0.048158012,0,New Delhi,nearest_canonical_atm_euclidean,
534,eade7219-66ba-5894-8964-9eff10228818,2023-10-13,0.048051775,0,Jaipur,nearest_canonical_atm_euclidean,
535,d5f219b1-03da-5f87-a5da-607ea7af6899,2023-08-25,0.048050966,0,Bengaluru,nearest_canonical_atm_euclidean,
536,aac4fab3-2fa2-532d-b442-87ce705ae9f3,2023-03-17,0.047765642,0,Bengaluru,nearest_canonical_atm_euclidean,
537,47b40f44-e493-5f2d-b12c-8a7eb6ccd6f4,2023-02-03,0.04765393,0,Jaipur,nearest_canonical_atm_euclidean,
538,642f4235-82f6-5143-8ea5-5048e8f0d80a,2023-03-17,0.047340274,0,Hyderabad,nearest_canonical_atm_euclidean,
539,d05fbe4b-fcba-52a3-9d29-e0fce9ccdbd9,2023-02-17,0.04718777,0,New Delhi,nearest_canonical_atm_euclidean,
540,7c8fbbb0-7633-546c-b927-1accdba2044a,2023-03-31,0.047159445,0,Chennai,nearest_canonical_atm_euclidean,
541,ae9a45fc-c291-5efa-a2ad-8e3d969953d5,2023-04-21,0.047157012,0,New Delhi,nearest_canonical_atm_euclidean,
542,7aee3f20-61f3-58df-bbd1-af7d2ad4f502,2023-05-19,0.047109928,0,Mumbai,nearest_canonical_atm_euclidean,
543,7aee3f20-61f3-58df-bbd1-af7d2ad4f502,2023-07-07,0.047097776,0,Mumbai,nearest_canonical_atm_euclidean,
544,c4d45e66-af66-5d62-9ec1-a719ee0110b8,2023-08-25,0.047044694,0,Bengaluru,nearest_canonical_atm_euclidean,
545,23f00f1f-a233-5e89-8069-27d2584ad221,2023-10-13,0.047013763,0,Hyderabad,nearest_canonical_atm_euclidean,
546,3aa4e1f6-58c6-5cbb-a302-28689bbca879,2023-04-07,0.04667558,0,Bengaluru,nearest_canonical_atm_euclidean,
547,08c99329-0e59-5327-8796-9fef243ca011,2023-01-20,0.04657837,0,Bengaluru,nearest_canonical_atm_euclidean,
548,fceef9b3-9818-5d9c-9786-aa1ba0a869e2,2023-01-13,0.046546947,0,Mumbai,nearest_canonical_atm_euclidean,
549,051674e2-a8c4-5111-bf54-2c937a9c722a,2022-12-30,0.046524823,0,New Delhi,nearest_canonical_atm_euclidean,
550,9e342a67-6e23-50e0-affc-c624e2da2f70,2023-09-22,0.04650545,0,Mumbai,nearest_canonical_atm_euclidean,
551,328c3398-026a-5b82-ad02-8598a7d943ba,2023-01-06,0.046396017,0,Bengaluru,nearest_canonical_atm_euclidean,
552,59684263-0e01-5fc5-9de6-966d650e19e5,2022-12-30,0.046285193,0,Mumbai,nearest_canonical_atm_euclidean,
553,41adf9c7-e4f5-56f8-a964-fecf7428833b,2023-06-09,0.046038866,0,Jaipur,nearest_canonical_atm_euclidean,
554,7af28f6a-7ed8-5ba7-97f0-f49875cbb077,2023-08-04,0.04584099,0,Mumbai,nearest_canonical_atm_euclidean,
555,37d50aaa-0ca6-52fd-ba0f-a0c734b03d34,2023-05-19,0.04572783,0,Mumbai,nearest_canonical_atm_euclidean,
556,c991fb7a-f5c2-5464-b968-538bf5c140df,2023-05-12,0.04562443,0,Mumbai,nearest_canonical_atm_euclidean,
557,37d50aaa-0ca6-52fd-ba0f-a0c734b03d34,2023-07-28,0.045584366,0,Mumbai,nearest_canonical_atm_euclidean,
558,051674e2-a8c4-5111-bf54-2c937a9c722a,2023-10-13,0.045583006,0,New Delhi,nearest_canonical_atm_euclidean,
559,6e2eb94c-abea-566d-881f-33304c81d95b,2023-03-03,0.045577504,0,Hyderabad,nearest_canonical_atm_euclidean,
560,b8864095-68a2-5748-a216-676e811b321c,2023-06-09,0.04557269,0,Chennai,nearest_canonical_atm_euclidean,
561,41174545-6f86-5ccc-94c0-7054225d58ad,2023-09-01,0.045338616,0,Chennai,nearest_canonical_atm_euclidean,
562,642f4235-82f6-5143-8ea5-5048e8f0d80a,2023-05-05,0.045269605,0,Hyderabad,nearest_canonical_atm_euclidean,
563,7c8a9fea-1f01-5794-b1f8-1f33bc77651b,2023-07-14,0.045243606,0,New Delhi,nearest_canonical_atm_euclidean,
564,1ca42a9a-50ec-5a1d-99e3-81bf7c579716,2023-07-28,0.045240786,0,New Delhi,nearest_canonical_atm_euclidean,
565,422e93c8-7fc2-5abd-bd82-7b2eb566f6e6,2023-03-31,0.04523201,0,Kolkata,nearest_canonical_atm_euclidean,
566,65a9af02-f38e-5bc1-a908-6a3a653df0fc,2023-05-26,0.045203466,0,Ahmedabad,nearest_canonical_atm_euclidean,
567,d5f219b1-03da-5f87-a5da-607ea7af6899,2023-03-31,0.045072027,0,Bengaluru,nearest_canonical_atm_euclidean,
568,9f8333ec-0af9-502c-8e87-21bd0e5ef301,2023-09-01,0.045071043,0,Kolkata,nearest_canonical_atm_euclidean,
569,3aa4e1f6-58c6-5cbb-a302-28689bbca879,2023-11-10,0.044786368,0,Bengaluru,nearest_canonical_atm_euclidean,
570,81a02119-b06c-5fc0-b634-9f212b95825a,2023-08-04,0.04470138,0,Hyderabad,nearest_canonical_atm_euclidean,
571,3b1e5d03-563a-5430-87b7-e281fa8f8af4,2023-03-03,0.04462845,0,Mumbai,nearest_canonical_atm_euclidean,
572,422e93c8-7fc2-5abd-bd82-7b2eb566f6e6,2023-04-14,0.04440334,0,Kolkata,nearest_canonical_atm_euclidean,
573,4407e36e-71bc-5526-9a73-9f76e801cc45,2023-05-05,0.044402346,0,Kolkata,nearest_canonical_atm_euclidean,
574,08c99329-0e59-5327-8796-9fef243ca011,2023-07-28,0.04431793,0,Bengaluru,nearest_canonical_atm_euclidean,
575,e3c72b40-457d-5627-b578-4da7a09c1fc1,2023-06-23,0.04419874,0,New Delhi,nearest_canonical_atm_euclidean,
576,863a1f8a-9358-5d83-a37a-ef1b3af72061,2023-08-04,0.044178914,0,New Delhi,nearest_canonical_atm_euclidean,
577,1ceabaf4-936c-5e09-9db4-955f82fbe69e,2023-03-31,0.04414552,0,Bengaluru,nearest_canonical_atm_euclidean,
578,1b131b05-4df1-5564-b4fd-6cb5e09cfdd5,2023-09-15,0.043861933,0,Kolkata,nearest_canonical_atm_euclidean,
579,81a02119-b06c-5fc0-b634-9f212b95825a,2023-12-15,0.043769047,0,Hyderabad,nearest_canonical_atm_euclidean,
580,6a5e8429-628a-5a7d-b3da-577e42cb4cd4,2023-04-07,0.043716516,0,Bengaluru,nearest_canonical_atm_euclidean,
581,ce707439-e5cd-56de-8ce2-b3a7f8a910c5,2023-11-17,0.04368107,0,Hyderabad,nearest_canonical_atm_euclidean,
582,a5676c6d-3d3e-517c-81a9-86b85c039df1,2023-01-13,0.04368094,0,Ahmedabad,nearest_canonical_atm_euclidean,
583,f3b246fb-34cb-5d78-af2d-6a294c2857ba,2023-07-14,0.04362123,0,Kolkata,nearest_canonical_atm_euclidean,
584,5737401f-13a5-5335-9e4c-336a9e870086,2023-03-24,0.04322018,0,Kolkata,nearest_canonical_atm_euclidean,
585,f801c521-91da-5b20-88bb-185c236cf141,2023-06-16,0.04320232,0,Jaipur,nearest_canonical_atm_euclidean,
586,7bb876b7-d98c-59b9-bfe7-5d6d8706898d,2023-05-12,0.042962994,0,New Delhi,nearest_canonical_atm_euclidean,
587,d89b2703-b172-5529-922c-4af9eb48d45f,2023-07-07,0.04286401,0,New Delhi,nearest_canonical_atm_euclidean,
588,41adf9c7-e4f5-56f8-a964-fecf7428833b,2023-10-20,0.04273583,0,Jaipur,nearest_canonical_atm_euclidean,
589,9adf3d58-2b6f-5de3-8510-5cc671d1d2e8,2023-06-09,0.042664543,0,Ahmedabad,nearest_canonical_atm_euclidean,
590,7af28f6a-7ed8-5ba7-97f0-f49875cbb077,2023-02-10,0.042597935,0,Mumbai,nearest_canonical_atm_euclidean,
591,8df3fb3f-36b9-5e62-b1aa-54e0ed960822,2023-05-12,0.042553026,0,Mumbai,nearest_canonical_atm_euclidean,
592,1ceabaf4-936c-5e09-9db4-955f82fbe69e,2023-09-08,0.042533472,0,Bengaluru,nearest_canonical_atm_euclidean,
593,7af28f6a-7ed8-5ba7-97f0-f49875cbb077,2023-12-01,0.042506874,0,Mumbai,nearest_canonical_atm_euclidean,
594,d5f219b1-03da-5f87-a5da-607ea7af6899,2023-05-19,0.042391293,0,Bengaluru,nearest_canonical_atm_euclidean,
595,800f26bb-ab13-53a8-8329-4e07a6b7cf1d,2023-05-26,0.04237457,0,Mumbai,nearest_canonical_atm_euclidean,
596,7af28f6a-7ed8-5ba7-97f0-f49875cbb077,2023-11-24,0.042231046,0,Mumbai,nearest_canonical_atm_euclidean,
597,eade7219-66ba-5894-8964-9eff10228818,2023-01-13,0.042121183,0,Jaipur,nearest_canonical_atm_euclidean,
598,1ca42a9a-50ec-5a1d-99e3-81bf7c579716,2023-04-07,0.041929968,0,New Delhi,nearest_canonical_atm_euclidean,
599,b7c4c3b5-15ff-512b-bc9b-d52f3797f893,2023-06-16,0.041913237,0,Chennai,nearest_canonical_atm_euclidean,
600,81a02119-b06c-5fc0-b634-9f212b95825a,2023-11-17,0.041773375,0,Hyderabad,nearest_canonical_atm_euclidean,
601,f41c7ddd-7008-5aeb-99eb-f05a1845a016,2023-02-10,0.041654993,0,Bengaluru,nearest_canonical_atm_euclidean,
602,59684263-0e01-5fc5-9de6-966d650e19e5,2023-05-05,0.04160688,0,Mumbai,nearest_canonical_atm_euclidean,
603,644ec086-7a2f-56c1-8890-a0cf1371bb8f,2023-01-27,0.041591194,0,Jaipur,nearest_canonical_atm_euclidean,
604,1ceabaf4-936c-5e09-9db4-955f82fbe69e,2023-07-07,0.041544396,0,Bengaluru,nearest_canonical_atm_euclidean,
605,59684263-0e01-5fc5-9de6-966d650e19e5,2023-02-17,0.04153376,0,Mumbai,nearest_canonical_atm_euclidean,
606,9f8333ec-0af9-502c-8e87-21bd0e5ef301,2023-07-28,0.04148975,0,Kolkata,nearest_canonical_atm_euclidean,
607,aac4fab3-2fa2-532d-b442-87ce705ae9f3,2023-06-30,0.04133816,0,Bengaluru,nearest_canonical_atm_euclidean,
608,1af29445-7edb-54fb-a987-f6ba18f4dcc3,2023-01-13,0.041311827,0,Bengaluru,nearest_canonical_atm_euclidean,
609,90bcf56f-15e8-5317-aff9-2bb508a1d03a,2023-08-04,0.041227963,0,Chennai,nearest_canonical_atm_euclidean,
610,2e751f5b-ebe1-5162-b43d-482303a259e3,2023-03-24,0.041156918,0,Kolkata,nearest_canonical_atm_euclidean,
611,9e342a67-6e23-50e0-affc-c624e2da2f70,2023-03-17,0.041154705,0,Mumbai,nearest_canonical_atm_euclidean,
612,d5f219b1-03da-5f87-a5da-607ea7af6899,2023-04-14,0.041040573,0,Bengaluru,nearest_canonical_atm_euclidean,
613,37d50aaa-0ca6-52fd-ba0f-a0c734b03d34,2023-06-23,0.0410036,0,Mumbai,nearest_canonical_atm_euclidean,
614,863a1f8a-9358-5d83-a37a-ef1b3af72061,2023-08-25,0.040974643,0,New Delhi,nearest_canonical_atm_euclidean,
615,c991fb7a-f5c2-5464-b968-538bf5c140df,2023-03-17,0.040797956,0,Mumbai,nearest_canonical_atm_euclidean,
616,23f00f1f-a233-5e89-8069-27d2584ad221,2023-10-20,0.04060899,0,Hyderabad,nearest_canonical_atm_euclidean,
617,3b1e5d03-563a-5430-87b7-e281fa8f8af4,2023-10-20,0.040556412,0,Mumbai,nearest_canonical_atm_euclidean,
618,8279eaa3-c5e0-5a20-9db9-075ee86efeb4,2023-06-23,0.040543076,0,Kolkata,nearest_canonical_atm_euclidean,
619,800f26bb-ab13-53a8-8329-4e07a6b7cf1d,2023-06-09,0.04052388,0,Mumbai,nearest_canonical_atm_euclidean,
620,3b1e5d03-563a-5430-87b7-e281fa8f8af4,2023-12-01,0.04049824,0,Mumbai,nearest_canonical_atm_euclidean,
621,863a1f8a-9358-5d83-a37a-ef1b3af72061,2023-03-17,0.040377446,0,New Delhi,nearest_canonical_atm_euclidean,
622,fbbc3df5-4722-57b4-9788-6244a82eaa45,2023-11-17,0.040368874,0,Chennai,nearest_canonical_atm_euclidean,
623,eade7219-66ba-5894-8964-9eff10228818,2023-03-17,0.04024377,0,Jaipur,nearest_canonical_atm_euclidean,
624,ba44c170-601e-501e-a74f-77b6e98cae26,2023-08-18,0.040140145,0,Hyderabad,nearest_canonical_atm_euclidean,
625,f801c521-91da-5b20-88bb-185c236cf141,2023-01-27,0.0399926,0,Jaipur,nearest_canonical_atm_euclidean,
626,eade7219-66ba-5894-8964-9eff10228818,2023-11-03,0.03997935,0,Jaipur,nearest_canonical_atm_euclidean,
627,d5f219b1-03da-5f87-a5da-607ea7af6899,2023-07-14,0.039802,0,Bengaluru,nearest_canonical_atm_euclidean,
628,ba44c170-601e-501e-a74f-77b6e98cae26,2023-09-29,0.039397698,0,Hyderabad,nearest_canonical_atm_euclidean,
629,23f00f1f-a233-5e89-8069-27d2584ad221,2023-06-02,0.039374024,0,Hyderabad,nearest_canonical_atm_euclidean,
630,41adf9c7-e4f5-56f8-a964-fecf7428833b,2023-09-15,0.039362546,0,Jaipur,nearest_canonical_atm_euclidean,
631,4407e36e-71bc-5526-9a73-9f76e801cc45,2023-07-21,0.03904503,0,Kolkata,nearest_canonical_atm_euclidean,
632,6a5e8429-628a-5a7d-b3da-577e42cb4cd4,2023-11-03,0.03902224,0,Bengaluru,nearest_canonical_atm_euclidean,
633,38ef268a-dcd0-56f8-8c8f-954520b5c33b,2023-05-12,0.039021354,0,Ahmedabad,nearest_canonical_atm_euclidean,
634,9f8333ec-0af9-502c-8e87-21bd0e5ef301,2023-10-06,0.03900532,0,Kolkata,nearest_canonical_atm_euclidean,
635,800f26bb-ab13-53a8-8329-4e07a6b7cf1d,2023-06-23,0.038965043,0,Mumbai,nearest_canonical_atm_euclidean,
636,ae9a45fc-c291-5efa-a2ad-8e3d969953d5,2023-05-19,0.038959697,0,New Delhi,nearest_canonical_atm_euclidean,
637,bbdf6837-aab5-5b4e-839e-9ee61eaea352,2023-08-25,0.038881313,0,Mumbai,nearest_canonical_atm_euclidean,
638,b3dc96a5-31cc-51a8-a4bc-4d47da6df377,2023-03-31,0.03887749,0,New Delhi,nearest_canonical_atm_euclidean,
639,800f26bb-ab13-53a8-8329-4e07a6b7cf1d,2023-03-03,0.038829923,0,Mumbai,nearest_canonical_atm_euclidean,
640,a5676c6d-3d3e-517c-81a9-86b85c039df1,2023-05-26,0.03874154,0,Ahmedabad,nearest_canonical_atm_euclidean,
641,6e2eb94c-abea-566d-881f-33304c81d95b,2023-06-02,0.038719296,0,Hyderabad,nearest_canonical_atm_euclidean,
642,4cc4f0b0-6522-5752-8674-65bde1e7ee07,2023-01-13,0.038701896,0,Hyderabad,nearest_canonical_atm_euclidean,
643,1ca42a9a-50ec-5a1d-99e3-81bf7c579716,2023-09-15,0.038626634,0,New Delhi,nearest_canonical_atm_euclidean,
644,41174545-6f86-5ccc-94c0-7054225d58ad,2023-02-24,0.038505815,0,Chennai,nearest_canonical_atm_euclidean,
645,23f00f1f-a233-5e89-8069-27d2584ad221,2023-05-26,0.038402513,0,Hyderabad,nearest_canonical_atm_euclidean,
646,b2e6f33c-17a1-547b-a103-0541efcaee5d,2023-02-24,0.038377915,0,Ahmedabad,nearest_canonical_atm_euclidean,
647,b3dc96a5-31cc-51a8-a4bc-4d47da6df377,2023-06-30,0.038027693,0,New Delhi,nearest_canonical_atm_euclidean,
648,83a48d15-e769-5c36-ba85-663466038d79,2023-10-27,0.03801395,0,Kolkata,nearest_canonical_atm_euclidean,
649,3b1e5d03-563a-5430-87b7-e281fa8f8af4,2023-11-03,0.037794676,0,Mumbai,nearest_canonical_atm_euclidean,
650,8279eaa3-c5e0-5a20-9db9-075ee86efeb4,2023-08-11,0.037667766,0,Kolkata,nearest_canonical_atm_euclidean,
651,f1f8d2d0-6ea3-5875-acce-a83a08547247,2023-05-12,0.037602603,0,New Delhi,nearest_canonical_atm_euclidean,
652,ae9a45fc-c291-5efa-a2ad-8e3d969953d5,2023-02-03,0.037564848,0,New Delhi,nearest_canonical_atm_euclidean,
653,800f26bb-ab13-53a8-8329-4e07a6b7cf1d,2023-12-15,0.037492827,0,Mumbai,nearest_canonical_atm_euclidean,
654,47b40f44-e493-5f2d-b12c-8a7eb6ccd6f4,2023-03-17,0.03742838,0,Jaipur,nearest_canonical_atm_euclidean,
655,6a5e8429-628a-5a7d-b3da-577e42cb4cd4,2023-09-08,0.03736714,0,Bengaluru,nearest_canonical_atm_euclidean,
656,08c99329-0e59-5327-8796-9fef243ca011,2023-12-15,0.037360776,0,Bengaluru,nearest_canonical_atm_euclidean,
657,47b40f44-e493-5f2d-b12c-8a7eb6ccd6f4,2023-03-24,0.037168622,0,Jaipur,nearest_canonical_atm_euclidean,
658,9e342a67-6e23-50e0-affc-c624e2da2f70,2023-03-03,0.037154146,0,Mumbai,nearest_canonical_atm_euclidean,
659,f3b246fb-34cb-5d78-af2d-6a294c2857ba,2023-06-23,0.037136547,0,Kolkata,nearest_canonical_atm_euclidean,
660,1af29445-7edb-54fb-a987-f6ba18f4dcc3,2023-06-09,0.037118133,0,Bengaluru,nearest_canonical_atm_euclidean,
661,ae9a45fc-c291-5efa-a2ad-8e3d969953d5,2023-04-07,0.0370891,0,New Delhi,nearest_canonical_atm_euclidean,
662,81a02119-b06c-5fc0-b634-9f212b95825a,2023-03-24,0.037053946,0,Hyderabad,nearest_canonical_atm_euclidean,
663,41adf9c7-e4f5-56f8-a964-fecf7428833b,2023-10-13,0.037029132,0,Jaipur,nearest_canonical_atm_euclidean,
664,08c99329-0e59-5327-8796-9fef243ca011,2023-05-05,0.036931686,0,Bengaluru,nearest_canonical_atm_euclidean,
665,d89b2703-b172-5529-922c-4af9eb48d45f,2023-01-13,0.036916133,0,New Delhi,nearest_canonical_atm_euclidean,
666,b7c4c3b5-15ff-512b-bc9b-d52f3797f893,2023-07-28,0.036886547,0,Chennai,nearest_canonical_atm_euclidean,
667,38ef268a-dcd0-56f8-8c8f-954520b5c33b,2023-09-15,0.036758836,0,Ahmedabad,nearest_canonical_atm_euclidean,
668,41174545-6f86-5ccc-94c0-7054225d58ad,2023-10-06,0.036665652,0,Chennai,nearest_canonical_atm_euclidean,
669,fbbc3df5-4722-57b4-9788-6244a82eaa45,2023-10-27,0.036664423,0,Chennai,nearest_canonical_atm_euclidean,
670,cf923010-1ea8-516f-8a40-b3db95dce888,2023-05-19,0.036590256,0,Chennai,nearest_canonical_atm_euclidean,
671,328c3398-026a-5b82-ad02-8598a7d943ba,2023-11-10,0.036242027,0,Bengaluru,nearest_canonical_atm_euclidean,
672,7142d25c-5954-53f9-ba18-f95055901780,2023-05-19,0.036221746,0,Bengaluru,nearest_canonical_atm_euclidean,
673,b3dc96a5-31cc-51a8-a4bc-4d47da6df377,2023-08-18,0.03619067,0,New Delhi,nearest_canonical_atm_euclidean,
674,5cbba4d0-3c52-5f68-9295-d2058d5ea946,2023-09-01,0.036035974,0,Mumbai,nearest_canonical_atm_euclidean,
675,ba44c170-601e-501e-a74f-77b6e98cae26,2023-06-02,0.035954848,0,Hyderabad,nearest_canonical_atm_euclidean,
676,d5f219b1-03da-5f87-a5da-607ea7af6899,2023-06-02,0.03595056,0,Bengaluru,nearest_canonical_atm_euclidean,
677,642f4235-82f6-5143-8ea5-5048e8f0d80a,2023-09-08,0.03592469,0,Hyderabad,nearest_canonical_atm_euclidean,
678,ce707439-e5cd-56de-8ce2-b3a7f8a910c5,2023-03-24,0.035919666,0,Hyderabad,nearest_canonical_atm_euclidean,
679,59fb71b7-27d2-56ae-87ab-548765379b67,2023-03-24,0.035919014,0,Bengaluru,nearest_canonical_atm_euclidean,
680,3b1e5d03-563a-5430-87b7-e281fa8f8af4,2023-05-19,0.035849202,0,Mumbai,nearest_canonical_atm_euclidean,
681,2ec2dfb2-1938-5797-bf2d-736d604948cb,2023-05-19,0.035812583,0,Mumbai,nearest_canonical_atm_euclidean,
682,14e22c3d-5500-5971-b937-f612a3b05543,2023-02-03,0.03580639,0,Chennai,nearest_canonical_atm_euclidean,
683,ce707439-e5cd-56de-8ce2-b3a7f8a910c5,2023-05-12,0.035793107,0,Hyderabad,nearest_canonical_atm_euclidean,
684,1af29445-7edb-54fb-a987-f6ba18f4dcc3,2023-08-11,0.03577927,0,Bengaluru,nearest_canonical_atm_euclidean,
685,3aa4e1f6-58c6-5cbb-a302-28689bbca879,2023-01-13,0.035777505,0,Bengaluru,nearest_canonical_atm_euclidean,
686,7af28f6a-7ed8-5ba7-97f0-f49875cbb077,2023-10-06,0.035697576,0,Mumbai,nearest_canonical_atm_euclidean,
687,c4d45e66-af66-5d62-9ec1-a719ee0110b8,2023-06-16,0.035663646,0,Bengaluru,nearest_canonical_atm_euclidean,
688,6a5e8429-628a-5a7d-b3da-577e42cb4cd4,2023-06-23,0.03562821,0,Bengaluru,nearest_canonical_atm_euclidean,
689,800f26bb-ab13-53a8-8329-4e07a6b7cf1d,2023-03-31,0.035550296,0,Mumbai,nearest_canonical_atm_euclidean,
690,ba44c170-601e-501e-a74f-77b6e98cae26,2023-11-03,0.035491448,0,Hyderabad,nearest_canonical_atm_euclidean,
691,a2bdeeac-87ea-5acb-a121-647dd81616e4,2023-12-08,0.03535372,0,Bengaluru,nearest_canonical_atm_euclidean,
692,1ca42a9a-50ec-5a1d-99e3-81bf7c579716,2023-02-17,0.035309937,0,New Delhi,nearest_canonical_atm_euclidean,
693,0949a9d8-1c2f-5d53-bc48-6050d92fe35b,2023-09-08,0.03530469,0,Bengaluru,nearest_canonical_atm_euclidean,
694,81a02119-b06c-5fc0-b634-9f212b95825a,2023-06-02,0.03526611,0,Hyderabad,nearest_canonical_atm_euclidean,
695,c4d45e66-af66-5d62-9ec1-a719ee0110b8,2023-09-01,0.035244513,0,Bengaluru,nearest_canonical_atm_euclidean,
696,e3c72b40-457d-5627-b578-4da7a09c1fc1,2023-08-04,0.0352247,0,New Delhi,nearest_canonical_atm_euclidean,
697,d96fb612-761a-52d1-8bfd-a2368e7f9fd3,2023-06-09,0.035073217,0,Jaipur,nearest_canonical_atm_euclidean,
698,8279eaa3-c5e0-5a20-9db9-075ee86efeb4,2023-11-17,0.03503403,0,Kolkata,nearest_canonical_atm_euclidean,
699,23f00f1f-a233-5e89-8069-27d2584ad221,2023-10-06,0.03502229,0,Hyderabad,nearest_canonical_atm_euclidean,
700,ce707439-e5cd-56de-8ce2-b3a7f8a910c5,2023-10-27,0.03473773,0,Hyderabad,nearest_canonical_atm_euclidean,
701,f41c7ddd-7008-5aeb-99eb-f05a1845a016,2023-08-11,0.034720615,0,Bengaluru,nearest_canonical_atm_euclidean,
702,800f26bb-ab13-53a8-8329-4e07a6b7cf1d,2023-01-13,0.034710046,0,Mumbai,nearest_canonical_atm_euclidean,
703,14e22c3d-5500-5971-b937-f612a3b05543,2023-07-14,0.034676578,0,Chennai,nearest_canonical_atm_euclidean,
704,964994af-c467-5422-8727-4914e98a9b1b,2023-07-21,0.03460112,0,Hyderabad,nearest_canonical_atm_euclidean,
705,9e342a67-6e23-50e0-affc-c624e2da2f70,2023-01-06,0.034591876,0,Mumbai,nearest_canonical_atm_euclidean,
706,37d50aaa-0ca6-52fd-ba0f-a0c734b03d34,2023-09-01,0.03457773,0,Mumbai,nearest_canonical_atm_euclidean,
707,fceef9b3-9818-5d9c-9786-aa1ba0a869e2,2023-11-03,0.034510087,0,Mumbai,nearest_canonical_atm_euclidean,
708,37d50aaa-0ca6-52fd-ba0f-a0c734b03d34,2023-08-11,0.03450216,0,Mumbai,nearest_canonical_atm_euclidean,
709,bbdf6837-aab5-5b4e-839e-9ee61eaea352,2023-11-10,0.034483954,0,Mumbai,nearest_canonical_atm_euclidean,
710,3aa4e1f6-58c6-5cbb-a302-28689bbca879,2023-03-03,0.03440645,0,Bengaluru,nearest_canonical_atm_euclidean,
711,6ded4d28-8bc2-5507-85db-b9ec23a0756c,2023-09-08,0.034405343,0,Mumbai,nearest_canonical_atm_euclidean,
712,328c3398-026a-5b82-ad02-8598a7d943ba,2023-08-11,0.03431833,0,Bengaluru,nearest_canonical_atm_euclidean,
713,14e22c3d-5500-5971-b937-f612a3b05543,2023-12-08,0.034247678,0,Chennai,nearest_canonical_atm_euclidean,
714,1ceabaf4-936c-5e09-9db4-955f82fbe69e,2023-09-01,0.03405581,0,Bengaluru,nearest_canonical_atm_euclidean,
715,9d88e52f-9303-5776-9acc-390b8ece126d,2023-01-06,0.033982493,0,Chennai,nearest_canonical_atm_euclidean,
716,1ca42a9a-50ec-5a1d-99e3-81bf7c579716,2023-02-10,0.03398065,0,New Delhi,nearest_canonical_atm_euclidean,
717,f801c521-91da-5b20-88bb-185c236cf141,2023-02-24,0.033929598,0,Jaipur,nearest_canonical_atm_euclidean,
718,7c8fbbb0-7633-546c-b927-1accdba2044a,2023-10-06,0.03385999,0,Chennai,nearest_canonical_atm_euclidean,
719,7c8fbbb0-7633-546c-b927-1accdba2044a,2023-03-03,0.033538457,0,Chennai,nearest_canonical_atm_euclidean,
720,6e2eb94c-abea-566d-881f-33304c81d95b,2023-05-19,0.033466335,0,Hyderabad,nearest_canonical_atm_euclidean,
721,bbdf6837-aab5-5b4e-839e-9ee61eaea352,2023-09-29,0.033185408,0,Mumbai,nearest_canonical_atm_euclidean,
722,4cc4f0b0-6522-5752-8674-65bde1e7ee07,2023-12-15,0.033169072,0,Hyderabad,nearest_canonical_atm_euclidean,
723,9e342a67-6e23-50e0-affc-c624e2da2f70,2023-02-10,0.033162754,0,Mumbai,nearest_canonical_atm_euclidean,
724,c991fb7a-f5c2-5464-b968-538bf5c140df,2023-12-08,0.033100095,0,Mumbai,nearest_canonical_atm_euclidean,
725,2ec2dfb2-1938-5797-bf2d-736d604948cb,2023-12-15,0.03297756,0,Mumbai,nearest_canonical_atm_euclidean,
726,7c8a9fea-1f01-5794-b1f8-1f33bc77651b,2023-12-08,0.03292336,0,New Delhi,nearest_canonical_atm_euclidean,
727,c45eaf1f-d739-587d-8090-276bc5a6a01e,2023-09-08,0.03276912,0,New Delhi,nearest_canonical_atm_euclidean,
728,47b40f44-e493-5f2d-b12c-8a7eb6ccd6f4,2023-01-13,0.032768697,0,Jaipur,nearest_canonical_atm_euclidean,
729,800f26bb-ab13-53a8-8329-4e07a6b7cf1d,2023-04-28,0.032762326,0,Mumbai,nearest_canonical_atm_euclidean,
730,1ceabaf4-936c-5e09-9db4-955f82fbe69e,2023-06-23,0.032722753,0,Bengaluru,nearest_canonical_atm_euclidean,
731,b2e6f33c-17a1-547b-a103-0541efcaee5d,2023-06-23,0.032679986,0,Ahmedabad,nearest_canonical_atm_euclidean,
732,3aa4e1f6-58c6-5cbb-a302-28689bbca879,2023-07-07,0.03258303,0,Bengaluru,nearest_canonical_atm_euclidean,
733,c991fb7a-f5c2-5464-b968-538bf5c140df,2023-03-24,0.03243351,0,Mumbai,nearest_canonical_atm_euclidean,
734,1ceabaf4-936c-5e09-9db4-955f82fbe69e,2023-11-24,0.032428723,0,Bengaluru,nearest_canonical_atm_euclidean,
735,051674e2-a8c4-5111-bf54-2c937a9c722a,2023-11-17,0.032398306,0,New Delhi,nearest_canonical_atm_euclidean,
736,cf923010-1ea8-516f-8a40-b3db95dce888,2023-02-17,0.032380626,0,Chennai,nearest_canonical_atm_euclidean,
737,5cbba4d0-3c52-5f68-9295-d2058d5ea946,2023-11-17,0.032345746,0,Mumbai,nearest_canonical_atm_euclidean,
738,f41c7ddd-7008-5aeb-99eb-f05a1845a016,2023-04-21,0.032317147,0,Bengaluru,nearest_canonical_atm_euclidean,
739,c991fb7a-f5c2-5464-b968-538bf5c140df,2023-11-24,0.032306977,0,Mumbai,nearest_canonical_atm_euclidean,
740,7c8a9fea-1f01-5794-b1f8-1f33bc77651b,2023-09-29,0.032236785,0,New Delhi,nearest_canonical_atm_euclidean,
741,ae9a45fc-c291-5efa-a2ad-8e3d969953d5,2023-01-27,0.032136045,0,New Delhi,nearest_canonical_atm_euclidean,
742,65a9af02-f38e-5bc1-a908-6a3a653df0fc,2023-06-09,0.03212793,0,Ahmedabad,nearest_canonical_atm_euclidean,
743,f69a2a75-085f-5b60-b0c2-9aebccd78b03,2023-07-07,0.032124907,0,Hyderabad,nearest_canonical_atm_euclidean,
744,b3dc96a5-31cc-51a8-a4bc-4d47da6df377,2023-02-24,0.032091513,0,New Delhi,nearest_canonical_atm_euclidean,
745,a5676c6d-3d3e-517c-81a9-86b85c039df1,2023-05-12,0.032060698,0,Ahmedabad,nearest_canonical_atm_euclidean,
746,9d88e52f-9303-5776-9acc-390b8ece126d,2023-07-28,0.032044176,0,Chennai,nearest_canonical_atm_euclidean,
747,a5676c6d-3d3e-517c-81a9-86b85c039df1,2023-12-01,0.032008357,0,Ahmedabad,nearest_canonical_atm_euclidean,
748,9f8333ec-0af9-502c-8e87-21bd0e5ef301,2023-08-18,0.031988263,0,Kolkata,nearest_canonical_atm_euclidean,
749,7bb876b7-d98c-59b9-bfe7-5d6d8706898d,2023-07-14,0.031958707,0,New Delhi,nearest_canonical_atm_euclidean,
750,051674e2-a8c4-5111-bf54-2c937a9c722a,2023-05-19,0.031905506,0,New Delhi,nearest_canonical_atm_euclidean,
751,f41c7ddd-7008-5aeb-99eb-f05a1845a016,2023-03-31,0.031866718,0,Bengaluru,nearest_canonical_atm_euclidean,
752,b3dc96a5-31cc-51a8-a4bc-4d47da6df377,2023-08-11,0.031805333,0,New Delhi,nearest_canonical_atm_euclidean,
753,47b40f44-e493-5f2d-b12c-8a7eb6ccd6f4,2023-11-17,0.03179013,0,Jaipur,nearest_canonical_atm_euclidean,
754,6e2eb94c-abea-566d-881f-33304c81d95b,2023-02-24,0.03175603,0,Hyderabad,nearest_canonical_atm_euclidean,
755,14e22c3d-5500-5971-b937-f612a3b05543,2023-03-24,0.03173569,0,Chennai,nearest_canonical_atm_euclidean,
756,c45eaf1f-d739-587d-8090-276bc5a6a01e,2023-07-07,0.031689867,0,New Delhi,nearest_canonical_atm_euclidean,
757,1ca42a9a-50ec-5a1d-99e3-81bf7c579716,2023-06-30,0.031655017,0,New Delhi,nearest_canonical_atm_euclidean,
758,7aee3f20-61f3-58df-bbd1-af7d2ad4f502,2023-02-17,0.03152732,0,Mumbai,nearest_canonical_atm_euclidean,
759,f801c521-91da-5b20-88bb-185c236cf141,2023-06-02,0.031506676,0,Jaipur,nearest_canonical_atm_euclidean,
760,3b1e5d03-563a-5430-87b7-e281fa8f8af4,2023-07-21,0.031503227,0,Mumbai,nearest_canonical_atm_euclidean,
761,b7c4c3b5-15ff-512b-bc9b-d52f3797f893,2023-03-24,0.031348914,0,Chennai,nearest_canonical_atm_euclidean,
762,f9c8bdaf-f2d5-519b-81d4-759a53bf1015,2023-05-12,0.0313232,0,Chennai,nearest_canonical_atm_euclidean,
763,59fb71b7-27d2-56ae-87ab-548765379b67,2023-05-05,0.031242656,0,Bengaluru,nearest_canonical_atm_euclidean,
764,d89b2703-b172-5529-922c-4af9eb48d45f,2023-03-03,0.031189496,0,New Delhi,nearest_canonical_atm_euclidean,
765,eade7219-66ba-5894-8964-9eff10228818,2023-09-08,0.031091455,0,Jaipur,nearest_canonical_atm_euclidean,
766,a2bdeeac-87ea-5acb-a121-647dd81616e4,2023-12-01,0.031079859,0,Bengaluru,nearest_canonical_atm_euclidean,
767,e3c72b40-457d-5627-b578-4da7a09c1fc1,2023-06-30,0.031044899,0,New Delhi,nearest_canonical_atm_euclidean,
768,8279eaa3-c5e0-5a20-9db9-075ee86efeb4,2023-10-27,0.031029075,0,Kolkata,nearest_canonical_atm_euclidean,
769,a2bdeeac-87ea-5acb-a121-647dd81616e4,2023-07-28,0.030954463,0,Bengaluru,nearest_canonical_atm_euclidean,
770,863a1f8a-9358-5d83-a37a-ef1b3af72061,2023-07-07,0.030938389,0,New Delhi,nearest_canonical_atm_euclidean,
771,6e2eb94c-abea-566d-881f-33304c81d95b,2023-02-10,0.030796384,0,Hyderabad,nearest_canonical_atm_euclidean,
772,83a48d15-e769-5c36-ba85-663466038d79,2023-06-30,0.030762212,0,Kolkata,nearest_canonical_atm_euclidean,
773,59684263-0e01-5fc5-9de6-966d650e19e5,2023-01-27,0.030639468,0,Mumbai,nearest_canonical_atm_euclidean,
774,d69d9b0a-1678-5866-b094-3f5f19c0c205,2023-10-06,0.030608509,0,Ahmedabad,nearest_canonical_atm_euclidean,
775,863a1f8a-9358-5d83-a37a-ef1b3af72061,2023-08-18,0.030507399,0,New Delhi,nearest_canonical_atm_euclidean,
776,94effd11-8fd8-50af-8f4c-b5a629d11375,2023-03-17,0.03049403,0,Jaipur,nearest_canonical_atm_euclidean,
777,1af29445-7edb-54fb-a987-f6ba18f4dcc3,2023-06-16,0.030424464,0,Bengaluru,nearest_canonical_atm_euclidean,
778,bbdf6837-aab5-5b4e-839e-9ee61eaea352,2023-02-03,0.030388085,0,Mumbai,nearest_canonical_atm_euclidean,
779,6a5e8429-628a-5a7d-b3da-577e42cb4cd4,2023-03-10,0.030371273,0,Bengaluru,nearest_canonical_atm_euclidean,
780,65a9af02-f38e-5bc1-a908-6a3a653df0fc,2023-03-17,0.030353345,0,Ahmedabad,nearest_canonical_atm_euclidean,
781,a2bdeeac-87ea-5acb-a121-647dd81616e4,2023-05-19,0.030282002,0,Bengaluru,nearest_canonical_atm_euclidean,
782,2ec2dfb2-1938-5797-bf2d-736d604948cb,2023-02-03,0.030270373,0,Mumbai,nearest_canonical_atm_euclidean,
783,8df3fb3f-36b9-5e62-b1aa-54e0ed960822,2023-03-24,0.030204795,0,Mumbai,nearest_canonical_atm_euclidean,
784,f41c7ddd-7008-5aeb-99eb-f05a1845a016,2023-05-12,0.0302016,0,Bengaluru,nearest_canonical_atm_euclidean,
785,81a02119-b06c-5fc0-b634-9f212b95825a,2023-02-17,0.030175002,0,Hyderabad,nearest_canonical_atm_euclidean,
786,f1f8d2d0-6ea3-5875-acce-a83a08547247,2023-11-24,0.03014299,0,New Delhi,nearest_canonical_atm_euclidean,
787,051674e2-a8c4-5111-bf54-2c937a9c722a,2023-02-24,0.030098064,0,New Delhi,nearest_canonical_atm_euclidean,
788,d05fbe4b-fcba-52a3-9d29-e0fce9ccdbd9,2023-09-29,0.030091524,0,New Delhi,nearest_canonical_atm_euclidean,
789,34ff42c5-aa0c-58b5-b153-3aa920bff5c7,2023-06-16,0.029891165,0,Chennai,nearest_canonical_atm_euclidean,
790,800f26bb-ab13-53a8-8329-4e07a6b7cf1d,2023-10-06,0.029824087,0,Mumbai,nearest_canonical_atm_euclidean,
791,1ca42a9a-50ec-5a1d-99e3-81bf7c579716,2023-08-04,0.029805461,0,New Delhi,nearest_canonical_atm_euclidean,
792,eade7219-66ba-5894-8964-9eff10228818,2023-09-01,0.029717434,0,Jaipur,nearest_canonical_atm_euclidean,
793,9ec9c0ef-9209-5a42-84e8-2013032e9b9e,2023-01-06,0.02969958,0,Chennai,nearest_canonical_atm_euclidean,
794,c991fb7a-f5c2-5464-b968-538bf5c140df,2023-08-11,0.029693108,0,Mumbai,nearest_canonical_atm_euclidean,
795,67107270-efc6-529d-8ace-22395900dddc,2023-11-17,0.029690929,0,Ahmedabad,nearest_canonical_atm_euclidean,
796,bbdf6837-aab5-5b4e-839e-9ee61eaea352,2023-03-17,0.029680477,0,Mumbai,nearest_canonical_atm_euclidean,
797,182ddc72-62c6-5f3b-b7ae-935c5b5e605b,2023-11-03,0.02966593,0,Jaipur,nearest_canonical_atm_euclidean,
798,9e342a67-6e23-50e0-affc-c624e2da2f70,2023-12-01,0.029625082,0,Mumbai,nearest_canonical_atm_euclidean,
799,7af28f6a-7ed8-5ba7-97f0-f49875cbb077,2023-11-17,0.029558448,0,Mumbai,nearest_canonical_atm_euclidean,
800,d05fbe4b-fcba-52a3-9d29-e0fce9ccdbd9,2023-02-10,0.029492358,0,New Delhi,nearest_canonical_atm_euclidean,
801,6a5e8429-628a-5a7d-b3da-577e42cb4cd4,2023-06-02,0.02948483,0,Bengaluru,nearest_canonical_atm_euclidean,
802,fceef9b3-9818-5d9c-9786-aa1ba0a869e2,2023-02-17,0.029435394,0,Mumbai,nearest_canonical_atm_euclidean,
803,d96fb612-761a-52d1-8bfd-a2368e7f9fd3,2023-12-15,0.02937971,0,Jaipur,nearest_canonical_atm_euclidean,
804,1b131b05-4df1-5564-b4fd-6cb5e09cfdd5,2023-05-26,0.029349463,0,Kolkata,nearest_canonical_atm_euclidean,
805,0949a9d8-1c2f-5d53-bc48-6050d92fe35b,2023-03-17,0.029347587,0,Bengaluru,nearest_canonical_atm_euclidean,
806,c991fb7a-f5c2-5464-b968-538bf5c140df,2023-07-21,0.029344212,0,Mumbai,nearest_canonical_atm_euclidean,
807,ea588019-c786-57ab-8c8d-be7ada3e3273,2023-06-16,0.029325029,0,Hyderabad,nearest_canonical_atm_euclidean,
808,41adf9c7-e4f5-56f8-a964-fecf7428833b,2023-12-15,0.02930702,0,Jaipur,nearest_canonical_atm_euclidean,
809,3aa4e1f6-58c6-5cbb-a302-28689bbca879,2023-06-30,0.029305834,0,Bengaluru,nearest_canonical_atm_euclidean,
810,fceef9b3-9818-5d9c-9786-aa1ba0a869e2,2023-05-26,0.029294902,0,Mumbai,nearest_canonical_atm_euclidean,
811,81a02119-b06c-5fc0-b634-9f212b95825a,2023-11-03,0.029220628,0,Hyderabad,nearest_canonical_atm_euclidean,
812,ba44c170-601e-501e-a74f-77b6e98cae26,2023-03-24,0.029211044,0,Hyderabad,nearest_canonical_atm_euclidean,
813,1ceabaf4-936c-5e09-9db4-955f82fbe69e,2023-10-20,0.029192025,0,Bengaluru,nearest_canonical_atm_euclidean,
814,b7c4c3b5-15ff-512b-bc9b-d52f3797f893,2023-12-15,0.029142855,0,Chennai,nearest_canonical_atm_euclidean,
815,34ff42c5-aa0c-58b5-b153-3aa920bff5c7,2023-02-24,0.029110529,0,Chennai,nearest_canonical_atm_euclidean,
816,90bcf56f-15e8-5317-aff9-2bb508a1d03a,2023-09-15,0.029070776,0,Chennai,nearest_canonical_atm_euclidean,
817,46d959a8-3a7a-51b4-a5d0-e6489f19d5ab,2023-05-05,0.029052006,0,Ahmedabad,nearest_canonical_atm_euclidean,
818,afecdedf-a580-5453-aee1-cce5a1fc6571,2023-04-07,0.02902073,0,Ahmedabad,nearest_canonical_atm_euclidean,
819,7c8a9fea-1f01-5794-b1f8-1f33bc77651b,2023-06-16,0.029015023,0,New Delhi,nearest_canonical_atm_euclidean,
820,ae9a45fc-c291-5efa-a2ad-8e3d969953d5,2023-07-14,0.02898679,0,New Delhi,nearest_canonical_atm_euclidean,
821,1ceabaf4-936c-5e09-9db4-955f82fbe69e,2023-03-10,0.02898285,0,Bengaluru,nearest_canonical_atm_euclidean,
822,de2d188a-a433-5f4b-869a-2ffe30dfc6ab,2023-01-13,0.028965471,0,Ahmedabad,nearest_canonical_atm_euclidean,
823,ba44c170-601e-501e-a74f-77b6e98cae26,2023-03-03,0.0289541,0,Hyderabad,nearest_canonical_atm_euclidean,
824,fceef9b3-9818-5d9c-9786-aa1ba0a869e2,2023-11-24,0.028917622,0,Mumbai,nearest_canonical_atm_euclidean,
825,d89b2703-b172-5529-922c-4af9eb48d45f,2023-04-28,0.028908426,0,New Delhi,nearest_canonical_atm_euclidean,
826,4e782d22-24b2-5334-ad26-772dec5c36d3,2022-12-30,0.028872317,0,Jaipur,nearest_canonical_atm_euclidean,
827,800f26bb-ab13-53a8-8329-4e07a6b7cf1d,2023-01-20,0.02886872,0,Mumbai,nearest_canonical_atm_euclidean,
828,0949a9d8-1c2f-5d53-bc48-6050d92fe35b,2023-10-13,0.028848449,0,Bengaluru,nearest_canonical_atm_euclidean,
829,d96fb612-761a-52d1-8bfd-a2368e7f9fd3,2023-12-08,0.028778387,0,Jaipur,nearest_canonical_atm_euclidean,
830,863a1f8a-9358-5d83-a37a-ef1b3af72061,2023-06-16,0.028774116,0,New Delhi,nearest_canonical_atm_euclidean,
831,83a48d15-e769-5c36-ba85-663466038d79,2023-03-03,0.028772857,0,Kolkata,nearest_canonical_atm_euclidean,
832,7c8a9fea-1f01-5794-b1f8-1f33bc77651b,2023-05-19,0.028682532,0,New Delhi,nearest_canonical_atm_euclidean,
833,37d50aaa-0ca6-52fd-ba0f-a0c734b03d34,2023-04-21,0.02859755,0,Mumbai,nearest_canonical_atm_euclidean,
834,7bb876b7-d98c-59b9-bfe7-5d6d8706898d,2022-12-30,0.028563773,0,New Delhi,nearest_canonical_atm_euclidean,
835,c1ef55eb-7ba3-5dca-9329-fa76b3327004,2023-01-13,0.02847033,0,Chennai,nearest_canonical_atm_euclidean,
836,b3dc96a5-31cc-51a8-a4bc-4d47da6df377,2023-08-25,0.028451668,0,New Delhi,nearest_canonical_atm_euclidean,
837,4e782d22-24b2-5334-ad26-772dec5c36d3,2023-08-11,0.028379092,0,Jaipur,nearest_canonical_atm_euclidean,
838,8d9781e0-0f19-5e72-9add-8fe3b028bb83,2023-07-07,0.028378392,0,Hyderabad,nearest_canonical_atm_euclidean,
839,38ef268a-dcd0-56f8-8c8f-954520b5c33b,2023-03-03,0.028337637,0,Ahmedabad,nearest_canonical_atm_euclidean,
840,9f8333ec-0af9-502c-8e87-21bd0e5ef301,2023-02-03,0.028153295,0,Kolkata,nearest_canonical_atm_euclidean,
841,8df3fb3f-36b9-5e62-b1aa-54e0ed960822,2023-04-14,0.02813904,0,Mumbai,nearest_canonical_atm_euclidean,
842,800f26bb-ab13-53a8-8329-4e07a6b7cf1d,2023-05-19,0.0280786,0,Mumbai,nearest_canonical_atm_euclidean,
843,863a1f8a-9358-5d83-a37a-ef1b3af72061,2023-12-15,0.028074514,0,New Delhi,nearest_canonical_atm_euclidean,
844,c991fb7a-f5c2-5464-b968-538bf5c140df,2023-06-09,0.027976232,0,Mumbai,nearest_canonical_atm_euclidean,
845,41adf9c7-e4f5-56f8-a964-fecf7428833b,2022-12-30,0.027960535,0,Jaipur,nearest_canonical_atm_euclidean,
846,59684263-0e01-5fc5-9de6-966d650e19e5,2023-06-16,0.027954808,0,Mumbai,nearest_canonical_atm_euclidean,
847,8279eaa3-c5e0-5a20-9db9-075ee86efeb4,2023-06-16,0.027947437,0,Kolkata,nearest_canonical_atm_euclidean,
848,8279eaa3-c5e0-5a20-9db9-075ee86efeb4,2023-09-15,0.027915055,0,Kolkata,nearest_canonical_atm_euclidean,
849,1ca42a9a-50ec-5a1d-99e3-81bf7c579716,2023-09-22,0.027798802,0,New Delhi,nearest_canonical_atm_euclidean,
850,38ef268a-dcd0-56f8-8c8f-954520b5c33b,2023-12-01,0.027766276,0,Ahmedabad,nearest_canonical_atm_euclidean,
851,869d900f-916d-59fb-a1c5-980ea46f3005,2023-03-24,0.027715882,0,Chennai,nearest_canonical_atm_euclidean,
852,1ceabaf4-936c-5e09-9db4-955f82fbe69e,2023-09-15,0.02769397,0,Bengaluru,nearest_canonical_atm_euclidean,
853,644ec086-7a2f-56c1-8890-a0cf1371bb8f,2023-08-18,0.027687903,0,Jaipur,nearest_canonical_atm_euclidean,
854,9e342a67-6e23-50e0-affc-c624e2da2f70,2023-10-06,0.027630804,0,Mumbai,nearest_canonical_atm_euclidean,
855,2e751f5b-ebe1-5162-b43d-482303a259e3,2023-12-15,0.027589476,0,Kolkata,nearest_canonical_atm_euclidean,
856,b73cca25-bce0-5c18-8339-4e08c62ff897,2023-09-15,0.027576784,0,Kolkata,nearest_canonical_atm_euclidean,
857,e789fbe5-81bc-554f-9309-2f60d40df893,2023-11-24,0.027576396,0,Kolkata,nearest_canonical_atm_euclidean,
858,8279eaa3-c5e0-5a20-9db9-075ee86efeb4,2023-06-30,0.027535811,0,Kolkata,nearest_canonical_atm_euclidean,
859,6a5e8429-628a-5a7d-b3da-577e42cb4cd4,2023-08-04,0.027441481,0,Bengaluru,nearest_canonical_atm_euclidean,
860,7af28f6a-7ed8-5ba7-97f0-f49875cbb077,2023-09-15,0.027432485,0,Mumbai,nearest_canonical_atm_euclidean,
861,6110b5e8-c838-5a36-af9e-ceec51e0c409,2023-02-24,0.027355034,0,New Delhi,nearest_canonical_atm_euclidean,
862,c991fb7a-f5c2-5464-b968-538bf5c140df,2023-09-08,0.027314462,0,Mumbai,nearest_canonical_atm_euclidean,
863,c991fb7a-f5c2-5464-b968-538bf5c140df,2023-08-25,0.02725029,0,Mumbai,nearest_canonical_atm_euclidean,
864,bbdf6837-aab5-5b4e-839e-9ee61eaea352,2023-10-20,0.02722958,0,Mumbai,nearest_canonical_atm_euclidean,
865,863a1f8a-9358-5d83-a37a-ef1b3af72061,2023-06-02,0.027155465,0,New Delhi,nearest_canonical_atm_euclidean,
866,ae9a45fc-c291-5efa-a2ad-8e3d969953d5,2023-05-26,0.027070168,0,New Delhi,nearest_canonical_atm_euclidean,
867,65a9af02-f38e-5bc1-a908-6a3a653df0fc,2022-12-30,0.026969574,0,Ahmedabad,nearest_canonical_atm_euclidean,
868,d96fb612-761a-52d1-8bfd-a2368e7f9fd3,2023-06-16,0.026918178,0,Jaipur,nearest_canonical_atm_euclidean,
869,91abf21e-5b5e-5823-b4f0-c5d40f77d717,2023-07-28,0.026873488,0,New Delhi,nearest_canonical_atm_euclidean,
870,7af28f6a-7ed8-5ba7-97f0-f49875cbb077,2023-09-01,0.026838832,0,Mumbai,nearest_canonical_atm_euclidean,
871,1ceabaf4-936c-5e09-9db4-955f82fbe69e,2023-01-06,0.026819814,0,Bengaluru,nearest_canonical_atm_euclidean,
872,6a5e8429-628a-5a7d-b3da-577e42cb4cd4,2023-01-13,0.026809542,0,Bengaluru,nearest_canonical_atm_euclidean,
873,fceef9b3-9818-5d9c-9786-aa1ba0a869e2,2023-10-06,0.026771575,0,Mumbai,nearest_canonical_atm_euclidean,
874,a2bdeeac-87ea-5acb-a121-647dd81616e4,2023-08-11,0.02670026,0,Bengaluru,nearest_canonical_atm_euclidean,
875,7bb876b7-d98c-59b9-bfe7-5d6d8706898d,2023-12-01,0.02668304,0,New Delhi,nearest_canonical_atm_euclidean,
876,ba44c170-601e-501e-a74f-77b6e98cae26,2023-01-20,0.026637746,0,Hyderabad,nearest_canonical_atm_euclidean,
877,863a1f8a-9358-5d83-a37a-ef1b3af72061,2023-10-20,0.026615879,0,New Delhi,nearest_canonical_atm_euclidean,
878,47b40f44-e493-5f2d-b12c-8a7eb6ccd6f4,2023-09-22,0.026465038,0,Jaipur,nearest_canonical_atm_euclidean,
879,6ded4d28-8bc2-5507-85db-b9ec23a0756c,2023-03-24,0.02643058,0,Mumbai,nearest_canonical_atm_euclidean,
880,051674e2-a8c4-5111-bf54-2c937a9c722a,2023-03-17,0.026405217,0,New Delhi,nearest_canonical_atm_euclidean,
881,6a5e8429-628a-5a7d-b3da-577e42cb4cd4,2023-07-28,0.026394319,0,Bengaluru,nearest_canonical_atm_euclidean,
882,7c8a9fea-1f01-5794-b1f8-1f33bc77651b,2023-03-17,0.026390081,0,New Delhi,nearest_canonical_atm_euclidean,
883,d5f219b1-03da-5f87-a5da-607ea7af6899,2023-08-04,0.026378809,0,Bengaluru,nearest_canonical_atm_euclidean,
884,7c8fbbb0-7633-546c-b927-1accdba2044a,2023-01-20,0.026378464,0,Chennai,nearest_canonical_atm_euclidean,
885,1ca42a9a-50ec-5a1d-99e3-81bf7c579716,2023-06-02,0.02636554,0,New Delhi,nearest_canonical_atm_euclidean,
886,f41c7ddd-7008-5aeb-99eb-f05a1845a016,2023-07-28,0.026319964,0,Bengaluru,nearest_canonical_atm_euclidean,
887,ce707439-e5cd-56de-8ce2-b3a7f8a910c5,2023-03-31,0.026208613,0,Hyderabad,nearest_canonical_atm_euclidean,
888,b7c4c3b5-15ff-512b-bc9b-d52f3797f893,2023-10-06,0.02608349,0,Chennai,nearest_canonical_atm_euclidean,
889,d5f219b1-03da-5f87-a5da-607ea7af6899,2023-09-22,0.02600416,0,Bengaluru,nearest_canonical_atm_euclidean,
890,83a48d15-e769-5c36-ba85-663466038d79,2023-01-20,0.025990086,0,Kolkata,nearest_canonical_atm_euclidean,
891,34ff42c5-aa0c-58b5-b153-3aa920bff5c7,2023-10-20,0.025980214,0,Chennai,nearest_canonical_atm_euclidean,
892,328c3398-026a-5b82-ad02-8598a7d943ba,2023-12-01,0.025954874,0,Bengaluru,nearest_canonical_atm_euclidean,
893,9e342a67-6e23-50e0-affc-c624e2da2f70,2023-03-10,0.025935443,0,Mumbai,nearest_canonical_atm_euclidean,
894,a2bdeeac-87ea-5acb-a121-647dd81616e4,2023-09-15,0.025926784,0,Bengaluru,nearest_canonical_atm_euclidean,
895,b2e6f33c-17a1-547b-a103-0541efcaee5d,2023-12-01,0.025920637,0,Ahmedabad,nearest_canonical_atm_euclidean,
896,e3c72b40-457d-5627-b578-4da7a09c1fc1,2022-12-30,0.025904957,0,New Delhi,nearest_canonical_atm_euclidean,
897,b7c4c3b5-15ff-512b-bc9b-d52f3797f893,2023-09-22,0.025903985,0,Chennai,nearest_canonical_atm_euclidean,
898,0949a9d8-1c2f-5d53-bc48-6050d92fe35b,2023-03-31,0.025831828,0,Bengaluru,nearest_canonical_atm_euclidean,
899,cf923010-1ea8-516f-8a40-b3db95dce888,2023-06-16,0.025825944,0,Chennai,nearest_canonical_atm_euclidean,
900,0949a9d8-1c2f-5d53-bc48-6050d92fe35b,2023-03-10,0.025795761,0,Bengaluru,nearest_canonical_atm_euclidean,
901,3b1e5d03-563a-5430-87b7-e281fa8f8af4,2023-10-06,0.025766926,0,Mumbai,nearest_canonical_atm_euclidean,
902,14e22c3d-5500-5971-b937-f612a3b05543,2023-06-16,0.025719808,0,Chennai,nearest_canonical_atm_euclidean,
903,d89b2703-b172-5529-922c-4af9eb48d45f,2023-04-07,0.025682313,0,New Delhi,nearest_canonical_atm_euclidean,
904,051674e2-a8c4-5111-bf54-2c937a9c722a,2023-03-31,0.02563202,0,New Delhi,nearest_canonical_atm_euclidean,
905,6e2eb94c-abea-566d-881f-33304c81d95b,2023-02-03,0.025543528,0,Hyderabad,nearest_canonical_atm_euclidean,
906,8279eaa3-c5e0-5a20-9db9-075ee86efeb4,2023-06-09,0.025527034,0,Kolkata,nearest_canonical_atm_euclidean,
907,f3b246fb-34cb-5d78-af2d-6a294c2857ba,2023-03-03,0.025491828,0,Kolkata,nearest_canonical_atm_euclidean,
908,14e22c3d-5500-5971-b937-f612a3b05543,2023-10-06,0.025353778,0,Chennai,nearest_canonical_atm_euclidean,
909,5737401f-13a5-5335-9e4c-336a9e870086,2023-02-24,0.025326027,0,Kolkata,nearest_canonical_atm_euclidean,
910,0e0b8e6c-f46a-5dce-b705-93abfbcedab7,2023-02-10,0.025323601,0,New Delhi,nearest_canonical_atm_euclidean,
911,59684263-0e01-5fc5-9de6-966d650e19e5,2023-02-03,0.025273712,0,Mumbai,nearest_canonical_atm_euclidean,
912,869d900f-916d-59fb-a1c5-980ea46f3005,2023-03-17,0.025267793,0,Chennai,nearest_canonical_atm_euclidean,
913,f41c7ddd-7008-5aeb-99eb-f05a1845a016,2023-11-24,0.025244504,0,Bengaluru,nearest_canonical_atm_euclidean,
914,644ec086-7a2f-56c1-8890-a0cf1371bb8f,2023-08-11,0.025196884,0,Jaipur,nearest_canonical_atm_euclidean,
915,d05fbe4b-fcba-52a3-9d29-e0fce9ccdbd9,2023-09-08,0.02519555,0,New Delhi,nearest_canonical_atm_euclidean,
916,aac4fab3-2fa2-532d-b442-87ce705ae9f3,2023-12-08,0.025186,0,Bengaluru,nearest_canonical_atm_euclidean,
917,863a1f8a-9358-5d83-a37a-ef1b3af72061,2022-12-30,0.025121327,0,New Delhi,nearest_canonical_atm_euclidean,
918,1ceabaf4-936c-5e09-9db4-955f82fbe69e,2023-12-15,0.025079474,0,Bengaluru,nearest_canonical_atm_euclidean,
919,65a9af02-f38e-5bc1-a908-6a3a653df0fc,2023-12-01,0.024947276,0,Ahmedabad,nearest_canonical_atm_euclidean,
920,f41c7ddd-7008-5aeb-99eb-f05a1845a016,2023-11-10,0.0249161,0,Bengaluru,nearest_canonical_atm_euclidean,
921,f41c7ddd-7008-5aeb-99eb-f05a1845a016,2023-06-09,0.024813635,0,Bengaluru,nearest_canonical_atm_euclidean,
922,b7c4c3b5-15ff-512b-bc9b-d52f3797f893,2023-05-12,0.024811715,0,Chennai,nearest_canonical_atm_euclidean,
923,f41c7ddd-7008-5aeb-99eb-f05a1845a016,2023-08-18,0.024725933,0,Bengaluru,nearest_canonical_atm_euclidean,
924,59684263-0e01-5fc5-9de6-966d650e19e5,2023-03-03,0.024661528,0,Mumbai,nearest_canonical_atm_euclidean,
925,8df3fb3f-36b9-5e62-b1aa-54e0ed960822,2023-03-31,0.024654934,0,Mumbai,nearest_canonical_atm_euclidean,
926,7aee3f20-61f3-58df-bbd1-af7d2ad4f502,2023-01-13,0.024607604,0,Mumbai,nearest_canonical_atm_euclidean,
927,c991fb7a-f5c2-5464-b968-538bf5c140df,2023-02-10,0.024403777,0,Mumbai,nearest_canonical_atm_euclidean,
928,9e342a67-6e23-50e0-affc-c624e2da2f70,2023-05-19,0.024391623,0,Mumbai,nearest_canonical_atm_euclidean,
929,1af29445-7edb-54fb-a987-f6ba18f4dcc3,2023-10-06,0.024375582,0,Bengaluru,nearest_canonical_atm_euclidean,
930,d5f219b1-03da-5f87-a5da-607ea7af6899,2023-03-03,0.024328735,0,Bengaluru,nearest_canonical_atm_euclidean,
931,de2d188a-a433-5f4b-869a-2ffe30dfc6ab,2023-07-14,0.024295267,0,Ahmedabad,nearest_canonical_atm_euclidean,
932,c45eaf1f-d739-587d-8090-276bc5a6a01e,2023-11-24,0.024281293,0,New Delhi,nearest_canonical_atm_euclidean,
933,1ca42a9a-50ec-5a1d-99e3-81bf7c579716,2023-11-03,0.024229646,0,New Delhi,nearest_canonical_atm_euclidean,
934,6ded4d28-8bc2-5507-85db-b9ec23a0756c,2023-05-05,0.024224862,0,Mumbai,nearest_canonical_atm_euclidean,
935,869d900f-916d-59fb-a1c5-980ea46f3005,2023-01-06,0.024185408,0,Chennai,nearest_canonical_atm_euclidean,
936,b2e6f33c-17a1-547b-a103-0541efcaee5d,2023-09-15,0.024168272,0,Ahmedabad,nearest_canonical_atm_euclidean,
937,38ef268a-dcd0-56f8-8c8f-954520b5c33b,2023-09-01,0.02412446,0,Ahmedabad,nearest_canonical_atm_euclidean,
938,d96fb612-761a-52d1-8bfd-a2368e7f9fd3,2023-06-02,0.02407461,0,Jaipur,nearest_canonical_atm_euclidean,
939,7af28f6a-7ed8-5ba7-97f0-f49875cbb077,2023-08-25,0.02401485,0,Mumbai,nearest_canonical_atm_euclidean,
940,47b40f44-e493-5f2d-b12c-8a7eb6ccd6f4,2023-10-06,0.023997324,0,Jaipur,nearest_canonical_atm_euclidean,
941,7c8a9fea-1f01-5794-b1f8-1f33bc77651b,2023-09-08,0.023962397,0,New Delhi,nearest_canonical_atm_euclidean,
942,d89b2703-b172-5529-922c-4af9eb48d45f,2023-09-29,0.023943156,0,New Delhi,nearest_canonical_atm_euclidean,
943,ba44c170-601e-501e-a74f-77b6e98cae26,2023-01-27,0.023901537,0,Hyderabad,nearest_canonical_atm_euclidean,
944,422e93c8-7fc2-5abd-bd82-7b2eb566f6e6,2023-11-17,0.023861803,0,Kolkata,nearest_canonical_atm_euclidean,
945,7aee3f20-61f3-58df-bbd1-af7d2ad4f502,2023-01-27,0.023838203,0,Mumbai,nearest_canonical_atm_euclidean,
946,41174545-6f86-5ccc-94c0-7054225d58ad,2023-04-07,0.023791334,0,Chennai,nearest_canonical_atm_euclidean,
947,7142d25c-5954-53f9-ba18-f95055901780,2023-08-04,0.023773538,0,Bengaluru,nearest_canonical_atm_euclidean,
948,1ca42a9a-50ec-5a1d-99e3-81bf7c579716,2023-11-24,0.023758292,0,New Delhi,nearest_canonical_atm_euclidean,
949,c4d45e66-af66-5d62-9ec1-a719ee0110b8,2023-12-01,0.023754688,0,Bengaluru,nearest_canonical_atm_euclidean,
950,b7c4c3b5-15ff-512b-bc9b-d52f3797f893,2023-08-04,0.023631394,0,Chennai,nearest_canonical_atm_euclidean,
951,47b40f44-e493-5f2d-b12c-8a7eb6ccd6f4,2023-11-24,0.023598574,0,Jaipur,nearest_canonical_atm_euclidean,
952,869d900f-916d-59fb-a1c5-980ea46f3005,2023-02-03,0.023590384,0,Chennai,nearest_canonical_atm_euclidean,
953,d05fbe4b-fcba-52a3-9d29-e0fce9ccdbd9,2023-04-21,0.023555966,0,New Delhi,nearest_canonical_atm_euclidean,
954,8279eaa3-c5e0-5a20-9db9-075ee86efeb4,2023-03-17,0.023519415,0,Kolkata,nearest_canonical_atm_euclidean,
955,1b131b05-4df1-5564-b4fd-6cb5e09cfdd5,2023-10-13,0.023509644,0,Kolkata,nearest_canonical_atm_euclidean,
956,1b131b05-4df1-5564-b4fd-6cb5e09cfdd5,2023-06-02,0.023482855,0,Kolkata,nearest_canonical_atm_euclidean,
957,5cbba4d0-3c52-5f68-9295-d2058d5ea946,2023-09-08,0.023480937,0,Mumbai,nearest_canonical_atm_euclidean,
958,b2e6f33c-17a1-547b-a103-0541efcaee5d,2023-06-09,0.023480402,0,Ahmedabad,nearest_canonical_atm_euclidean,
959,41adf9c7-e4f5-56f8-a964-fecf7428833b,2023-02-17,0.02345062,0,Jaipur,nearest_canonical_atm_euclidean,
960,0e0b8e6c-f46a-5dce-b705-93abfbcedab7,2023-03-24,0.02336448,0,New Delhi,nearest_canonical_atm_euclidean,
961,83a48d15-e769-5c36-ba85-663466038d79,2023-11-03,0.023341523,0,Kolkata,nearest_canonical_atm_euclidean,
962,7c8a9fea-1f01-5794-b1f8-1f33bc77651b,2023-05-26,0.023290846,0,New Delhi,nearest_canonical_atm_euclidean,
963,ae9a45fc-c291-5efa-a2ad-8e3d969953d5,2023-08-18,0.023179492,0,New Delhi,nearest_canonical_atm_euclidean,
964,7c1562ed-0c51-50a9-b83b-049fcdfe12b4,2023-01-27,0.023170646,0,Jaipur,nearest_canonical_atm_euclidean,
965,c45eaf1f-d739-587d-8090-276bc5a6a01e,2023-09-29,0.023137683,0,New Delhi,nearest_canonical_atm_euclidean,
966,aac4fab3-2fa2-532d-b442-87ce705ae9f3,2023-06-02,0.023082076,0,Bengaluru,nearest_canonical_atm_euclidean,
967,14f26062-7d75-550d-ae7d-50ad61eb0e1b,2023-10-20,0.023058627,0,Jaipur,nearest_canonical_atm_euclidean,
968,d5f219b1-03da-5f87-a5da-607ea7af6899,2023-06-16,0.023021216,0,Bengaluru,nearest_canonical_atm_euclidean,
969,863a1f8a-9358-5d83-a37a-ef1b3af72061,2023-03-24,0.022961667,0,New Delhi,nearest_canonical_atm_euclidean,
970,9e342a67-6e23-50e0-affc-c624e2da2f70,2023-05-26,0.02291685,0,Mumbai,nearest_canonical_atm_euclidean,
971,08c99329-0e59-5327-8796-9fef243ca011,2023-02-24,0.022880008,0,Bengaluru,nearest_canonical_atm_euclidean,
972,6a5e8429-628a-5a7d-b3da-577e42cb4cd4,2023-12-15,0.022878485,0,Bengaluru,nearest_canonical_atm_euclidean,
973,bbdf6837-aab5-5b4e-839e-9ee61eaea352,2023-03-31,0.022838555,0,Mumbai,nearest_canonical_atm_euclidean,
974,644ec086-7a2f-56c1-8890-a0cf1371bb8f,2023-11-10,0.022800818,0,Jaipur,nearest_canonical_atm_euclidean,
975,8df3fb3f-36b9-5e62-b1aa-54e0ed960822,2023-01-06,0.022774592,0,Mumbai,nearest_canonical_atm_euclidean,
976,7c8a9fea-1f01-5794-b1f8-1f33bc77651b,2023-10-13,0.022773493,0,New Delhi,nearest_canonical_atm_euclidean,
977,3aa4e1f6-58c6-5cbb-a302-28689bbca879,2023-09-22,0.022767566,0,Bengaluru,nearest_canonical_atm_euclidean,
978,0949a9d8-1c2f-5d53-bc48-6050d92fe35b,2023-10-20,0.02272302,0,Bengaluru,nearest_canonical_atm_euclidean,
979,5cbba4d0-3c52-5f68-9295-d2058d5ea946,2023-06-09,0.022708146,0,Mumbai,nearest_canonical_atm_euclidean,
980,d96fb612-761a-52d1-8bfd-a2368e7f9fd3,2023-03-31,0.022682525,0,Jaipur,nearest_canonical_atm_euclidean,
981,46d959a8-3a7a-51b4-a5d0-e6489f19d5ab,2023-01-06,0.022655178,0,Ahmedabad,nearest_canonical_atm_euclidean,
982,c45eaf1f-d739-587d-8090-276bc5a6a01e,2022-12-30,0.022583395,0,New Delhi,nearest_canonical_atm_euclidean,
983,41174545-6f86-5ccc-94c0-7054225d58ad,2023-03-17,0.02257937,0,Chennai,nearest_canonical_atm_euclidean,
984,ce707439-e5cd-56de-8ce2-b3a7f8a910c5,2023-06-16,0.022577444,0,Hyderabad,nearest_canonical_atm_euclidean,
985,7c8a9fea-1f01-5794-b1f8-1f33bc77651b,2023-07-07,0.022560814,0,New Delhi,nearest_canonical_atm_euclidean,
986,fceef9b3-9818-5d9c-9786-aa1ba0a869e2,2023-03-17,0.022527143,0,Mumbai,nearest_canonical_atm_euclidean,
987,6ded4d28-8bc2-5507-85db-b9ec23a0756c,2023-12-08,0.022410512,0,Mumbai,nearest_canonical_atm_euclidean,
988,6a5e8429-628a-5a7d-b3da-577e42cb4cd4,2023-10-20,0.022328153,0,Bengaluru,nearest_canonical_atm_euclidean,
989,800f26bb-ab13-53a8-8329-4e07a6b7cf1d,2022-12-30,0.022274515,0,Mumbai,nearest_canonical_atm_euclidean,
990,b8864095-68a2-5748-a216-676e811b321c,2023-09-15,0.022243062,0,Chennai,nearest_canonical_atm_euclidean,
991,fceef9b3-9818-5d9c-9786-aa1ba0a869e2,2023-02-24,0.022221344,0,Mumbai,nearest_canonical_atm_euclidean,
992,863a1f8a-9358-5d83-a37a-ef1b3af72061,2023-10-27,0.022195807,0,New Delhi,nearest_canonical_atm_euclidean,
993,c991fb7a-f5c2-5464-b968-538bf5c140df,2023-01-27,0.022175157,0,Mumbai,nearest_canonical_atm_euclidean,
994,1ca42a9a-50ec-5a1d-99e3-81bf7c579716,2023-03-17,0.02216632,0,New Delhi,nearest_canonical_atm_euclidean,
995,4407e36e-71bc-5526-9a73-9f76e801cc45,2023-09-22,0.022137662,0,Kolkata,nearest_canonical_atm_euclidean,
996,800f26bb-ab13-53a8-8329-4e07a6b7cf1d,2023-09-01,0.02211371,0,Mumbai,nearest_canonical_atm_euclidean,
997,c991fb7a-f5c2-5464-b968-538bf5c140df,2023-06-16,0.022109866,0,Mumbai,nearest_canonical_atm_euclidean,
998,1af29445-7edb-54fb-a987-f6ba18f4dcc3,2023-06-02,0.022072865,0,Bengaluru,nearest_canonical_atm_euclidean,
999,642f4235-82f6-5143-8ea5-5048e8f0d80a,2023-10-20,0.022049531,0,Hyderabad,nearest_canonical_atm_euclidean,
1000,fbbc3df5-4722-57b4-9788-6244a82eaa45,2023-11-10,0.022022897,0,Chennai,nearest_canonical_atm_euclidean,
1001,7142d25c-5954-53f9-ba18-f95055901780,2023-08-25,0.021995317,0,Bengaluru,nearest_canonical_atm_euclidean,
1002,08c99329-0e59-5327-8796-9fef243ca011,2023-08-11,0.021863217,0,Bengaluru,nearest_canonical_atm_euclidean,
1003,14e22c3d-5500-5971-b937-f612a3b05543,2023-06-23,0.021819828,0,Chennai,nearest_canonical_atm_euclidean,
1004,8279eaa3-c5e0-5a20-9db9-075ee86efeb4,2023-11-03,0.021816522,0,Kolkata,nearest_canonical_atm_euclidean,
1005,3b1e5d03-563a-5430-87b7-e281fa8f8af4,2023-11-24,0.021810167,0,Mumbai,nearest_canonical_atm_euclidean,
1006,37d50aaa-0ca6-52fd-ba0f-a0c734b03d34,2023-12-08,0.021787705,0,Mumbai,nearest_canonical_atm_euclidean,
1007,f801c521-91da-5b20-88bb-185c236cf141,2023-07-14,0.021784088,0,Jaipur,nearest_canonical_atm_euclidean,
1008,2ec2dfb2-1938-5797-bf2d-736d604948cb,2023-06-23,0.021770867,0,Mumbai,nearest_canonical_atm_euclidean,
1009,3b1e5d03-563a-5430-87b7-e281fa8f8af4,2023-08-11,0.02174744,0,Mumbai,nearest_canonical_atm_euclidean,
1010,d96fb612-761a-52d1-8bfd-a2368e7f9fd3,2023-05-12,0.021675253,0,Jaipur,nearest_canonical_atm_euclidean,
1011,e3c72b40-457d-5627-b578-4da7a09c1fc1,2023-03-17,0.021623595,0,New Delhi,nearest_canonical_atm_euclidean,
1012,e3c72b40-457d-5627-b578-4da7a09c1fc1,2023-07-14,0.021610709,0,New Delhi,nearest_canonical_atm_euclidean,
1013,d96fb612-761a-52d1-8bfd-a2368e7f9fd3,2023-05-05,0.02158858,0,Jaipur,nearest_canonical_atm_euclidean,
1014,c45eaf1f-d739-587d-8090-276bc5a6a01e,2023-10-13,0.021580903,0,New Delhi,nearest_canonical_atm_euclidean,
1015,ba44c170-601e-501e-a74f-77b6e98cae26,2023-06-30,0.021476382,0,Hyderabad,nearest_canonical_atm_euclidean,
1016,65a9af02-f38e-5bc1-a908-6a3a653df0fc,2023-06-16,0.021465618,0,Ahmedabad,nearest_canonical_atm_euclidean,
1017,aac4fab3-2fa2-532d-b442-87ce705ae9f3,2023-12-15,0.021449242,0,Bengaluru,nearest_canonical_atm_euclidean,
1018,41174545-6f86-5ccc-94c0-7054225d58ad,2023-03-24,0.0214219,0,Chennai,nearest_canonical_atm_euclidean,
1019,7af28f6a-7ed8-5ba7-97f0-f49875cbb077,2023-03-03,0.02131258,0,Mumbai,nearest_canonical_atm_euclidean,
1020,a5676c6d-3d3e-517c-81a9-86b85c039df1,2023-04-28,0.021297103,0,Ahmedabad,nearest_canonical_atm_euclidean,
1021,9b0bfc62-59d8-573e-81b2-fee4669a409a,2023-02-10,0.021204641,0,Hyderabad,nearest_canonical_atm_euclidean,
1022,90bcf56f-15e8-5317-aff9-2bb508a1d03a,2023-12-15,0.02113756,0,Chennai,nearest_canonical_atm_euclidean,
1023,81a02119-b06c-5fc0-b634-9f212b95825a,2023-12-01,0.021130113,0,Hyderabad,nearest_canonical_atm_euclidean,
1024,644ec086-7a2f-56c1-8890-a0cf1371bb8f,2023-11-03,0.02110911,0,Jaipur,nearest_canonical_atm_euclidean,
1025,ae9a45fc-c291-5efa-a2ad-8e3d969953d5,2023-12-15,0.020996606,0,New Delhi,nearest_canonical_atm_euclidean,
1026,cf923010-1ea8-516f-8a40-b3db95dce888,2023-09-08,0.020938037,0,Chennai,nearest_canonical_atm_euclidean,
1027,7af28f6a-7ed8-5ba7-97f0-f49875cbb077,2023-05-26,0.020937543,0,Mumbai,nearest_canonical_atm_euclidean,
1028,9e342a67-6e23-50e0-affc-c624e2da2f70,2023-11-03,0.020915909,0,Mumbai,nearest_canonical_atm_euclidean,
1029,1d7d8374-7d25-5244-9349-2dba7c91bf60,2023-09-08,0.020900004,0,Ahmedabad,nearest_canonical_atm_euclidean,
1030,bbdf6837-aab5-5b4e-839e-9ee61eaea352,2023-08-11,0.020876938,0,Mumbai,nearest_canonical_atm_euclidean,
1031,51f7f7da-0718-5063-91b2-d743096e78e1,2023-06-16,0.020860018,0,Bengaluru,nearest_canonical_atm_euclidean,
1032,1af29445-7edb-54fb-a987-f6ba18f4dcc3,2023-07-28,0.020819644,0,Bengaluru,nearest_canonical_atm_euclidean,
1033,9e342a67-6e23-50e0-affc-c624e2da2f70,2023-06-09,0.020817058,0,Mumbai,nearest_canonical_atm_euclidean,
1034,fbbc3df5-4722-57b4-9788-6244a82eaa45,2023-01-06,0.02080716,0,Chennai,nearest_canonical_atm_euclidean,
1035,800f26bb-ab13-53a8-8329-4e07a6b7cf1d,2023-11-10,0.02073864,0,Mumbai,nearest_canonical_atm_euclidean,
1036,e3c72b40-457d-5627-b578-4da7a09c1fc1,2023-12-01,0.020734997,1,New Delhi,nearest_canonical_atm_euclidean,
1037,7142d25c-5954-53f9-ba18-f95055901780,2023-06-02,0.020687204,0,Bengaluru,nearest_canonical_atm_euclidean,
1038,f41c7ddd-7008-5aeb-99eb-f05a1845a016,2023-06-16,0.020684324,0,Bengaluru,nearest_canonical_atm_euclidean,
1039,aac4fab3-2fa2-532d-b442-87ce705ae9f3,2023-11-17,0.0206749,0,Bengaluru,nearest_canonical_atm_euclidean,
1040,800f26bb-ab13-53a8-8329-4e07a6b7cf1d,2023-02-17,0.020657402,0,Mumbai,nearest_canonical_atm_euclidean,
1041,ba44c170-601e-501e-a74f-77b6e98cae26,2023-12-15,0.020605654,0,Hyderabad,nearest_canonical_atm_euclidean,
1042,1ca42a9a-50ec-5a1d-99e3-81bf7c579716,2023-06-23,0.020595413,0,New Delhi,nearest_canonical_atm_euclidean,
1043,642f4235-82f6-5143-8ea5-5048e8f0d80a,2023-11-10,0.020454112,0,Hyderabad,nearest_canonical_atm_euclidean,
1044,1ca42a9a-50ec-5a1d-99e3-81bf7c579716,2023-12-01,0.020400833,0,New Delhi,nearest_canonical_atm_euclidean,
1045,41174545-6f86-5ccc-94c0-7054225d58ad,2023-09-29,0.02031787,0,Chennai,nearest_canonical_atm_euclidean,
1046,41174545-6f86-5ccc-94c0-7054225d58ad,2023-05-12,0.020310523,0,Chennai,nearest_canonical_atm_euclidean,
1047,4cc4f0b0-6522-5752-8674-65bde1e7ee07,2023-08-25,0.020246416,0,Hyderabad,nearest_canonical_atm_euclidean,
1048,1b131b05-4df1-5564-b4fd-6cb5e09cfdd5,2023-05-05,0.020203425,0,Kolkata,nearest_canonical_atm_euclidean,
1049,1ca42a9a-50ec-5a1d-99e3-81bf7c579716,2023-06-16,0.020203033,0,New Delhi,nearest_canonical_atm_euclidean,
1050,37d50aaa-0ca6-52fd-ba0f-a0c734b03d34,2023-02-17,0.0202024,0,Mumbai,nearest_canonical_atm_euclidean,
1051,d89b2703-b172-5529-922c-4af9eb48d45f,2023-08-25,0.020182636,0,New Delhi,nearest_canonical_atm_euclidean,
1052,b7c4c3b5-15ff-512b-bc9b-d52f3797f893,2023-01-13,0.020178657,0,Chennai,nearest_canonical_atm_euclidean,
1053,6a5e8429-628a-5a7d-b3da-577e42cb4cd4,2023-11-17,0.02011027,0,Bengaluru,nearest_canonical_atm_euclidean,
1054,9e342a67-6e23-50e0-affc-c624e2da2f70,2023-05-12,0.020091811,0,Mumbai,nearest_canonical_atm_euclidean,
1055,051674e2-a8c4-5111-bf54-2c937a9c722a,2023-06-30,0.02003515,0,New Delhi,nearest_canonical_atm_euclidean,
1056,1af29445-7edb-54fb-a987-f6ba18f4dcc3,2023-09-29,0.020003619,0,Bengaluru,nearest_canonical_atm_euclidean,
1057,a5676c6d-3d3e-517c-81a9-86b85c039df1,2023-07-14,0.019997815,0,Ahmedabad,nearest_canonical_atm_euclidean,
1058,37d50aaa-0ca6-52fd-ba0f-a0c734b03d34,2023-11-24,0.01999071,0,Mumbai,nearest_canonical_atm_euclidean,
1059,e3c72b40-457d-5627-b578-4da7a09c1fc1,2023-04-07,0.019919422,0,New Delhi,nearest_canonical_atm_euclidean,
1060,7c8a9fea-1f01-5794-b1f8-1f33bc77651b,2023-01-27,0.019865213,0,New Delhi,nearest_canonical_atm_euclidean,
1061,fbbc3df5-4722-57b4-9788-6244a82eaa45,2023-06-02,0.019797651,0,Chennai,nearest_canonical_atm_euclidean,
1062,7af28f6a-7ed8-5ba7-97f0-f49875cbb077,2023-02-17,0.01978933,0,Mumbai,nearest_canonical_atm_euclidean,
1063,7af28f6a-7ed8-5ba7-97f0-f49875cbb077,2023-06-16,0.019770082,0,Mumbai,nearest_canonical_atm_euclidean,
1064,d5f219b1-03da-5f87-a5da-607ea7af6899,2023-09-01,0.019734217,0,Bengaluru,nearest_canonical_atm_euclidean,
1065,47b40f44-e493-5f2d-b12c-8a7eb6ccd6f4,2023-04-07,0.019724885,0,Jaipur,nearest_canonical_atm_euclidean,
1066,a5676c6d-3d3e-517c-81a9-86b85c039df1,2023-02-03,0.01972281,0,Ahmedabad,nearest_canonical_atm_euclidean,
1067,cf923010-1ea8-516f-8a40-b3db95dce888,2023-07-28,0.019710608,0,Chennai,nearest_canonical_atm_euclidean,
1068,1ceabaf4-936c-5e09-9db4-955f82fbe69e,2023-08-25,0.01969241,0,Bengaluru,nearest_canonical_atm_euclidean,
1069,051674e2-a8c4-5111-bf54-2c937a9c722a,2023-04-21,0.019622993,0,New Delhi,nearest_canonical_atm_euclidean,
1070,d5f219b1-03da-5f87-a5da-607ea7af6899,2023-10-13,0.019617813,0,Bengaluru,nearest_canonical_atm_euclidean,
1071,5cbba4d0-3c52-5f68-9295-d2058d5ea946,2023-01-06,0.019599678,0,Mumbai,nearest_canonical_atm_euclidean,
1072,3aa4e1f6-58c6-5cbb-a302-28689bbca879,2023-06-23,0.019559516,0,Bengaluru,nearest_canonical_atm_euclidean,
1073,d69d9b0a-1678-5866-b094-3f5f19c0c205,2023-12-15,0.019552018,0,Ahmedabad,nearest_canonical_atm_euclidean,
1074,b3dc96a5-31cc-51a8-a4bc-4d47da6df377,2023-12-15,0.019497853,0,New Delhi,nearest_canonical_atm_euclidean,
1075,94effd11-8fd8-50af-8f4c-b5a629d11375,2023-03-10,0.019463886,0,Jaipur,nearest_canonical_atm_euclidean,
1076,9e342a67-6e23-50e0-affc-c624e2da2f70,2023-06-23,0.019450322,0,Mumbai,nearest_canonical_atm_euclidean,
1077,800f26bb-ab13-53a8-8329-4e07a6b7cf1d,2023-01-27,0.019450167,0,Mumbai,nearest_canonical_atm_euclidean,
1078,642f4235-82f6-5143-8ea5-5048e8f0d80a,2023-09-01,0.019414261,0,Hyderabad,nearest_canonical_atm_euclidean,
1079,b7c4c3b5-15ff-512b-bc9b-d52f3797f893,2023-05-05,0.019399354,0,Chennai,nearest_canonical_atm_euclidean,
1080,afecdedf-a580-5453-aee1-cce5a1fc6571,2023-06-02,0.019371428,0,Ahmedabad,nearest_canonical_atm_euclidean,
1081,0949a9d8-1c2f-5d53-bc48-6050d92fe35b,2023-11-24,0.019357601,0,Bengaluru,nearest_canonical_atm_euclidean,
1082,1af29445-7edb-54fb-a987-f6ba18f4dcc3,2023-01-27,0.019342145,0,Bengaluru,nearest_canonical_atm_euclidean,
1083,9e342a67-6e23-50e0-affc-c624e2da2f70,2023-07-07,0.019304447,0,Mumbai,nearest_canonical_atm_euclidean,
1084,328c3398-026a-5b82-ad02-8598a7d943ba,2023-07-28,0.019297916,0,Bengaluru,nearest_canonical_atm_euclidean,
1085,1ceabaf4-936c-5e09-9db4-955f82fbe69e,2023-06-16,0.019240472,0,Bengaluru,nearest_canonical_atm_euclidean,
1086,6a5e8429-628a-5a7d-b3da-577e42cb4cd4,2023-11-10,0.019216573,0,Bengaluru,nearest_canonical_atm_euclidean,
1087,a5676c6d-3d3e-517c-81a9-86b85c039df1,2023-09-15,0.019216318,0,Ahmedabad,nearest_canonical_atm_euclidean,
1088,3b1e5d03-563a-5430-87b7-e281fa8f8af4,2023-05-05,0.019188514,0,Mumbai,nearest_canonical_atm_euclidean,
1089,1b131b05-4df1-5564-b4fd-6cb5e09cfdd5,2023-04-28,0.01915345,0,Kolkata,nearest_canonical_atm_euclidean,
1090,d05fbe4b-fcba-52a3-9d29-e0fce9ccdbd9,2023-07-07,0.019096386,0,New Delhi,nearest_canonical_atm_euclidean,
1091,cf923010-1ea8-516f-8a40-b3db95dce888,2023-08-25,0.01908131,0,Chennai,nearest_canonical_atm_euclidean,
1092,8df3fb3f-36b9-5e62-b1aa-54e0ed960822,2023-09-08,0.019049373,0,Mumbai,nearest_canonical_atm_euclidean,
1093,8df3fb3f-36b9-5e62-b1aa-54e0ed960822,2023-04-28,0.019032551,0,Mumbai,nearest_canonical_atm_euclidean,
1094,3b1e5d03-563a-5430-87b7-e281fa8f8af4,2023-08-25,0.018965216,0,Mumbai,nearest_canonical_atm_euclidean,
1095,a5676c6d-3d3e-517c-81a9-86b85c039df1,2023-12-08,0.018961951,0,Ahmedabad,nearest_canonical_atm_euclidean,
1096,f41c7ddd-7008-5aeb-99eb-f05a1845a016,2023-10-06,0.018956011,0,Bengaluru,nearest_canonical_atm_euclidean,
1097,051674e2-a8c4-5111-bf54-2c937a9c722a,2023-10-06,0.01895249,0,New Delhi,nearest_canonical_atm_euclidean,
1098,7142d25c-5954-53f9-ba18-f95055901780,2023-05-26,0.018859139,0,Bengaluru,nearest_canonical_atm_euclidean,
1099,d96fb612-761a-52d1-8bfd-a2368e7f9fd3,2023-09-08,0.018836044,0,Jaipur,nearest_canonical_atm_euclidean,
1100,34ff42c5-aa0c-58b5-b153-3aa920bff5c7,2023-11-10,0.018835073,0,Chennai,nearest_canonical_atm_euclidean,
1101,644ec086-7a2f-56c1-8890-a0cf1371bb8f,2023-05-05,0.018827163,0,Jaipur,nearest_canonical_atm_euclidean,
1102,59fb71b7-27d2-56ae-87ab-548765379b67,2023-12-08,0.018790592,0,Bengaluru,nearest_canonical_atm_euclidean,
1103,59fb71b7-27d2-56ae-87ab-548765379b67,2023-04-28,0.018744403,0,Bengaluru,nearest_canonical_atm_euclidean,
1104,5cbba4d0-3c52-5f68-9295-d2058d5ea946,2023-06-02,0.018701412,0,Mumbai,nearest_canonical_atm_euclidean,
1105,a5676c6d-3d3e-517c-81a9-86b85c039df1,2023-10-13,0.01869222,0,Ahmedabad,nearest_canonical_atm_euclidean,
1106,fbbc3df5-4722-57b4-9788-6244a82eaa45,2023-08-11,0.018680634,0,Chennai,nearest_canonical_atm_euclidean,
1107,964994af-c467-5422-8727-4914e98a9b1b,2023-10-13,0.018666497,0,Hyderabad,nearest_canonical_atm_euclidean,
1108,7142d25c-5954-53f9-ba18-f95055901780,2023-10-27,0.018630635,0,Bengaluru,nearest_canonical_atm_euclidean,
1109,7c8a9fea-1f01-5794-b1f8-1f33bc77651b,2023-12-01,0.018626926,0,New Delhi,nearest_canonical_atm_euclidean,
1110,08c99329-0e59-5327-8796-9fef243ca011,2023-04-07,0.018626695,0,Bengaluru,nearest_canonical_atm_euclidean,
1111,c991fb7a-f5c2-5464-b968-538bf5c140df,2023-10-27,0.018562859,0,Mumbai,nearest_canonical_atm_euclidean,
1112,d5f219b1-03da-5f87-a5da-607ea7af6899,2023-06-09,0.018511236,0,Bengaluru,nearest_canonical_atm_euclidean,
1113,c4d45e66-af66-5d62-9ec1-a719ee0110b8,2023-07-07,0.018507663,0,Bengaluru,nearest_canonical_atm_euclidean,
1114,de2d188a-a433-5f4b-869a-2ffe30dfc6ab,2023-06-09,0.018495696,0,Ahmedabad,nearest_canonical_atm_euclidean,
1115,0e0b8e6c-f46a-5dce-b705-93abfbcedab7,2023-08-04,0.018473703,0,New Delhi,nearest_canonical_atm_euclidean,
1116,c991fb7a-f5c2-5464-b968-538bf5c140df,2023-06-02,0.018456558,0,Mumbai,nearest_canonical_atm_euclidean,
1117,ba44c170-601e-501e-a74f-77b6e98cae26,2023-10-06,0.018385682,0,Hyderabad,nearest_canonical_atm_euclidean,
1118,d5f219b1-03da-5f87-a5da-607ea7af6899,2023-03-17,0.01838071,0,Bengaluru,nearest_canonical_atm_euclidean,
1119,47b40f44-e493-5f2d-b12c-8a7eb6ccd6f4,2023-12-01,0.01834642,0,Jaipur,nearest_canonical_atm_euclidean,
1120,7af28f6a-7ed8-5ba7-97f0-f49875cbb077,2023-11-03,0.018345006,0,Mumbai,nearest_canonical_atm_euclidean,
1121,644ec086-7a2f-56c1-8890-a0cf1371bb8f,2023-01-06,0.01832507,0,Jaipur,nearest_canonical_atm_euclidean,
1122,59684263-0e01-5fc5-9de6-966d650e19e5,2023-12-15,0.01831544,0,Mumbai,nearest_canonical_atm_euclidean,
1123,bbdf6837-aab5-5b4e-839e-9ee61eaea352,2023-01-27,0.018271234,0,Mumbai,nearest_canonical_atm_euclidean,
1124,c4d45e66-af66-5d62-9ec1-a719ee0110b8,2023-04-07,0.018256456,0,Bengaluru,nearest_canonical_atm_euclidean,
1125,ae9a45fc-c291-5efa-a2ad-8e3d969953d5,2023-11-03,0.018254442,0,New Delhi,nearest_canonical_atm_euclidean,
1126,65a9af02-f38e-5bc1-a908-6a3a653df0fc,2023-05-05,0.018236063,0,Ahmedabad,nearest_canonical_atm_euclidean,
1127,4cc4f0b0-6522-5752-8674-65bde1e7ee07,2023-12-01,0.01821827,0,Hyderabad,nearest_canonical_atm_euclidean,
1128,5cbba4d0-3c52-5f68-9295-d2058d5ea946,2023-08-25,0.018217478,0,Mumbai,nearest_canonical_atm_euclidean,
1129,2ec2dfb2-1938-5797-bf2d-736d604948cb,2023-12-08,0.018180542,0,Mumbai,nearest_canonical_atm_euclidean,
1130,afecdedf-a580-5453-aee1-cce5a1fc6571,2023-02-24,0.018166093,0,Ahmedabad,nearest_canonical_atm_euclidean,
1131,5cbba4d0-3c52-5f68-9295-d2058d5ea946,2023-06-30,0.01814458,0,Mumbai,nearest_canonical_atm_euclidean,
1132,83a48d15-e769-5c36-ba85-663466038d79,2023-02-24,0.018133778,0,Kolkata,nearest_canonical_atm_euclidean,
1133,6ded4d28-8bc2-5507-85db-b9ec23a0756c,2023-03-10,0.01811171,0,Mumbai,nearest_canonical_atm_euclidean,
1134,644ec086-7a2f-56c1-8890-a0cf1371bb8f,2023-08-25,0.018087175,0,Jaipur,nearest_canonical_atm_euclidean,
1135,a5676c6d-3d3e-517c-81a9-86b85c039df1,2023-12-15,0.018043097,0,Ahmedabad,nearest_canonical_atm_euclidean,
1136,6a5e8429-628a-5a7d-b3da-577e42cb4cd4,2023-09-29,0.018030245,0,Bengaluru,nearest_canonical_atm_euclidean,
1137,9f8333ec-0af9-502c-8e87-21bd0e5ef301,2023-01-13,0.018007392,0,Kolkata,nearest_canonical_atm_euclidean,
1138,422e93c8-7fc2-5abd-bd82-7b2eb566f6e6,2023-06-16,0.017998818,0,Kolkata,nearest_canonical_atm_euclidean,
1139,1ca42a9a-50ec-5a1d-99e3-81bf7c579716,2023-05-19,0.017992798,0,New Delhi,nearest_canonical_atm_euclidean,
1140,7bb876b7-d98c-59b9-bfe7-5d6d8706898d,2023-06-09,0.01796213,0,New Delhi,nearest_canonical_atm_euclidean,
1141,9f8333ec-0af9-502c-8e87-21bd0e5ef301,2023-10-13,0.017958876,0,Kolkata,nearest_canonical_atm_euclidean,
1142,bbdf6837-aab5-5b4e-839e-9ee61eaea352,2023-05-12,0.017888471,0,Mumbai,nearest_canonical_atm_euclidean,
1143,d5f219b1-03da-5f87-a5da-607ea7af6899,2023-07-28,0.017879568,0,Bengaluru,nearest_canonical_atm_euclidean,
1144,6a5e8429-628a-5a7d-b3da-577e42cb4cd4,2023-05-19,0.017879343,0,Bengaluru,nearest_canonical_atm_euclidean,
1145,c991fb7a-f5c2-5464-b968-538bf5c140df,2023-06-30,0.017865866,0,Mumbai,nearest_canonical_atm_euclidean,
1146,2ec2dfb2-1938-5797-bf2d-736d604948cb,2023-05-26,0.017851656,0,Mumbai,nearest_canonical_atm_euclidean,
1147,d5f219b1-03da-5f87-a5da-607ea7af6899,2023-01-06,0.017842704,0,Bengaluru,nearest_canonical_atm_euclidean,
1148,8df3fb3f-36b9-5e62-b1aa-54e0ed960822,2023-08-18,0.017817419,0,Mumbai,nearest_canonical_atm_euclidean,
1149,fceef9b3-9818-5d9c-9786-aa1ba0a869e2,2023-05-05,0.017784854,0,Mumbai,nearest_canonical_atm_euclidean,
1150,2ec2dfb2-1938-5797-bf2d-736d604948cb,2023-07-28,0.01776593,0,Mumbai,nearest_canonical_atm_euclidean,
1151,c991fb7a-f5c2-5464-b968-538bf5c140df,2023-12-01,0.017738175,0,Mumbai,nearest_canonical_atm_euclidean,
1152,90bcf56f-15e8-5317-aff9-2bb508a1d03a,2023-01-20,0.017733391,0,Chennai,nearest_canonical_atm_euclidean,
1153,d05fbe4b-fcba-52a3-9d29-e0fce9ccdbd9,2023-08-11,0.017708963,0,New Delhi,nearest_canonical_atm_euclidean,
1154,bbdf6837-aab5-5b4e-839e-9ee61eaea352,2023-03-10,0.017696194,0,Mumbai,nearest_canonical_atm_euclidean,
1155,65a9af02-f38e-5bc1-a908-6a3a653df0fc,2023-09-15,0.017685207,0,Ahmedabad,nearest_canonical_atm_euclidean,
1156,f801c521-91da-5b20-88bb-185c236cf141,2023-07-28,0.017683981,0,Jaipur,nearest_canonical_atm_euclidean,
1157,5cbba4d0-3c52-5f68-9295-d2058d5ea946,2022-12-30,0.0176668,0,Mumbai,nearest_canonical_atm_euclidean,
1158,863a1f8a-9358-5d83-a37a-ef1b3af72061,2023-02-10,0.017663682,0,New Delhi,nearest_canonical_atm_euclidean,
1159,bbdf6837-aab5-5b4e-839e-9ee61eaea352,2023-01-20,0.017640553,0,Mumbai,nearest_canonical_atm_euclidean,
1160,f41c7ddd-7008-5aeb-99eb-f05a1845a016,2023-07-21,0.01762553,0,Bengaluru,nearest_canonical_atm_euclidean,
1161,c45eaf1f-d739-587d-8090-276bc5a6a01e,2023-02-17,0.017597184,0,New Delhi,nearest_canonical_atm_euclidean,
1162,1b131b05-4df1-5564-b4fd-6cb5e09cfdd5,2023-01-06,0.017583562,0,Kolkata,nearest_canonical_atm_euclidean,
1163,f41c7ddd-7008-5aeb-99eb-f05a1845a016,2023-02-03,0.017578563,0,Bengaluru,nearest_canonical_atm_euclidean,
1164,a2bdeeac-87ea-5acb-a121-647dd81616e4,2023-12-15,0.017536951,0,Bengaluru,nearest_canonical_atm_euclidean,
1165,7aee3f20-61f3-58df-bbd1-af7d2ad4f502,2023-02-03,0.017498905,0,Mumbai,nearest_canonical_atm_euclidean,
1166,6ded4d28-8bc2-5507-85db-b9ec23a0756c,2023-04-21,0.017486645,0,Mumbai,nearest_canonical_atm_euclidean,
1167,d96fb612-761a-52d1-8bfd-a2368e7f9fd3,2023-10-27,0.01743808,0,Jaipur,nearest_canonical_atm_euclidean,
1168,aac4fab3-2fa2-532d-b442-87ce705ae9f3,2023-03-03,0.017398844,0,Bengaluru,nearest_canonical_atm_euclidean,
1169,7bb876b7-d98c-59b9-bfe7-5d6d8706898d,2023-09-29,0.017365776,0,New Delhi,nearest_canonical_atm_euclidean,
1170,ce707439-e5cd-56de-8ce2-b3a7f8a910c5,2023-11-10,0.017357226,0,Hyderabad,nearest_canonical_atm_euclidean,
1171,7c8fbbb0-7633-546c-b927-1accdba2044a,2022-12-30,0.017341813,0,Chennai,nearest_canonical_atm_euclidean,
1172,c4d45e66-af66-5d62-9ec1-a719ee0110b8,2023-03-24,0.017311944,0,Bengaluru,nearest_canonical_atm_euclidean,
1173,d5f219b1-03da-5f87-a5da-607ea7af6899,2023-10-27,0.017311407,0,Bengaluru,nearest_canonical_atm_euclidean,
1174,642f4235-82f6-5143-8ea5-5048e8f0d80a,2023-12-08,0.017264754,0,Hyderabad,nearest_canonical_atm_euclidean,
1175,051674e2-a8c4-5111-bf54-2c937a9c722a,2023-03-03,0.017252639,0,New Delhi,nearest_canonical_atm_euclidean,
1176,23f00f1f-a233-5e89-8069-27d2584ad221,2023-05-12,0.017219959,0,Hyderabad,nearest_canonical_atm_euclidean,
1177,ae9a45fc-c291-5efa-a2ad-8e3d969953d5,2023-06-30,0.017189585,0,New Delhi,nearest_canonical_atm_euclidean,
1178,051674e2-a8c4-5111-bf54-2c937a9c722a,2023-01-20,0.017185848,0,New Delhi,nearest_canonical_atm_euclidean,
1179,3b1e5d03-563a-5430-87b7-e281fa8f8af4,2023-09-08,0.017116254,0,Mumbai,nearest_canonical_atm_euclidean,
1180,6e2eb94c-abea-566d-881f-33304c81d95b,2023-09-01,0.017090235,0,Hyderabad,nearest_canonical_atm_euclidean,
1181,fceef9b3-9818-5d9c-9786-aa1ba0a869e2,2023-11-10,0.017019754,0,Mumbai,nearest_canonical_atm_euclidean,
1182,c45eaf1f-d739-587d-8090-276bc5a6a01e,2023-03-10,0.017009705,0,New Delhi,nearest_canonical_atm_euclidean,
1183,869d900f-916d-59fb-a1c5-980ea46f3005,2023-01-20,0.01699767,0,Chennai,nearest_canonical_atm_euclidean,
1184,e3c72b40-457d-5627-b578-4da7a09c1fc1,2023-11-17,0.016989388,0,New Delhi,nearest_canonical_atm_euclidean,
1185,07b1cb4d-de17-5ac2-a00b-02cf9e672ff0,2023-10-20,0.016935408,0,Ahmedabad,nearest_canonical_atm_euclidean,
1186,0949a9d8-1c2f-5d53-bc48-6050d92fe35b,2023-05-12,0.016903412,0,Bengaluru,nearest_canonical_atm_euclidean,
1187,5cbba4d0-3c52-5f68-9295-d2058d5ea946,2023-02-10,0.016858099,0,Mumbai,nearest_canonical_atm_euclidean,
1188,6a5e8429-628a-5a7d-b3da-577e42cb4cd4,2023-02-17,0.016843485,0,Bengaluru,nearest_canonical_atm_euclidean,
1189,aac4fab3-2fa2-532d-b442-87ce705ae9f3,2023-11-24,0.016812418,0,Bengaluru,nearest_canonical_atm_euclidean,
1190,81a02119-b06c-5fc0-b634-9f212b95825a,2023-06-09,0.01680683,0,Hyderabad,nearest_canonical_atm_euclidean,
1191,642f4235-82f6-5143-8ea5-5048e8f0d80a,2023-03-03,0.016786994,0,Hyderabad,nearest_canonical_atm_euclidean,
1192,7c8a9fea-1f01-5794-b1f8-1f33bc77651b,2023-06-30,0.01678534,0,New Delhi,nearest_canonical_atm_euclidean,
1193,fceef9b3-9818-5d9c-9786-aa1ba0a869e2,2023-07-07,0.016776206,0,Mumbai,nearest_canonical_atm_euclidean,
1194,d96fb612-761a-52d1-8bfd-a2368e7f9fd3,2023-09-01,0.01675962,0,Jaipur,nearest_canonical_atm_euclidean,
1195,5cbba4d0-3c52-5f68-9295-d2058d5ea946,2023-12-01,0.01674527,0,Mumbai,nearest_canonical_atm_euclidean,
1196,1ca42a9a-50ec-5a1d-99e3-81bf7c579716,2023-11-17,0.016720949,0,New Delhi,nearest_canonical_atm_euclidean,
1197,bbdf6837-aab5-5b4e-839e-9ee61eaea352,2023-02-17,0.016705684,0,Mumbai,nearest_canonical_atm_euclidean,
1198,1af29445-7edb-54fb-a987-f6ba18f4dcc3,2023-04-14,0.016661398,0,Bengaluru,nearest_canonical_atm_euclidean,
1199,aac4fab3-2fa2-532d-b442-87ce705ae9f3,2023-05-26,0.01665533,0,Bengaluru,nearest_canonical_atm_euclidean,
1200,4aabdbdc-9536-5b73-bab4-7cbee9886fed,2023-10-06,0.016654214,0,Hyderabad,nearest_canonical_atm_euclidean,
1201,d3483408-08a1-5840-8a4f-e2a5d47c989b,2023-02-17,0.01660181,0,Chennai,nearest_canonical_atm_euclidean,
1202,863a1f8a-9358-5d83-a37a-ef1b3af72061,2023-09-08,0.016589778,0,New Delhi,nearest_canonical_atm_euclidean,
1203,41adf9c7-e4f5-56f8-a964-fecf7428833b,2023-02-10,0.016570792,0,Jaipur,nearest_canonical_atm_euclidean,
1204,fceef9b3-9818-5d9c-9786-aa1ba0a869e2,2023-09-15,0.016515547,0,Mumbai,nearest_canonical_atm_euclidean,
1205,a2bdeeac-87ea-5acb-a121-647dd81616e4,2023-06-09,0.016473437,0,Bengaluru,nearest_canonical_atm_euclidean,
1206,7c1562ed-0c51-50a9-b83b-049fcdfe12b4,2023-01-20,0.016446749,0,Jaipur,nearest_canonical_atm_euclidean,
1207,ae9a45fc-c291-5efa-a2ad-8e3d969953d5,2023-02-17,0.016420837,0,New Delhi,nearest_canonical_atm_euclidean,
1208,a891a4aa-b7cd-521d-928f-f58da9655ef5,2023-07-07,0.016405843,0,Hyderabad,nearest_canonical_atm_euclidean,
1209,38ef268a-dcd0-56f8-8c8f-954520b5c33b,2023-09-08,0.016402172,0,Ahmedabad,nearest_canonical_atm_euclidean,
1210,f801c521-91da-5b20-88bb-185c236cf141,2023-11-17,0.016400995,0,Jaipur,nearest_canonical_atm_euclidean,
1211,ce707439-e5cd-56de-8ce2-b3a7f8a910c5,2023-04-21,0.016400125,0,Hyderabad,nearest_canonical_atm_euclidean,
1212,b7c4c3b5-15ff-512b-bc9b-d52f3797f893,2023-08-11,0.016374616,0,Chennai,nearest_canonical_atm_euclidean,
1213,c4d45e66-af66-5d62-9ec1-a719ee0110b8,2023-05-19,0.01631598,0,Bengaluru,nearest_canonical_atm_euclidean,
1214,41174545-6f86-5ccc-94c0-7054225d58ad,2023-11-03,0.016290393,0,Chennai,nearest_canonical_atm_euclidean,
1215,08c99329-0e59-5327-8796-9fef243ca011,2023-05-26,0.01628105,0,Bengaluru,nearest_canonical_atm_euclidean,
1216,37d50aaa-0ca6-52fd-ba0f-a0c734b03d34,2023-04-28,0.016272362,0,Mumbai,nearest_canonical_atm_euclidean,
1217,94effd11-8fd8-50af-8f4c-b5a629d11375,2023-09-01,0.016268607,0,Jaipur,nearest_canonical_atm_euclidean,
1218,f41c7ddd-7008-5aeb-99eb-f05a1845a016,2022-12-30,0.016261663,0,Bengaluru,nearest_canonical_atm_euclidean,
1219,0e83a772-d0c1-5d38-9f1f-4a51eb7ee575,2023-05-19,0.016215427,0,Kolkata,nearest_canonical_atm_euclidean,
1220,83a48d15-e769-5c36-ba85-663466038d79,2023-05-05,0.016202834,0,Kolkata,nearest_canonical_atm_euclidean,
1221,08c99329-0e59-5327-8796-9fef243ca011,2022-12-30,0.016201163,0,Bengaluru,nearest_canonical_atm_euclidean,
1222,9e342a67-6e23-50e0-affc-c624e2da2f70,2023-04-21,0.0161961,0,Mumbai,nearest_canonical_atm_euclidean,
1223,6a5e8429-628a-5a7d-b3da-577e42cb4cd4,2023-05-12,0.016183237,0,Bengaluru,nearest_canonical_atm_euclidean,
1224,7142d25c-5954-53f9-ba18-f95055901780,2023-07-21,0.016180463,0,Bengaluru,nearest_canonical_atm_euclidean,
1225,9adf3d58-2b6f-5de3-8510-5cc671d1d2e8,2023-01-13,0.016172586,0,Ahmedabad,nearest_canonical_atm_euclidean,
1226,7c8fbbb0-7633-546c-b927-1accdba2044a,2023-01-06,0.01617026,0,Chennai,nearest_canonical_atm_euclidean,
1227,1b131b05-4df1-5564-b4fd-6cb5e09cfdd5,2023-10-27,0.016114112,0,Kolkata,nearest_canonical_atm_euclidean,
1228,d69d9b0a-1678-5866-b094-3f5f19c0c205,2023-10-13,0.016106153,0,Ahmedabad,nearest_canonical_atm_euclidean,
1229,ae9a45fc-c291-5efa-a2ad-8e3d969953d5,2023-10-27,0.016102353,0,New Delhi,nearest_canonical_atm_euclidean,
1230,c991fb7a-f5c2-5464-b968-538bf5c140df,2023-01-13,0.016089091,0,Mumbai,nearest_canonical_atm_euclidean,
1231,b8864095-68a2-5748-a216-676e811b321c,2023-09-29,0.016083244,0,Chennai,nearest_canonical_atm_euclidean,
1232,81697ea2-f5de-540b-a729-ead84b45e611,2023-07-07,0.016063606,0,Mumbai,nearest_canonical_atm_euclidean,
1233,65a9af02-f38e-5bc1-a908-6a3a653df0fc,2023-01-06,0.016061828,0,Ahmedabad,nearest_canonical_atm_euclidean,
1234,59684263-0e01-5fc5-9de6-966d650e19e5,2023-04-07,0.016056577,0,Mumbai,nearest_canonical_atm_euclidean,
1235,aac4fab3-2fa2-532d-b442-87ce705ae9f3,2023-02-17,0.016050512,0,Bengaluru,nearest_canonical_atm_euclidean,
1236,9e342a67-6e23-50e0-affc-c624e2da2f70,2023-01-13,0.016018104,0,Mumbai,nearest_canonical_atm_euclidean,
1237,81a02119-b06c-5fc0-b634-9f212b95825a,2023-02-24,0.0159474,0,Hyderabad,nearest_canonical_atm_euclidean,
1238,b2e6f33c-17a1-547b-a103-0541efcaee5d,2023-04-14,0.015938204,0,Ahmedabad,nearest_canonical_atm_euclidean,
1239,bbdf6837-aab5-5b4e-839e-9ee61eaea352,2023-10-06,0.015926804,0,Mumbai,nearest_canonical_atm_euclidean,
1240,7af28f6a-7ed8-5ba7-97f0-f49875cbb077,2023-07-14,0.015920954,0,Mumbai,nearest_canonical_atm_euclidean,
1241,b3dc96a5-31cc-51a8-a4bc-4d47da6df377,2023-06-23,0.0159173,0,New Delhi,nearest_canonical_atm_euclidean,
1242,328c3398-026a-5b82-ad02-8598a7d943ba,2023-10-06,0.015914014,0,Bengaluru,nearest_canonical_atm_euclidean,
1243,f801c521-91da-5b20-88bb-185c236cf141,2023-07-21,0.015873382,0,Jaipur,nearest_canonical_atm_euclidean,
1244,8279eaa3-c5e0-5a20-9db9-075ee86efeb4,2023-04-28,0.015868928,0,Kolkata,nearest_canonical_atm_euclidean,
1245,5cbba4d0-3c52-5f68-9295-d2058d5ea946,2023-05-19,0.01583818,0,Mumbai,nearest_canonical_atm_euclidean,
1246,9ec9c0ef-9209-5a42-84e8-2013032e9b9e,2023-05-05,0.015828075,0,Chennai,nearest_canonical_atm_euclidean,
1247,ba44c170-601e-501e-a74f-77b6e98cae26,2023-09-01,0.015812907,0,Hyderabad,nearest_canonical_atm_euclidean,
1248,07b1cb4d-de17-5ac2-a00b-02cf9e672ff0,2023-04-28,0.015744839,0,Ahmedabad,nearest_canonical_atm_euclidean,
1249,964994af-c467-5422-8727-4914e98a9b1b,2023-02-24,0.015735567,0,Hyderabad,nearest_canonical_atm_euclidean,
1250,1ca42a9a-50ec-5a1d-99e3-81bf7c579716,2023-02-03,0.015708825,0,New Delhi,nearest_canonical_atm_euclidean,
1251,964994af-c467-5422-8727-4914e98a9b1b,2023-12-15,0.015669473,0,Hyderabad,nearest_canonical_atm_euclidean,
1252,c45eaf1f-d739-587d-8090-276bc5a6a01e,2023-12-15,0.015669158,0,New Delhi,nearest_canonical_atm_euclidean,
1253,9ec9c0ef-9209-5a42-84e8-2013032e9b9e,2023-06-09,0.015665017,0,Chennai,nearest_canonical_atm_euclidean,
1254,b3dc96a5-31cc-51a8-a4bc-4d47da6df377,2023-08-04,0.015638113,0,New Delhi,nearest_canonical_atm_euclidean,
1255,869d900f-916d-59fb-a1c5-980ea46f3005,2023-02-24,0.015623447,0,Chennai,nearest_canonical_atm_euclidean,
1256,7aee3f20-61f3-58df-bbd1-af7d2ad4f502,2023-07-28,0.015609901,0,Mumbai,nearest_canonical_atm_euclidean,
1257,4cc4f0b0-6522-5752-8674-65bde1e7ee07,2023-06-30,0.015592531,0,Hyderabad,nearest_canonical_atm_euclidean,
1258,a5676c6d-3d3e-517c-81a9-86b85c039df1,2023-06-30,0.015574587,0,Ahmedabad,nearest_canonical_atm_euclidean,
1259,90bcf56f-15e8-5317-aff9-2bb508a1d03a,2023-09-08,0.015556422,0,Chennai,nearest_canonical_atm_euclidean,
1260,d96fb612-761a-52d1-8bfd-a2368e7f9fd3,2023-01-06,0.015536286,0,Jaipur,nearest_canonical_atm_euclidean,
1261,fceef9b3-9818-5d9c-9786-aa1ba0a869e2,2023-10-20,0.015501786,0,Mumbai,nearest_canonical_atm_euclidean,
1262,08c99329-0e59-5327-8796-9fef243ca011,2023-10-27,0.015501005,0,Bengaluru,nearest_canonical_atm_euclidean,
1263,1d7d8374-7d25-5244-9349-2dba7c91bf60,2023-06-30,0.015498911,0,Ahmedabad,nearest_canonical_atm_euclidean,
1264,6e2eb94c-abea-566d-881f-33304c81d95b,2023-03-17,0.015484613,0,Hyderabad,nearest_canonical_atm_euclidean,
1265,1ca42a9a-50ec-5a1d-99e3-81bf7c579716,2023-05-12,0.015478559,0,New Delhi,nearest_canonical_atm_euclidean,
1266,1ca42a9a-50ec-5a1d-99e3-81bf7c579716,2023-09-29,0.01546958,0,New Delhi,nearest_canonical_atm_euclidean,
1267,41174545-6f86-5ccc-94c0-7054225d58ad,2023-08-04,0.015448293,0,Chennai,nearest_canonical_atm_euclidean,
1268,5737401f-13a5-5335-9e4c-336a9e870086,2023-01-20,0.0154462345,0,Kolkata,nearest_canonical_atm_euclidean,
1269,1d7d8374-7d25-5244-9349-2dba7c91bf60,2023-11-03,0.015437649,0,Ahmedabad,nearest_canonical_atm_euclidean,
1270,869d900f-916d-59fb-a1c5-980ea46f3005,2023-03-03,0.0154249575,0,Chennai,nearest_canonical_atm_euclidean,
1271,e3c72b40-457d-5627-b578-4da7a09c1fc1,2023-08-18,0.015424558,0,New Delhi,nearest_canonical_atm_euclidean,
1272,fceef9b3-9818-5d9c-9786-aa1ba0a869e2,2023-10-27,0.015393002,0,Mumbai,nearest_canonical_atm_euclidean,
1273,81697ea2-f5de-540b-a729-ead84b45e611,2023-03-17,0.0153806945,0,Mumbai,nearest_canonical_atm_euclidean,
1274,81a02119-b06c-5fc0-b634-9f212b95825a,2023-02-10,0.015379973,0,Hyderabad,nearest_canonical_atm_euclidean,
1275,b41f1475-dca2-5dc1-938e-9543cd4de399,2023-06-23,0.015372052,0,Ahmedabad,nearest_canonical_atm_euclidean,
1276,f801c521-91da-5b20-88bb-185c236cf141,2023-12-08,0.015370925,0,Jaipur,nearest_canonical_atm_euclidean,
1277,ba44c170-601e-501e-a74f-77b6e98cae26,2023-08-25,0.015336418,0,Hyderabad,nearest_canonical_atm_euclidean,
1278,800f26bb-ab13-53a8-8329-4e07a6b7cf1d,2023-12-01,0.015327124,0,Mumbai,nearest_canonical_atm_euclidean,
1279,f9c8bdaf-f2d5-519b-81d4-759a53bf1015,2023-02-24,0.015303624,0,Chennai,nearest_canonical_atm_euclidean,
1280,d69d9b0a-1678-5866-b094-3f5f19c0c205,2023-03-03,0.015294199,0,Ahmedabad,nearest_canonical_atm_euclidean,
1281,d05fbe4b-fcba-52a3-9d29-e0fce9ccdbd9,2023-03-31,0.015292783,0,New Delhi,nearest_canonical_atm_euclidean,
1282,9ec9c0ef-9209-5a42-84e8-2013032e9b9e,2023-01-13,0.015279684,0,Chennai,nearest_canonical_atm_euclidean,
1283,1b131b05-4df1-5564-b4fd-6cb5e09cfdd5,2023-07-21,0.015276907,0,Kolkata,nearest_canonical_atm_euclidean,
1284,422e93c8-7fc2-5abd-bd82-7b2eb566f6e6,2023-09-01,0.015242027,0,Kolkata,nearest_canonical_atm_euclidean,
1285,5737401f-13a5-5335-9e4c-336a9e870086,2023-03-17,0.015232276,0,Kolkata,nearest_canonical_atm_euclidean,
1286,7142d25c-5954-53f9-ba18-f95055901780,2023-04-28,0.015170749,0,Bengaluru,nearest_canonical_atm_euclidean,
1287,d89b2703-b172-5529-922c-4af9eb48d45f,2023-10-06,0.015152139,0,New Delhi,nearest_canonical_atm_euclidean,
1288,644ec086-7a2f-56c1-8890-a0cf1371bb8f,2023-09-15,0.015111882,0,Jaipur,nearest_canonical_atm_euclidean,
1289,4407e36e-71bc-5526-9a73-9f76e801cc45,2023-06-30,0.015109029,0,Kolkata,nearest_canonical_atm_euclidean,
1290,14f26062-7d75-550d-ae7d-50ad61eb0e1b,2023-11-10,0.0150582995,0,Jaipur,nearest_canonical_atm_euclidean,
1291,7142d25c-5954-53f9-ba18-f95055901780,2023-08-11,0.01505091,0,Bengaluru,nearest_canonical_atm_euclidean,
1292,7aee3f20-61f3-58df-bbd1-af7d2ad4f502,2023-12-08,0.015040652,0,Mumbai,nearest_canonical_atm_euclidean,
1293,2ec2dfb2-1938-5797-bf2d-736d604948cb,2023-05-05,0.015029607,0,Mumbai,nearest_canonical_atm_euclidean,
1294,1b131b05-4df1-5564-b4fd-6cb5e09cfdd5,2023-11-10,0.0150293885,0,Kolkata,nearest_canonical_atm_euclidean,
1295,869d900f-916d-59fb-a1c5-980ea46f3005,2023-12-15,0.015019981,0,Chennai,nearest_canonical_atm_euclidean,
1296,37d50aaa-0ca6-52fd-ba0f-a0c734b03d34,2023-05-05,0.01501869,0,Mumbai,nearest_canonical_atm_euclidean,
1297,ba44c170-601e-501e-a74f-77b6e98cae26,2023-12-08,0.014993494,0,Hyderabad,nearest_canonical_atm_euclidean,
1298,6a5e8429-628a-5a7d-b3da-577e42cb4cd4,2023-06-30,0.014973274,0,Bengaluru,nearest_canonical_atm_euclidean,
1299,6ded4d28-8bc2-5507-85db-b9ec23a0756c,2023-08-25,0.014959483,0,Mumbai,nearest_canonical_atm_euclidean,
1300,59684263-0e01-5fc5-9de6-966d650e19e5,2023-01-06,0.014936474,0,Mumbai,nearest_canonical_atm_euclidean,
1301,c4d45e66-af66-5d62-9ec1-a719ee0110b8,2023-11-03,0.014879311,0,Bengaluru,nearest_canonical_atm_euclidean,
1302,7bb876b7-d98c-59b9-bfe7-5d6d8706898d,2023-10-06,0.014878396,0,New Delhi,nearest_canonical_atm_euclidean,
1303,d5f219b1-03da-5f87-a5da-607ea7af6899,2023-04-07,0.014878255,0,Bengaluru,nearest_canonical_atm_euclidean,
1304,7c8a9fea-1f01-5794-b1f8-1f33bc77651b,2023-07-21,0.014876151,0,New Delhi,nearest_canonical_atm_euclidean,
1305,ea588019-c786-57ab-8c8d-be7ada3e3273,2023-03-03,0.014870061,0,Hyderabad,nearest_canonical_atm_euclidean,
1306,cf923010-1ea8-516f-8a40-b3db95dce888,2023-08-11,0.014865283,0,Chennai,nearest_canonical_atm_euclidean,
1307,14f26062-7d75-550d-ae7d-50ad61eb0e1b,2023-10-13,0.014853236,0,Jaipur,nearest_canonical_atm_euclidean,
1308,1af29445-7edb-54fb-a987-f6ba18f4dcc3,2023-06-30,0.014800654,0,Bengaluru,nearest_canonical_atm_euclidean,
1309,d89b2703-b172-5529-922c-4af9eb48d45f,2023-05-26,0.014792356,0,New Delhi,nearest_canonical_atm_euclidean,
1310,9b0bfc62-59d8-573e-81b2-fee4669a409a,2023-05-12,0.014789722,0,Hyderabad,nearest_canonical_atm_euclidean,
1311,8279eaa3-c5e0-5a20-9db9-075ee86efeb4,2023-03-10,0.014770281,0,Kolkata,nearest_canonical_atm_euclidean,
1312,7bb876b7-d98c-59b9-bfe7-5d6d8706898d,2023-03-24,0.014754357,0,New Delhi,nearest_canonical_atm_euclidean,
1313,6ded4d28-8bc2-5507-85db-b9ec23a0756c,2023-04-14,0.0147527335,0,Mumbai,nearest_canonical_atm_euclidean,
1314,8279eaa3-c5e0-5a20-9db9-075ee86efeb4,2023-08-04,0.01474478,0,Kolkata,nearest_canonical_atm_euclidean,
1315,9ec9c0ef-9209-5a42-84e8-2013032e9b9e,2023-08-25,0.014736553,0,Chennai,nearest_canonical_atm_euclidean,
1316,863a1f8a-9358-5d83-a37a-ef1b3af72061,2023-07-28,0.014731188,0,New Delhi,nearest_canonical_atm_euclidean,
1317,3b1e5d03-563a-5430-87b7-e281fa8f8af4,2023-06-09,0.014725493,0,Mumbai,nearest_canonical_atm_euclidean,
1318,c991fb7a-f5c2-5464-b968-538bf5c140df,2023-11-10,0.014712838,0,Mumbai,nearest_canonical_atm_euclidean,
1319,ba44c170-601e-501e-a74f-77b6e98cae26,2023-05-12,0.014707993,0,Hyderabad,nearest_canonical_atm_euclidean,
1320,41adf9c7-e4f5-56f8-a964-fecf7428833b,2023-11-03,0.014680903,0,Jaipur,nearest_canonical_atm_euclidean,
1321,7bb876b7-d98c-59b9-bfe7-5d6d8706898d,2023-06-16,0.014630533,0,New Delhi,nearest_canonical_atm_euclidean,
1322,9ec9c0ef-9209-5a42-84e8-2013032e9b9e,2023-09-01,0.014610341,0,Chennai,nearest_canonical_atm_euclidean,
1323,6a5e8429-628a-5a7d-b3da-577e42cb4cd4,2023-07-07,0.014601977,0,Bengaluru,nearest_canonical_atm_euclidean,
1324,b7c4c3b5-15ff-512b-bc9b-d52f3797f893,2023-04-21,0.014600109,0,Chennai,nearest_canonical_atm_euclidean,
1325,41174545-6f86-5ccc-94c0-7054225d58ad,2023-09-08,0.014569482,0,Chennai,nearest_canonical_atm_euclidean,
1326,ce707439-e5cd-56de-8ce2-b3a7f8a910c5,2023-02-03,0.014554155,0,Hyderabad,nearest_canonical_atm_euclidean,
1327,23f00f1f-a233-5e89-8069-27d2584ad221,2023-05-05,0.014540656,0,Hyderabad,nearest_canonical_atm_euclidean,
1328,0949a9d8-1c2f-5d53-bc48-6050d92fe35b,2023-08-04,0.014538866,0,Bengaluru,nearest_canonical_atm_euclidean,
1329,8279eaa3-c5e0-5a20-9db9-075ee86efeb4,2023-12-08,0.014537362,0,Kolkata,nearest_canonical_atm_euclidean,
1330,eade7219-66ba-5894-8964-9eff10228818,2023-03-03,0.014531522,0,Jaipur,nearest_canonical_atm_euclidean,
1331,51f7f7da-0718-5063-91b2-d743096e78e1,2023-03-31,0.014524687,0,Bengaluru,nearest_canonical_atm_euclidean,
1332,d96fb612-761a-52d1-8bfd-a2368e7f9fd3,2023-02-17,0.014491371,0,Jaipur,nearest_canonical_atm_euclidean,
1333,422e93c8-7fc2-5abd-bd82-7b2eb566f6e6,2023-02-10,0.014489416,0,Kolkata,nearest_canonical_atm_euclidean,
1334,59fb71b7-27d2-56ae-87ab-548765379b67,2023-08-04,0.014487123,0,Bengaluru,nearest_canonical_atm_euclidean,
1335,b8864095-68a2-5748-a216-676e811b321c,2023-08-04,0.014481111,0,Chennai,nearest_canonical_atm_euclidean,
1336,bbdf6837-aab5-5b4e-839e-9ee61eaea352,2023-09-15,0.014425654,0,Mumbai,nearest_canonical_atm_euclidean,
1337,fceef9b3-9818-5d9c-9786-aa1ba0a869e2,2023-01-27,0.014417175,0,Mumbai,nearest_canonical_atm_euclidean,
1338,cf923010-1ea8-516f-8a40-b3db95dce888,2023-09-01,0.014407429,0,Chennai,nearest_canonical_atm_euclidean,
1339,1b131b05-4df1-5564-b4fd-6cb5e09cfdd5,2023-03-10,0.014369255,0,Kolkata,nearest_canonical_atm_euclidean,
1340,83a48d15-e769-5c36-ba85-663466038d79,2023-10-06,0.014367371,0,Kolkata,nearest_canonical_atm_euclidean,
1341,91abf21e-5b5e-5823-b4f0-c5d40f77d717,2023-08-04,0.014364623,0,New Delhi,nearest_canonical_atm_euclidean,
1342,afecdedf-a580-5453-aee1-cce5a1fc6571,2023-10-13,0.014359103,0,Ahmedabad,nearest_canonical_atm_euclidean,
1343,051674e2-a8c4-5111-bf54-2c937a9c722a,2023-11-03,0.014358664,0,New Delhi,nearest_canonical_atm_euclidean,
1344,422e93c8-7fc2-5abd-bd82-7b2eb566f6e6,2023-06-09,0.014357948,0,Kolkata,nearest_canonical_atm_euclidean,
1345,37d50aaa-0ca6-52fd-ba0f-a0c734b03d34,2023-03-03,0.014355303,0,Mumbai,nearest_canonical_atm_euclidean,
1346,0949a9d8-1c2f-5d53-bc48-6050d92fe35b,2023-06-23,0.014341795,0,Bengaluru,nearest_canonical_atm_euclidean,
1347,863a1f8a-9358-5d83-a37a-ef1b3af72061,2023-03-03,0.014337658,0,New Delhi,nearest_canonical_atm_euclidean,
1348,ea588019-c786-57ab-8c8d-be7ada3e3273,2023-01-13,0.014312644,0,Hyderabad,nearest_canonical_atm_euclidean,
1349,1ceabaf4-936c-5e09-9db4-955f82fbe69e,2023-11-03,0.014308878,0,Bengaluru,nearest_canonical_atm_euclidean,
1350,d05fbe4b-fcba-52a3-9d29-e0fce9ccdbd9,2023-09-01,0.014280082,0,New Delhi,nearest_canonical_atm_euclidean,
1351,7c1562ed-0c51-50a9-b83b-049fcdfe12b4,2023-08-18,0.014271661,0,Jaipur,nearest_canonical_atm_euclidean,
1352,1b131b05-4df1-5564-b4fd-6cb5e09cfdd5,2023-11-03,0.01426881,0,Kolkata,nearest_canonical_atm_euclidean,
1353,a2bdeeac-87ea-5acb-a121-647dd81616e4,2023-07-07,0.014211847,0,Bengaluru,nearest_canonical_atm_euclidean,
1354,328c3398-026a-5b82-ad02-8598a7d943ba,2023-07-14,0.014171694,0,Bengaluru,nearest_canonical_atm_euclidean,
1355,41174545-6f86-5ccc-94c0-7054225d58ad,2023-02-17,0.014168416,0,Chennai,nearest_canonical_atm_euclidean,
1356,de2d188a-a433-5f4b-869a-2ffe30dfc6ab,2023-06-23,0.014157332,0,Ahmedabad,nearest_canonical_atm_euclidean,
1357,65a9af02-f38e-5bc1-a908-6a3a653df0fc,2023-02-24,0.014155787,0,Ahmedabad,nearest_canonical_atm_euclidean,
1358,1ceabaf4-936c-5e09-9db4-955f82fbe69e,2023-10-06,0.014153671,0,Bengaluru,nearest_canonical_atm_euclidean,
1359,38ef268a-dcd0-56f8-8c8f-954520b5c33b,2023-08-04,0.01414535,0,Ahmedabad,nearest_canonical_atm_euclidean,
1360,6110b5e8-c838-5a36-af9e-ceec51e0c409,2023-03-31,0.014131958,0,New Delhi,nearest_canonical_atm_euclidean,
1361,1af29445-7edb-54fb-a987-f6ba18f4dcc3,2023-02-03,0.014124883,0,Bengaluru,nearest_canonical_atm_euclidean,
1362,9d88e52f-9303-5776-9acc-390b8ece126d,2023-02-17,0.014104222,0,Chennai,nearest_canonical_atm_euclidean,
1363,422e93c8-7fc2-5abd-bd82-7b2eb566f6e6,2023-04-28,0.014102961,0,Kolkata,nearest_canonical_atm_euclidean,
1364,3b1e5d03-563a-5430-87b7-e281fa8f8af4,2023-11-10,0.014084065,0,Mumbai,nearest_canonical_atm_euclidean,
1365,d96fb612-761a-52d1-8bfd-a2368e7f9fd3,2023-03-10,0.014075024,0,Jaipur,nearest_canonical_atm_euclidean,
1366,3aa4e1f6-58c6-5cbb-a302-28689bbca879,2023-03-24,0.014072431,0,Bengaluru,nearest_canonical_atm_euclidean,
1367,47b40f44-e493-5f2d-b12c-8a7eb6ccd6f4,2023-06-09,0.014030376,0,Jaipur,nearest_canonical_atm_euclidean,
1368,7af28f6a-7ed8-5ba7-97f0-f49875cbb077,2023-08-11,0.014001856,0,Mumbai,nearest_canonical_atm_euclidean,
1369,7c8a9fea-1f01-5794-b1f8-1f33bc77651b,2023-10-06,0.014001152,0,New Delhi,nearest_canonical_atm_euclidean,
1370,f41c7ddd-7008-5aeb-99eb-f05a1845a016,2023-08-04,0.013949701,0,Bengaluru,nearest_canonical_atm_euclidean,
1371,37d50aaa-0ca6-52fd-ba0f-a0c734b03d34,2023-01-13,0.01390736,0,Mumbai,nearest_canonical_atm_euclidean,
1372,1ca42a9a-50ec-5a1d-99e3-81bf7c579716,2023-02-24,0.01390079,0,New Delhi,nearest_canonical_atm_euclidean,
1373,f41c7ddd-7008-5aeb-99eb-f05a1845a016,2023-09-01,0.013896347,0,Bengaluru,nearest_canonical_atm_euclidean,
1374,d5f219b1-03da-5f87-a5da-607ea7af6899,2023-09-29,0.013893164,0,Bengaluru,nearest_canonical_atm_euclidean,
1375,6110b5e8-c838-5a36-af9e-ceec51e0c409,2023-02-17,0.013865512,0,New Delhi,nearest_canonical_atm_euclidean,
1376,d5f219b1-03da-5f87-a5da-607ea7af6899,2023-04-21,0.013863355,0,Bengaluru,nearest_canonical_atm_euclidean,
1377,6a5e8429-628a-5a7d-b3da-577e42cb4cd4,2023-01-27,0.013862123,0,Bengaluru,nearest_canonical_atm_euclidean,
1378,644ec086-7a2f-56c1-8890-a0cf1371bb8f,2023-05-12,0.013856081,0,Jaipur,nearest_canonical_atm_euclidean,
1379,37d50aaa-0ca6-52fd-ba0f-a0c734b03d34,2023-03-24,0.013845478,0,Mumbai,nearest_canonical_atm_euclidean,
1380,b73cca25-bce0-5c18-8339-4e08c62ff897,2023-06-09,0.013843121,0,Kolkata,nearest_canonical_atm_euclidean,
1381,37d50aaa-0ca6-52fd-ba0f-a0c734b03d34,2023-01-06,0.013835807,0,Mumbai,nearest_canonical_atm_euclidean,
1382,d89b2703-b172-5529-922c-4af9eb48d45f,2023-07-14,0.013817419,0,New Delhi,nearest_canonical_atm_euclidean,
1383,7af28f6a-7ed8-5ba7-97f0-f49875cbb077,2023-05-19,0.013810709,0,Mumbai,nearest_canonical_atm_euclidean,
1384,3b1e5d03-563a-5430-87b7-e281fa8f8af4,2023-07-14,0.013792115,0,Mumbai,nearest_canonical_atm_euclidean,
1385,964994af-c467-5422-8727-4914e98a9b1b,2023-02-17,0.013783238,0,Hyderabad,nearest_canonical_atm_euclidean,
1386,9f8333ec-0af9-502c-8e87-21bd0e5ef301,2023-01-20,0.013775741,0,Kolkata,nearest_canonical_atm_euclidean,
1387,37d50aaa-0ca6-52fd-ba0f-a0c734b03d34,2023-04-14,0.013762034,0,Mumbai,nearest_canonical_atm_euclidean,
1388,d89b2703-b172-5529-922c-4af9eb48d45f,2023-12-15,0.0137414085,0,New Delhi,nearest_canonical_atm_euclidean,
1389,422e93c8-7fc2-5abd-bd82-7b2eb566f6e6,2023-11-24,0.01371742,0,Kolkata,nearest_canonical_atm_euclidean,
1390,422e93c8-7fc2-5abd-bd82-7b2eb566f6e6,2022-12-30,0.013712822,0,Kolkata,nearest_canonical_atm_euclidean,
1391,328c3398-026a-5b82-ad02-8598a7d943ba,2023-03-03,0.013688789,0,Bengaluru,nearest_canonical_atm_euclidean,
1392,3aa4e1f6-58c6-5cbb-a302-28689bbca879,2023-10-27,0.013678235,0,Bengaluru,nearest_canonical_atm_euclidean,
1393,c45eaf1f-d739-587d-8090-276bc5a6a01e,2023-10-06,0.013672644,0,New Delhi,nearest_canonical_atm_euclidean,
1394,1ceabaf4-936c-5e09-9db4-955f82fbe69e,2023-06-30,0.013581881,0,Bengaluru,nearest_canonical_atm_euclidean,
1395,2e751f5b-ebe1-5162-b43d-482303a259e3,2023-03-10,0.013569903,0,Kolkata,nearest_canonical_atm_euclidean,
1396,b7c4c3b5-15ff-512b-bc9b-d52f3797f893,2023-06-09,0.013561467,0,Chennai,nearest_canonical_atm_euclidean,
1397,c991fb7a-f5c2-5464-b968-538bf5c140df,2023-07-14,0.0135315955,0,Mumbai,nearest_canonical_atm_euclidean,
1398,7c8a9fea-1f01-5794-b1f8-1f33bc77651b,2023-11-24,0.013527363,0,New Delhi,nearest_canonical_atm_euclidean,
1399,f801c521-91da-5b20-88bb-185c236cf141,2023-09-29,0.013510847,0,Jaipur,nearest_canonical_atm_euclidean,
1400,d5f219b1-03da-5f87-a5da-607ea7af6899,2023-11-17,0.013486319,0,Bengaluru,nearest_canonical_atm_euclidean,
1401,c991fb7a-f5c2-5464-b968-538bf5c140df,2022-12-30,0.013482037,0,Mumbai,nearest_canonical_atm_euclidean,
1402,eade7219-66ba-5894-8964-9eff10228818,2023-10-06,0.013477516,0,Jaipur,nearest_canonical_atm_euclidean,
1403,a5676c6d-3d3e-517c-81a9-86b85c039df1,2023-01-27,0.013455901,0,Ahmedabad,nearest_canonical_atm_euclidean,
1404,38ef268a-dcd0-56f8-8c8f-954520b5c33b,2023-10-20,0.01343355,0,Ahmedabad,nearest_canonical_atm_euclidean,
1405,ab7406b4-42c4-5a64-a99f-ed1e9a1912a6,2023-12-08,0.013426537,0,Kolkata,nearest_canonical_atm_euclidean,
1406,051674e2-a8c4-5111-bf54-2c937a9c722a,2023-07-28,0.013420152,0,New Delhi,nearest_canonical_atm_euclidean,
1407,0e83a772-d0c1-5d38-9f1f-4a51eb7ee575,2023-06-16,0.013384169,0,Kolkata,nearest_canonical_atm_euclidean,
1408,08c99329-0e59-5327-8796-9fef243ca011,2023-11-17,0.013348809,0,Bengaluru,nearest_canonical_atm_euclidean,
1409,f3b246fb-34cb-5d78-af2d-6a294c2857ba,2023-08-04,0.01333695,0,Kolkata,nearest_canonical_atm_euclidean,
1410,328c3398-026a-5b82-ad02-8598a7d943ba,2023-04-28,0.013314525,0,Bengaluru,nearest_canonical_atm_euclidean,
1411,fbbc3df5-4722-57b4-9788-6244a82eaa45,2023-12-15,0.0133077735,0,Chennai,nearest_canonical_atm_euclidean,
1412,8df3fb3f-36b9-5e62-b1aa-54e0ed960822,2023-09-29,0.0132986605,0,Mumbai,nearest_canonical_atm_euclidean,
1413,7c8a9fea-1f01-5794-b1f8-1f33bc77651b,2023-01-06,0.013289967,0,New Delhi,nearest_canonical_atm_euclidean,
1414,7aee3f20-61f3-58df-bbd1-af7d2ad4f502,2023-02-24,0.013276673,0,Mumbai,nearest_canonical_atm_euclidean,
1415,2ec2dfb2-1938-5797-bf2d-736d604948cb,2023-01-27,0.013247681,0,Mumbai,nearest_canonical_atm_euclidean,
1416,b2e6f33c-17a1-547b-a103-0541efcaee5d,2023-11-17,0.013245712,0,Ahmedabad,nearest_canonical_atm_euclidean,
1417,800f26bb-ab13-53a8-8329-4e07a6b7cf1d,2023-10-27,0.013239967,0,Mumbai,nearest_canonical_atm_euclidean,
1418,642f4235-82f6-5143-8ea5-5048e8f0d80a,2023-06-30,0.013212914,0,Hyderabad,nearest_canonical_atm_euclidean,
1419,cf923010-1ea8-516f-8a40-b3db95dce888,2023-06-09,0.013182286,0,Chennai,nearest_canonical_atm_euclidean,
1420,9f8333ec-0af9-502c-8e87-21bd0e5ef301,2023-11-03,0.013173314,0,Kolkata,nearest_canonical_atm_euclidean,
1421,d5f219b1-03da-5f87-a5da-607ea7af6899,2023-04-28,0.013162328,0,Bengaluru,nearest_canonical_atm_euclidean,
1422,65a9af02-f38e-5bc1-a908-6a3a653df0fc,2023-07-21,0.013127966,0,Ahmedabad,nearest_canonical_atm_euclidean,
1423,07b1cb4d-de17-5ac2-a00b-02cf9e672ff0,2023-07-14,0.01311582,0,Ahmedabad,nearest_canonical_atm_euclidean,
1424,1b131b05-4df1-5564-b4fd-6cb5e09cfdd5,2023-08-04,0.013063086,0,Kolkata,nearest_canonical_atm_euclidean,
1425,fbbc3df5-4722-57b4-9788-6244a82eaa45,2023-01-27,0.013045276,0,Chennai,nearest_canonical_atm_euclidean,
1426,0949a9d8-1c2f-5d53-bc48-6050d92fe35b,2023-09-22,0.01298342,0,Bengaluru,nearest_canonical_atm_euclidean,
1427,eade7219-66ba-5894-8964-9eff10228818,2022-12-30,0.012982443,0,Jaipur,nearest_canonical_atm_euclidean,
1428,9d88e52f-9303-5776-9acc-390b8ece126d,2023-01-27,0.012982088,0,Chennai,nearest_canonical_atm_euclidean,
1429,fceef9b3-9818-5d9c-9786-aa1ba0a869e2,2023-05-12,0.012972138,0,Mumbai,nearest_canonical_atm_euclidean,
1430,3b1e5d03-563a-5430-87b7-e281fa8f8af4,2023-09-22,0.012944663,0,Mumbai,nearest_canonical_atm_euclidean,
1431,a9c5b13b-e31b-5d61-b111-d30041fcd1e9,2023-06-30,0.012938822,0,Ahmedabad,nearest_canonical_atm_euclidean,
1432,9ec9c0ef-9209-5a42-84e8-2013032e9b9e,2023-08-18,0.012923527,0,Chennai,nearest_canonical_atm_euclidean,
1433,3b1e5d03-563a-5430-87b7-e281fa8f8af4,2023-04-28,0.0129170865,0,Mumbai,nearest_canonical_atm_euclidean,
1434,67107270-efc6-529d-8ace-22395900dddc,2023-11-24,0.012892079,0,Ahmedabad,nearest_canonical_atm_euclidean,
1435,14e22c3d-5500-5971-b937-f612a3b05543,2023-11-03,0.01288893,0,Chennai,nearest_canonical_atm_euclidean,
1436,863a1f8a-9358-5d83-a37a-ef1b3af72061,2023-05-19,0.012886244,0,New Delhi,nearest_canonical_atm_euclidean,
1437,14f26062-7d75-550d-ae7d-50ad61eb0e1b,2023-11-24,0.0128724575,0,Jaipur,nearest_canonical_atm_euclidean,
1438,051674e2-a8c4-5111-bf54-2c937a9c722a,2023-10-27,0.012864505,0,New Delhi,nearest_canonical_atm_euclidean,
1439,37d50aaa-0ca6-52fd-ba0f-a0c734b03d34,2023-12-15,0.012853501,0,Mumbai,nearest_canonical_atm_euclidean,
1440,051674e2-a8c4-5111-bf54-2c937a9c722a,2023-09-15,0.012834686,0,New Delhi,nearest_canonical_atm_euclidean,
1441,81697ea2-f5de-540b-a729-ead84b45e611,2023-07-28,0.012822856,0,Mumbai,nearest_canonical_atm_euclidean,
1442,34ff42c5-aa0c-58b5-b153-3aa920bff5c7,2023-06-23,0.012799559,0,Chennai,nearest_canonical_atm_euclidean,
1443,38ef268a-dcd0-56f8-8c8f-954520b5c33b,2023-01-13,0.012787498,0,Ahmedabad,nearest_canonical_atm_euclidean,
1444,eade7219-66ba-5894-8964-9eff10228818,2023-01-27,0.012771856,0,Jaipur,nearest_canonical_atm_euclidean,
1445,b3dc96a5-31cc-51a8-a4bc-4d47da6df377,2023-03-03,0.012753958,0,New Delhi,nearest_canonical_atm_euclidean,
1446,47b40f44-e493-5f2d-b12c-8a7eb6ccd6f4,2023-09-29,0.012733626,0,Jaipur,nearest_canonical_atm_euclidean,
1447,c1ef55eb-7ba3-5dca-9329-fa76b3327004,2023-09-08,0.012724786,0,Chennai,nearest_canonical_atm_euclidean,
1448,38ef268a-dcd0-56f8-8c8f-954520b5c33b,2023-11-17,0.012703676,0,Ahmedabad,nearest_canonical_atm_euclidean,
1449,6ded4d28-8bc2-5507-85db-b9ec23a0756c,2023-11-03,0.012703257,0,Mumbai,nearest_canonical_atm_euclidean,
1450,1b131b05-4df1-5564-b4fd-6cb5e09cfdd5,2023-05-19,0.012700501,0,Kolkata,nearest_canonical_atm_euclidean,
1451,f3b246fb-34cb-5d78-af2d-6a294c2857ba,2023-02-10,0.012688399,0,Kolkata,nearest_canonical_atm_euclidean,
1452,37d50aaa-0ca6-52fd-ba0f-a0c734b03d34,2023-11-03,0.01268736,0,Mumbai,nearest_canonical_atm_euclidean,
1453,65a9af02-f38e-5bc1-a908-6a3a653df0fc,2023-06-30,0.012660639,0,Ahmedabad,nearest_canonical_atm_euclidean,
1454,fceef9b3-9818-5d9c-9786-aa1ba0a869e2,2023-06-09,0.012656008,0,Mumbai,nearest_canonical_atm_euclidean,
1455,800f26bb-ab13-53a8-8329-4e07a6b7cf1d,2023-07-14,0.012646621,0,Mumbai,nearest_canonical_atm_euclidean,
1456,3b1e5d03-563a-5430-87b7-e281fa8f8af4,2023-06-02,0.012619,0,Mumbai,nearest_canonical_atm_euclidean,
1457,de2d188a-a433-5f4b-869a-2ffe30dfc6ab,2023-04-28,0.012617105,0,Ahmedabad,nearest_canonical_atm_euclidean,
1458,fbbc3df5-4722-57b4-9788-6244a82eaa45,2023-06-16,0.01261578,0,Chennai,nearest_canonical_atm_euclidean,
1459,23f00f1f-a233-5e89-8069-27d2584ad221,2023-09-15,0.0126118725,0,Hyderabad,nearest_canonical_atm_euclidean,
1460,d5f219b1-03da-5f87-a5da-607ea7af6899,2023-03-10,0.012605752,0,Bengaluru,nearest_canonical_atm_euclidean,
1461,7aee3f20-61f3-58df-bbd1-af7d2ad4f502,2023-10-20,0.012576123,0,Mumbai,nearest_canonical_atm_euclidean,
1462,afecdedf-a580-5453-aee1-cce5a1fc6571,2023-09-08,0.012559584,0,Ahmedabad,nearest_canonical_atm_euclidean,
1463,328c3398-026a-5b82-ad02-8598a7d943ba,2023-11-03,0.012530044,0,Bengaluru,nearest_canonical_atm_euclidean,
1464,e59ea14d-6014-54fe-bc4f-daf0d4c133e3,2023-08-25,0.012494399,0,Ahmedabad,nearest_canonical_atm_euclidean,
1465,1af29445-7edb-54fb-a987-f6ba18f4dcc3,2023-07-21,0.012491988,0,Bengaluru,nearest_canonical_atm_euclidean,
1466,7aee3f20-61f3-58df-bbd1-af7d2ad4f502,2023-06-09,0.012479137,0,Mumbai,nearest_canonical_atm_euclidean,
1467,37d50aaa-0ca6-52fd-ba0f-a0c734b03d34,2023-07-14,0.012478936,0,Mumbai,nearest_canonical_atm_euclidean,
1468,328c3398-026a-5b82-ad02-8598a7d943ba,2023-08-25,0.012478678,0,Bengaluru,nearest_canonical_atm_euclidean,
1469,3b1e5d03-563a-5430-87b7-e281fa8f8af4,2023-02-03,0.012454937,0,Mumbai,nearest_canonical_atm_euclidean,
1470,0e83a772-d0c1-5d38-9f1f-4a51eb7ee575,2023-09-01,0.01244735,0,Kolkata,nearest_canonical_atm_euclidean,
1471,1ca42a9a-50ec-5a1d-99e3-81bf7c579716,2023-04-14,0.012446722,0,New Delhi,nearest_canonical_atm_euclidean,
1472,4cc4f0b0-6522-5752-8674-65bde1e7ee07,2023-07-07,0.012407397,0,Hyderabad,nearest_canonical_atm_euclidean,
1473,4cc4f0b0-6522-5752-8674-65bde1e7ee07,2023-11-24,0.012392979,0,Hyderabad,nearest_canonical_atm_euclidean,
1474,59684263-0e01-5fc5-9de6-966d650e19e5,2023-04-21,0.012391562,0,Mumbai,nearest_canonical_atm_euclidean,
1475,afecdedf-a580-5453-aee1-cce5a1fc6571,2023-05-12,0.012390441,0,Ahmedabad,nearest_canonical_atm_euclidean,
1476,4407e36e-71bc-5526-9a73-9f76e801cc45,2023-07-07,0.012390119,0,Kolkata,nearest_canonical_atm_euclidean,
1477,ba44c170-601e-501e-a74f-77b6e98cae26,2023-09-22,0.012358535,0,Hyderabad,nearest_canonical_atm_euclidean,
1478,c1ef55eb-7ba3-5dca-9329-fa76b3327004,2023-12-15,0.0123504065,0,Chennai,nearest_canonical_atm_euclidean,
1479,38ef268a-dcd0-56f8-8c8f-954520b5c33b,2023-07-21,0.01233757,0,Ahmedabad,nearest_canonical_atm_euclidean,
1480,37d50aaa-0ca6-52fd-ba0f-a0c734b03d34,2023-02-10,0.012301708,0,Mumbai,nearest_canonical_atm_euclidean,
1481,c4d45e66-af66-5d62-9ec1-a719ee0110b8,2023-12-08,0.012299211,0,Bengaluru,nearest_canonical_atm_euclidean,
1482,14e22c3d-5500-5971-b937-f612a3b05543,2022-12-30,0.0122925965,0,Chennai,nearest_canonical_atm_euclidean,
1483,642f4235-82f6-5143-8ea5-5048e8f0d80a,2023-10-13,0.0122657865,0,Hyderabad,nearest_canonical_atm_euclidean,
1484,5cbba4d0-3c52-5f68-9295-d2058d5ea946,2023-06-23,0.012253903,0,Mumbai,nearest_canonical_atm_euclidean,
1485,7142d25c-5954-53f9-ba18-f95055901780,2023-08-18,0.012182082,0,Bengaluru,nearest_canonical_atm_euclidean,
1486,46d959a8-3a7a-51b4-a5d0-e6489f19d5ab,2023-10-13,0.012168446,0,Ahmedabad,nearest_canonical_atm_euclidean,
1487,8d9781e0-0f19-5e72-9add-8fe3b028bb83,2023-08-11,0.012142868,0,Hyderabad,nearest_canonical_atm_euclidean,
1488,7142d25c-5954-53f9-ba18-f95055901780,2023-04-14,0.012115699,0,Bengaluru,nearest_canonical_atm_euclidean,
1489,1b131b05-4df1-5564-b4fd-6cb5e09cfdd5,2023-12-01,0.012013314,0,Kolkata,nearest_canonical_atm_euclidean,
1490,0e83a772-d0c1-5d38-9f1f-4a51eb7ee575,2023-09-08,0.012004545,0,Kolkata,nearest_canonical_atm_euclidean,
1491,08c99329-0e59-5327-8796-9fef243ca011,2023-05-12,0.01197872,0,Bengaluru,nearest_canonical_atm_euclidean,
1492,863a1f8a-9358-5d83-a37a-ef1b3af72061,2023-04-14,0.011965292,0,New Delhi,nearest_canonical_atm_euclidean,
1493,de2d188a-a433-5f4b-869a-2ffe30dfc6ab,2023-10-13,0.01195392,0,Ahmedabad,nearest_canonical_atm_euclidean,
1494,f801c521-91da-5b20-88bb-185c236cf141,2023-10-27,0.011953521,0,Jaipur,nearest_canonical_atm_euclidean,
1495,5cbba4d0-3c52-5f68-9295-d2058d5ea946,2023-05-05,0.011952597,0,Mumbai,nearest_canonical_atm_euclidean,
1496,422e93c8-7fc2-5abd-bd82-7b2eb566f6e6,2023-01-20,0.0119511215,0,Kolkata,nearest_canonical_atm_euclidean,
1497,1b131b05-4df1-5564-b4fd-6cb5e09cfdd5,2023-01-27,0.011939229,0,Kolkata,nearest_canonical_atm_euclidean,
1498,f1f8d2d0-6ea3-5875-acce-a83a08547247,2023-11-17,0.011933191,0,New Delhi,nearest_canonical_atm_euclidean,
1499,3aa4e1f6-58c6-5cbb-a302-28689bbca879,2023-04-28,0.01192026,0,Bengaluru,nearest_canonical_atm_euclidean,
1500,0e83a772-d0c1-5d38-9f1f-4a51eb7ee575,2023-07-21,0.01191924,0,Kolkata,nearest_canonical_atm_euclidean,
1501,81697ea2-f5de-540b-a729-ead84b45e611,2023-08-04,0.011916818,0,Mumbai,nearest_canonical_atm_euclidean,
1502,d5f219b1-03da-5f87-a5da-607ea7af6899,2023-03-24,0.011910122,0,Bengaluru,nearest_canonical_atm_euclidean,
1503,eade7219-66ba-5894-8964-9eff10228818,2023-09-22,0.011891578,0,Jaipur,nearest_canonical_atm_euclidean,
1504,7c8a9fea-1f01-5794-b1f8-1f33bc77651b,2023-11-03,0.011845428,0,New Delhi,nearest_canonical_atm_euclidean,
1505,37d50aaa-0ca6-52fd-ba0f-a0c734b03d34,2023-10-06,0.011841151,0,Mumbai,nearest_canonical_atm_euclidean,
1506,46d959a8-3a7a-51b4-a5d0-e6489f19d5ab,2023-10-06,0.011817061,0,Ahmedabad,nearest_canonical_atm_euclidean,
1507,59fb71b7-27d2-56ae-87ab-548765379b67,2023-12-15,0.011811066,0,Bengaluru,nearest_canonical_atm_euclidean,
1508,a9c5b13b-e31b-5d61-b111-d30041fcd1e9,2023-04-28,0.011787309,0,Ahmedabad,nearest_canonical_atm_euclidean,
1509,aac4fab3-2fa2-532d-b442-87ce705ae9f3,2023-04-07,0.011752872,0,Bengaluru,nearest_canonical_atm_euclidean,
1510,e3c72b40-457d-5627-b578-4da7a09c1fc1,2023-10-27,0.011742581,0,New Delhi,nearest_canonical_atm_euclidean,
1511,b7c4c3b5-15ff-512b-bc9b-d52f3797f893,2023-03-10,0.0117416,0,Chennai,nearest_canonical_atm_euclidean,
1512,59684263-0e01-5fc5-9de6-966d650e19e5,2023-11-24,0.01173472,0,Mumbai,nearest_canonical_atm_euclidean,
1513,de2d188a-a433-5f4b-869a-2ffe30dfc6ab,2023-11-17,0.011731081,0,Ahmedabad,nearest_canonical_atm_euclidean,
1514,1af29445-7edb-54fb-a987-f6ba18f4dcc3,2022-12-30,0.011708156,0,Bengaluru,nearest_canonical_atm_euclidean,
1515,8df3fb3f-36b9-5e62-b1aa-54e0ed960822,2023-04-21,0.0117048295,0,Mumbai,nearest_canonical_atm_euclidean,
1516,f1f8d2d0-6ea3-5875-acce-a83a08547247,2023-01-20,0.011697926,0,New Delhi,nearest_canonical_atm_euclidean,
1517,5773a83b-9871-5a2d-b54c-7edfa60ab72d,2023-11-24,0.011690668,0,Jaipur,nearest_canonical_atm_euclidean,
1518,c45eaf1f-d739-587d-8090-276bc5a6a01e,2023-03-31,0.011687516,0,New Delhi,nearest_canonical_atm_euclidean,
1519,9adf3d58-2b6f-5de3-8510-5cc671d1d2e8,2023-05-05,0.011678547,0,Ahmedabad,nearest_canonical_atm_euclidean,
1520,08c99329-0e59-5327-8796-9fef243ca011,2023-12-08,0.01166079,0,Bengaluru,nearest_canonical_atm_euclidean,
1521,41adf9c7-e4f5-56f8-a964-fecf7428833b,2023-08-18,0.011659053,0,Jaipur,nearest_canonical_atm_euclidean,
1522,869d900f-916d-59fb-a1c5-980ea46f3005,2023-11-10,0.011657493,0,Chennai,nearest_canonical_atm_euclidean,
1523,7c8a9fea-1f01-5794-b1f8-1f33bc77651b,2023-10-27,0.011639985,0,New Delhi,nearest_canonical_atm_euclidean,
1524,328c3398-026a-5b82-ad02-8598a7d943ba,2023-04-07,0.011626285,0,Bengaluru,nearest_canonical_atm_euclidean,
1525,2ec2dfb2-1938-5797-bf2d-736d604948cb,2023-04-28,0.011616208,0,Mumbai,nearest_canonical_atm_euclidean,
1526,f41c7ddd-7008-5aeb-99eb-f05a1845a016,2023-04-07,0.011603732,0,Bengaluru,nearest_canonical_atm_euclidean,
1527,964994af-c467-5422-8727-4914e98a9b1b,2023-05-12,0.011578754,0,Hyderabad,nearest_canonical_atm_euclidean,
1528,9e342a67-6e23-50e0-affc-c624e2da2f70,2023-01-27,0.011520751,0,Mumbai,nearest_canonical_atm_euclidean,
1529,051674e2-a8c4-5111-bf54-2c937a9c722a,2023-02-03,0.011515794,0,New Delhi,nearest_canonical_atm_euclidean,
1530,a5676c6d-3d3e-517c-81a9-86b85c039df1,2023-08-25,0.011501712,0,Ahmedabad,nearest_canonical_atm_euclidean,
1531,9f8333ec-0af9-502c-8e87-21bd0e5ef301,2023-09-08,0.011501593,0,Kolkata,nearest_canonical_atm_euclidean,
1532,6a5e8429-628a-5a7d-b3da-577e42cb4cd4,2023-05-26,0.011484895,0,Bengaluru,nearest_canonical_atm_euclidean,
1533,2ec2dfb2-1938-5797-bf2d-736d604948cb,2023-06-16,0.011479987,0,Mumbai,nearest_canonical_atm_euclidean,
1534,7142d25c-5954-53f9-ba18-f95055901780,2023-09-08,0.011458401,0,Bengaluru,nearest_canonical_atm_euclidean,
1535,7aee3f20-61f3-58df-bbd1-af7d2ad4f502,2023-06-02,0.011438556,0,Mumbai,nearest_canonical_atm_euclidean,
1536,59684263-0e01-5fc5-9de6-966d650e19e5,2023-11-10,0.011430235,0,Mumbai,nearest_canonical_atm_euclidean,
1537,863a1f8a-9358-5d83-a37a-ef1b3af72061,2023-12-08,0.011416655,0,New Delhi,nearest_canonical_atm_euclidean,
1538,23f00f1f-a233-5e89-8069-27d2584ad221,2023-07-14,0.011400139,0,Hyderabad,nearest_canonical_atm_euclidean,
1539,bbdf6837-aab5-5b4e-839e-9ee61eaea352,2023-07-28,0.011384453,0,Mumbai,nearest_canonical_atm_euclidean,
1540,7142d25c-5954-53f9-ba18-f95055901780,2023-03-03,0.011367715,0,Bengaluru,nearest_canonical_atm_euclidean,
1541,7c8a9fea-1f01-5794-b1f8-1f33bc77651b,2023-04-07,0.011354974,0,New Delhi,nearest_canonical_atm_euclidean,
1542,c45eaf1f-d739-587d-8090-276bc5a6a01e,2023-03-03,0.011335664,0,New Delhi,nearest_canonical_atm_euclidean,
1543,b7c4c3b5-15ff-512b-bc9b-d52f3797f893,2023-11-24,0.011334816,0,Chennai,nearest_canonical_atm_euclidean,
1544,1ceabaf4-936c-5e09-9db4-955f82fbe69e,2023-09-29,0.011290442,0,Bengaluru,nearest_canonical_atm_euclidean,
1545,c991fb7a-f5c2-5464-b968-538bf5c140df,2023-09-15,0.011285966,0,Mumbai,nearest_canonical_atm_euclidean,
1546,d3483408-08a1-5840-8a4f-e2a5d47c989b,2023-04-28,0.0112666525,0,Chennai,nearest_canonical_atm_euclidean,
1547,d3483408-08a1-5840-8a4f-e2a5d47c989b,2023-04-07,0.01125373,0,Chennai,nearest_canonical_atm_euclidean,
1548,b41f1475-dca2-5dc1-938e-9543cd4de399,2023-08-11,0.011248611,0,Ahmedabad,nearest_canonical_atm_euclidean,
1549,1af29445-7edb-54fb-a987-f6ba18f4dcc3,2023-05-19,0.011243326,0,Bengaluru,nearest_canonical_atm_euclidean,
1550,afecdedf-a580-5453-aee1-cce5a1fc6571,2023-04-14,0.01124111,0,Ahmedabad,nearest_canonical_atm_euclidean,
1551,f1f8d2d0-6ea3-5875-acce-a83a08547247,2023-04-21,0.011220511,0,New Delhi,nearest_canonical_atm_euclidean,
1552,f41c7ddd-7008-5aeb-99eb-f05a1845a016,2023-12-15,0.01120888,0,Bengaluru,nearest_canonical_atm_euclidean,
1553,7af28f6a-7ed8-5ba7-97f0-f49875cbb077,2023-03-31,0.011187163,0,Mumbai,nearest_canonical_atm_euclidean,
1554,e3c72b40-457d-5627-b578-4da7a09c1fc1,2023-08-25,0.01118151,0,New Delhi,nearest_canonical_atm_euclidean,
1555,1af29445-7edb-54fb-a987-f6ba18f4dcc3,2023-02-24,0.011178031,0,Bengaluru,nearest_canonical_atm_euclidean,
1556,ab7406b4-42c4-5a64-a99f-ed1e9a1912a6,2023-09-29,0.011168337,0,Kolkata,nearest_canonical_atm_euclidean,
1557,eade7219-66ba-5894-8964-9eff10228818,2023-08-04,0.01114548,0,Jaipur,nearest_canonical_atm_euclidean,
1558,a2bdeeac-87ea-5acb-a121-647dd81616e4,2023-08-18,0.01114517,0,Bengaluru,nearest_canonical_atm_euclidean,
1559,b7c4c3b5-15ff-512b-bc9b-d52f3797f893,2023-07-21,0.011138124,0,Chennai,nearest_canonical_atm_euclidean,
1560,46d959a8-3a7a-51b4-a5d0-e6489f19d5ab,2023-03-31,0.011095388,0,Ahmedabad,nearest_canonical_atm_euclidean,
1561,7142d25c-5954-53f9-ba18-f95055901780,2023-01-06,0.011094691,0,Bengaluru,nearest_canonical_atm_euclidean,
1562,800f26bb-ab13-53a8-8329-4e07a6b7cf1d,2023-07-07,0.011092253,0,Mumbai,nearest_canonical_atm_euclidean,
1563,aac4fab3-2fa2-532d-b442-87ce705ae9f3,2023-01-27,0.011089011,0,Bengaluru,nearest_canonical_atm_euclidean,
1564,fceef9b3-9818-5d9c-9786-aa1ba0a869e2,2023-03-31,0.011058432,0,Mumbai,nearest_canonical_atm_euclidean,
1565,f3b246fb-34cb-5d78-af2d-6a294c2857ba,2023-09-29,0.011030849,0,Kolkata,nearest_canonical_atm_euclidean,
1566,9adf3d58-2b6f-5de3-8510-5cc671d1d2e8,2023-12-15,0.011005316,0,Ahmedabad,nearest_canonical_atm_euclidean,
1567,37d50aaa-0ca6-52fd-ba0f-a0c734b03d34,2023-09-29,0.011000349,0,Mumbai,nearest_canonical_atm_euclidean,
1568,e2c14eb0-27b2-5683-922f-22f075a86d45,2023-02-03,0.010996148,0,Kolkata,nearest_canonical_atm_euclidean,
1569,e3c72b40-457d-5627-b578-4da7a09c1fc1,2023-11-24,0.010994151,0,New Delhi,nearest_canonical_atm_euclidean,
1570,7aee3f20-61f3-58df-bbd1-af7d2ad4f502,2023-05-05,0.010992223,0,Mumbai,nearest_canonical_atm_euclidean,
1571,d5f219b1-03da-5f87-a5da-607ea7af6899,2023-02-17,0.010986912,0,Bengaluru,nearest_canonical_atm_euclidean,
1572,0e0b8e6c-f46a-5dce-b705-93abfbcedab7,2023-04-07,0.010971699,0,New Delhi,nearest_canonical_atm_euclidean,
1573,f41c7ddd-7008-5aeb-99eb-f05a1845a016,2023-01-27,0.010953236,0,Bengaluru,nearest_canonical_atm_euclidean,
1574,41174545-6f86-5ccc-94c0-7054225d58ad,2023-01-27,0.010940061,0,Chennai,nearest_canonical_atm_euclidean,
1575,41adf9c7-e4f5-56f8-a964-fecf7428833b,2023-03-17,0.010935378,0,Jaipur,nearest_canonical_atm_euclidean,
1576,8df3fb3f-36b9-5e62-b1aa-54e0ed960822,2023-01-27,0.010934301,0,Mumbai,nearest_canonical_atm_euclidean,
1577,ae9a45fc-c291-5efa-a2ad-8e3d969953d5,2023-11-17,0.010929253,0,New Delhi,nearest_canonical_atm_euclidean,
1578,6e2eb94c-abea-566d-881f-33304c81d95b,2023-09-15,0.010929005,0,Hyderabad,nearest_canonical_atm_euclidean,
1579,fbbc3df5-4722-57b4-9788-6244a82eaa45,2023-10-20,0.0109183835,0,Chennai,nearest_canonical_atm_euclidean,
1580,d89b2703-b172-5529-922c-4af9eb48d45f,2023-11-24,0.010908927,0,New Delhi,nearest_canonical_atm_euclidean,
1581,83a48d15-e769-5c36-ba85-663466038d79,2023-09-29,0.010892402,0,Kolkata,nearest_canonical_atm_euclidean,
1582,cf923010-1ea8-516f-8a40-b3db95dce888,2023-08-18,0.0108848065,0,Chennai,nearest_canonical_atm_euclidean,
1583,c45eaf1f-d739-587d-8090-276bc5a6a01e,2023-12-08,0.0108731035,0,New Delhi,nearest_canonical_atm_euclidean,
1584,328c3398-026a-5b82-ad02-8598a7d943ba,2023-10-27,0.010858113,0,Bengaluru,nearest_canonical_atm_euclidean,
1585,aac4fab3-2fa2-532d-b442-87ce705ae9f3,2023-09-15,0.010843358,0,Bengaluru,nearest_canonical_atm_euclidean,
1586,7aee3f20-61f3-58df-bbd1-af7d2ad4f502,2023-09-22,0.010834846,0,Mumbai,nearest_canonical_atm_euclidean,
1587,f801c521-91da-5b20-88bb-185c236cf141,2023-09-01,0.01082849,0,Jaipur,nearest_canonical_atm_euclidean,
1588,b3dc96a5-31cc-51a8-a4bc-4d47da6df377,2023-02-10,0.010827301,0,New Delhi,nearest_canonical_atm_euclidean,
1589,644ec086-7a2f-56c1-8890-a0cf1371bb8f,2023-02-10,0.010824176,0,Jaipur,nearest_canonical_atm_euclidean,
1590,c991fb7a-f5c2-5464-b968-538bf5c140df,2023-02-24,0.010811199,0,Mumbai,nearest_canonical_atm_euclidean,
1591,d89b2703-b172-5529-922c-4af9eb48d45f,2023-02-03,0.010802386,0,New Delhi,nearest_canonical_atm_euclidean,
1592,e789fbe5-81bc-554f-9309-2f60d40df893,2023-10-27,0.010794645,0,Kolkata,nearest_canonical_atm_euclidean,
1593,e3c72b40-457d-5627-b578-4da7a09c1fc1,2023-05-19,0.010769382,0,New Delhi,nearest_canonical_atm_euclidean,
1594,9d88e52f-9303-5776-9acc-390b8ece126d,2023-05-12,0.010766645,0,Chennai,nearest_canonical_atm_euclidean,
1595,1ca42a9a-50ec-5a1d-99e3-81bf7c579716,2023-08-18,0.010754017,0,New Delhi,nearest_canonical_atm_euclidean,
1596,1ceabaf4-936c-5e09-9db4-955f82fbe69e,2023-06-09,0.01075144,0,Bengaluru,nearest_canonical_atm_euclidean,
1597,8d9781e0-0f19-5e72-9add-8fe3b028bb83,2023-01-06,0.010736742,0,Hyderabad,nearest_canonical_atm_euclidean,
1598,d05fbe4b-fcba-52a3-9d29-e0fce9ccdbd9,2023-08-18,0.010725981,0,New Delhi,nearest_canonical_atm_euclidean,
1599,41174545-6f86-5ccc-94c0-7054225d58ad,2023-05-05,0.010696573,0,Chennai,nearest_canonical_atm_euclidean,
1600,6ded4d28-8bc2-5507-85db-b9ec23a0756c,2023-09-15,0.010665952,0,Mumbai,nearest_canonical_atm_euclidean,
1601,e789fbe5-81bc-554f-9309-2f60d40df893,2023-04-21,0.010630728,0,Kolkata,nearest_canonical_atm_euclidean,
1602,328c3398-026a-5b82-ad02-8598a7d943ba,2023-04-14,0.0106269475,0,Bengaluru,nearest_canonical_atm_euclidean,
1603,863a1f8a-9358-5d83-a37a-ef1b3af72061,2023-11-03,0.010612397,0,New Delhi,nearest_canonical_atm_euclidean,
1604,c45eaf1f-d739-587d-8090-276bc5a6a01e,2023-12-01,0.010607457,0,New Delhi,nearest_canonical_atm_euclidean,
1605,6e2eb94c-abea-566d-881f-33304c81d95b,2023-05-12,0.010603929,0,Hyderabad,nearest_canonical_atm_euclidean,
1606,9ec9c0ef-9209-5a42-84e8-2013032e9b9e,2023-11-24,0.010600713,0,Chennai,nearest_canonical_atm_euclidean,
1607,59684263-0e01-5fc5-9de6-966d650e19e5,2023-01-13,0.010595273,0,Mumbai,nearest_canonical_atm_euclidean,
1608,d89b2703-b172-5529-922c-4af9eb48d45f,2023-02-17,0.010594669,0,New Delhi,nearest_canonical_atm_euclidean,
1609,ce707439-e5cd-56de-8ce2-b3a7f8a910c5,2023-10-13,0.010578601,0,Hyderabad,nearest_canonical_atm_euclidean,
1610,83a48d15-e769-5c36-ba85-663466038d79,2023-11-17,0.010566285,0,Kolkata,nearest_canonical_atm_euclidean,
1611,aac4fab3-2fa2-532d-b442-87ce705ae9f3,2023-02-03,0.010545473,0,Bengaluru,nearest_canonical_atm_euclidean,
1612,6a5e8429-628a-5a7d-b3da-577e42cb4cd4,2023-02-03,0.01054299,0,Bengaluru,nearest_canonical_atm_euclidean,
1613,328c3398-026a-5b82-ad02-8598a7d943ba,2023-02-03,0.010530273,0,Bengaluru,nearest_canonical_atm_euclidean,
1614,fbbc3df5-4722-57b4-9788-6244a82eaa45,2023-03-17,0.010528888,0,Chennai,nearest_canonical_atm_euclidean,
1615,47b40f44-e493-5f2d-b12c-8a7eb6ccd6f4,2023-11-10,0.01050903,0,Jaipur,nearest_canonical_atm_euclidean,
1616,afecdedf-a580-5453-aee1-cce5a1fc6571,2023-09-29,0.010507091,0,Ahmedabad,nearest_canonical_atm_euclidean,
1617,051674e2-a8c4-5111-bf54-2c937a9c722a,2023-05-05,0.010506639,0,New Delhi,nearest_canonical_atm_euclidean,
1618,1ceabaf4-936c-5e09-9db4-955f82fbe69e,2023-08-18,0.010493957,0,Bengaluru,nearest_canonical_atm_euclidean,
1619,d5f219b1-03da-5f87-a5da-607ea7af6899,2023-01-20,0.010489121,0,Bengaluru,nearest_canonical_atm_euclidean,
1620,863a1f8a-9358-5d83-a37a-ef1b3af72061,2023-05-05,0.010463575,0,New Delhi,nearest_canonical_atm_euclidean,
1621,5737401f-13a5-5335-9e4c-336a9e870086,2023-05-12,0.010458283,0,Kolkata,nearest_canonical_atm_euclidean,
1622,f41c7ddd-7008-5aeb-99eb-f05a1845a016,2023-11-17,0.010435761,0,Bengaluru,nearest_canonical_atm_euclidean,
1623,83a48d15-e769-5c36-ba85-663466038d79,2022-12-30,0.010425454,0,Kolkata,nearest_canonical_atm_euclidean,
1624,38ef268a-dcd0-56f8-8c8f-954520b5c33b,2023-10-06,0.01041875,0,Ahmedabad,nearest_canonical_atm_euclidean,
1625,8d9781e0-0f19-5e72-9add-8fe3b028bb83,2023-07-21,0.010414018,0,Hyderabad,nearest_canonical_atm_euclidean,
1626,fceef9b3-9818-5d9c-9786-aa1ba0a869e2,2023-01-06,0.010394071,0,Mumbai,nearest_canonical_atm_euclidean,
1627,7aee3f20-61f3-58df-bbd1-af7d2ad4f502,2023-06-16,0.010391418,0,Mumbai,nearest_canonical_atm_euclidean,
1628,7142d25c-5954-53f9-ba18-f95055901780,2023-01-13,0.010366793,0,Bengaluru,nearest_canonical_atm_euclidean,
1629,ba44c170-601e-501e-a74f-77b6e98cae26,2023-02-10,0.010362943,0,Hyderabad,nearest_canonical_atm_euclidean,
1630,ba44c170-601e-501e-a74f-77b6e98cae26,2023-05-05,0.010358024,0,Hyderabad,nearest_canonical_atm_euclidean,
1631,4407e36e-71bc-5526-9a73-9f76e801cc45,2023-09-15,0.010343287,0,Kolkata,nearest_canonical_atm_euclidean,
1632,642f4235-82f6-5143-8ea5-5048e8f0d80a,2023-01-13,0.010330015,0,Hyderabad,nearest_canonical_atm_euclidean,
1633,051674e2-a8c4-5111-bf54-2c937a9c722a,2023-04-07,0.010325882,0,New Delhi,nearest_canonical_atm_euclidean,
1634,d69d9b0a-1678-5866-b094-3f5f19c0c205,2023-02-17,0.010310981,0,Ahmedabad,nearest_canonical_atm_euclidean,
1635,1ceabaf4-936c-5e09-9db4-955f82fbe69e,2023-11-17,0.010309302,0,Bengaluru,nearest_canonical_atm_euclidean,
1636,aac4fab3-2fa2-532d-b442-87ce705ae9f3,2023-06-23,0.0102989795,0,Bengaluru,nearest_canonical_atm_euclidean,
1637,4aabdbdc-9536-5b73-bab4-7cbee9886fed,2023-07-28,0.010293051,0,Hyderabad,nearest_canonical_atm_euclidean,
1638,9adf3d58-2b6f-5de3-8510-5cc671d1d2e8,2023-05-26,0.010292425,0,Ahmedabad,nearest_canonical_atm_euclidean,
1639,83a48d15-e769-5c36-ba85-663466038d79,2023-07-14,0.010273629,0,Kolkata,nearest_canonical_atm_euclidean,
1640,d05fbe4b-fcba-52a3-9d29-e0fce9ccdbd9,2023-01-06,0.010273353,0,New Delhi,nearest_canonical_atm_euclidean,
1641,90bcf56f-15e8-5317-aff9-2bb508a1d03a,2023-03-31,0.0102440035,0,Chennai,nearest_canonical_atm_euclidean,
1642,a5676c6d-3d3e-517c-81a9-86b85c039df1,2023-07-28,0.0102216955,0,Ahmedabad,nearest_canonical_atm_euclidean,
1643,fceef9b3-9818-5d9c-9786-aa1ba0a869e2,2023-06-23,0.010207402,0,Mumbai,nearest_canonical_atm_euclidean,
1644,a2bdeeac-87ea-5acb-a121-647dd81616e4,2023-09-08,0.010199316,0,Bengaluru,nearest_canonical_atm_euclidean,
1645,5737401f-13a5-5335-9e4c-336a9e870086,2023-03-10,0.010193517,0,Kolkata,nearest_canonical_atm_euclidean,
1646,f3b246fb-34cb-5d78-af2d-6a294c2857ba,2023-10-06,0.010174819,0,Kolkata,nearest_canonical_atm_euclidean,
1647,d96fb612-761a-52d1-8bfd-a2368e7f9fd3,2023-01-13,0.010145838,0,Jaipur,nearest_canonical_atm_euclidean,
1648,642f4235-82f6-5143-8ea5-5048e8f0d80a,2023-03-24,0.010139458,0,Hyderabad,nearest_canonical_atm_euclidean,
1649,4cc4f0b0-6522-5752-8674-65bde1e7ee07,2023-08-18,0.010130134,0,Hyderabad,nearest_canonical_atm_euclidean,
1650,7142d25c-5954-53f9-ba18-f95055901780,2023-11-17,0.010127911,0,Bengaluru,nearest_canonical_atm_euclidean,
1651,d69d9b0a-1678-5866-b094-3f5f19c0c205,2023-09-29,0.010108735,0,Ahmedabad,nearest_canonical_atm_euclidean,
1652,7bb876b7-d98c-59b9-bfe7-5d6d8706898d,2023-09-15,0.01010812,0,New Delhi,nearest_canonical_atm_euclidean,
1653,7aee3f20-61f3-58df-bbd1-af7d2ad4f502,2023-04-21,0.010074034,0,Mumbai,nearest_canonical_atm_euclidean,
1654,23f00f1f-a233-5e89-8069-27d2584ad221,2023-07-07,0.010066628,0,Hyderabad,nearest_canonical_atm_euclidean,
1655,d96fb612-761a-52d1-8bfd-a2368e7f9fd3,2022-12-30,0.010064818,0,Jaipur,nearest_canonical_atm_euclidean,
1656,8d9781e0-0f19-5e72-9add-8fe3b028bb83,2023-06-30,0.010063545,0,Hyderabad,nearest_canonical_atm_euclidean,
1657,41174545-6f86-5ccc-94c0-7054225d58ad,2023-01-20,0.010052184,0,Chennai,nearest_canonical_atm_euclidean,
1658,f3b246fb-34cb-5d78-af2d-6a294c2857ba,2023-02-17,0.010030384,0,Kolkata,nearest_canonical_atm_euclidean,
1659,964994af-c467-5422-8727-4914e98a9b1b,2023-05-05,0.010029177,0,Hyderabad,nearest_canonical_atm_euclidean,
1660,2e751f5b-ebe1-5162-b43d-482303a259e3,2023-08-11,0.010009573,0,Kolkata,nearest_canonical_atm_euclidean,
1661,90bcf56f-15e8-5317-aff9-2bb508a1d03a,2023-03-24,0.010008359,0,Chennai,nearest_canonical_atm_euclidean,
1662,7af28f6a-7ed8-5ba7-97f0-f49875cbb077,2023-05-05,0.010005042,0,Mumbai,nearest_canonical_atm_euclidean,
1663,d89b2703-b172-5529-922c-4af9eb48d45f,2023-06-23,0.010001755,0,New Delhi,nearest_canonical_atm_euclidean,
1664,6ded4d28-8bc2-5507-85db-b9ec23a0756c,2023-11-10,0.009990978,0,Mumbai,nearest_canonical_atm_euclidean,
1665,f801c521-91da-5b20-88bb-185c236cf141,2023-08-11,0.009987223,0,Jaipur,nearest_canonical_atm_euclidean,
1666,7c8fbbb0-7633-546c-b927-1accdba2044a,2023-04-14,0.009982547,0,Chennai,nearest_canonical_atm_euclidean,
1667,9e342a67-6e23-50e0-affc-c624e2da2f70,2023-06-30,0.009975641,0,Mumbai,nearest_canonical_atm_euclidean,
1668,fceef9b3-9818-5d9c-9786-aa1ba0a869e2,2023-09-29,0.009961637,0,Mumbai,nearest_canonical_atm_euclidean,
1669,5cbba4d0-3c52-5f68-9295-d2058d5ea946,2023-01-27,0.009950177,0,Mumbai,nearest_canonical_atm_euclidean,
1670,a5676c6d-3d3e-517c-81a9-86b85c039df1,2023-04-07,0.009947908,0,Ahmedabad,nearest_canonical_atm_euclidean,
1671,f69a2a75-085f-5b60-b0c2-9aebccd78b03,2023-05-26,0.009945608,0,Hyderabad,nearest_canonical_atm_euclidean,
1672,e3c72b40-457d-5627-b578-4da7a09c1fc1,2023-05-12,0.009936418,0,New Delhi,nearest_canonical_atm_euclidean,
1673,41174545-6f86-5ccc-94c0-7054225d58ad,2023-04-28,0.009927346,0,Chennai,nearest_canonical_atm_euclidean,
1674,ba44c170-601e-501e-a74f-77b6e98cae26,2023-04-28,0.009925185,0,Hyderabad,nearest_canonical_atm_euclidean,
1675,59684263-0e01-5fc5-9de6-966d650e19e5,2023-10-27,0.0098971855,0,Mumbai,nearest_canonical_atm_euclidean,
1676,b2e6f33c-17a1-547b-a103-0541efcaee5d,2023-06-02,0.00989642,0,Ahmedabad,nearest_canonical_atm_euclidean,
1677,37d50aaa-0ca6-52fd-ba0f-a0c734b03d34,2023-03-31,0.009891575,0,Mumbai,nearest_canonical_atm_euclidean,
1678,0e0b8e6c-f46a-5dce-b705-93abfbcedab7,2023-08-18,0.009887747,0,New Delhi,nearest_canonical_atm_euclidean,
1679,fbbc3df5-4722-57b4-9788-6244a82eaa45,2023-10-13,0.009867501,0,Chennai,nearest_canonical_atm_euclidean,
1680,6a5e8429-628a-5a7d-b3da-577e42cb4cd4,2023-09-01,0.009852112,0,Bengaluru,nearest_canonical_atm_euclidean,
1681,14f26062-7d75-550d-ae7d-50ad61eb0e1b,2023-02-17,0.009843459,0,Jaipur,nearest_canonical_atm_euclidean,
1682,7142d25c-5954-53f9-ba18-f95055901780,2023-12-15,0.009842344,0,Bengaluru,nearest_canonical_atm_euclidean,
1683,ae9a45fc-c291-5efa-a2ad-8e3d969953d5,2023-09-22,0.009839649,0,New Delhi,nearest_canonical_atm_euclidean,
1684,47b40f44-e493-5f2d-b12c-8a7eb6ccd6f4,2023-01-27,0.009820124,0,Jaipur,nearest_canonical_atm_euclidean,
1685,aac4fab3-2fa2-532d-b442-87ce705ae9f3,2023-06-09,0.009758349,0,Bengaluru,nearest_canonical_atm_euclidean,
1686,59684263-0e01-5fc5-9de6-966d650e19e5,2023-03-31,0.009757265,0,Mumbai,nearest_canonical_atm_euclidean,
1687,d3483408-08a1-5840-8a4f-e2a5d47c989b,2023-11-03,0.009729965,0,Chennai,nearest_canonical_atm_euclidean,
1688,0e83a772-d0c1-5d38-9f1f-4a51eb7ee575,2023-02-24,0.009719412,0,Kolkata,nearest_canonical_atm_euclidean,
1689,e789fbe5-81bc-554f-9309-2f60d40df893,2023-02-10,0.009710214,0,Kolkata,nearest_canonical_atm_euclidean,
1690,7c8a9fea-1f01-5794-b1f8-1f33bc77651b,2023-11-17,0.009709023,0,New Delhi,nearest_canonical_atm_euclidean,
1691,6e2eb94c-abea-566d-881f-33304c81d95b,2023-11-17,0.009690723,0,Hyderabad,nearest_canonical_atm_euclidean,
1692,f801c521-91da-5b20-88bb-185c236cf141,2023-11-10,0.009679706,0,Jaipur,nearest_canonical_atm_euclidean,
1693,800f26bb-ab13-53a8-8329-4e07a6b7cf1d,2023-03-10,0.009676991,0,Mumbai,nearest_canonical_atm_euclidean,
1694,7142d25c-5954-53f9-ba18-f95055901780,2023-11-10,0.009667591,0,Bengaluru,nearest_canonical_atm_euclidean,
1695,b7c4c3b5-15ff-512b-bc9b-d52f3797f893,2023-09-29,0.009658255,0,Chennai,nearest_canonical_atm_euclidean,
1696,a5676c6d-3d3e-517c-81a9-86b85c039df1,2023-02-10,0.009654474,0,Ahmedabad,nearest_canonical_atm_euclidean,
1697,46d959a8-3a7a-51b4-a5d0-e6489f19d5ab,2023-01-27,0.009605188,0,Ahmedabad,nearest_canonical_atm_euclidean,
1698,23f00f1f-a233-5e89-8069-27d2584ad221,2023-02-03,0.0096045025,0,Hyderabad,nearest_canonical_atm_euclidean,
1699,0e0b8e6c-f46a-5dce-b705-93abfbcedab7,2023-09-01,0.0095983585,0,New Delhi,nearest_canonical_atm_euclidean,
1700,7bb876b7-d98c-59b9-bfe7-5d6d8706898d,2023-11-10,0.009572609,0,New Delhi,nearest_canonical_atm_euclidean,
1701,7aee3f20-61f3-58df-bbd1-af7d2ad4f502,2023-10-27,0.009570187,0,Mumbai,nearest_canonical_atm_euclidean,
1702,08c99329-0e59-5327-8796-9fef243ca011,2023-03-24,0.009560532,0,Bengaluru,nearest_canonical_atm_euclidean,
1703,9f8333ec-0af9-502c-8e87-21bd0e5ef301,2023-04-07,0.009556831,0,Kolkata,nearest_canonical_atm_euclidean,
1704,2ec2dfb2-1938-5797-bf2d-736d604948cb,2023-10-06,0.009534961,0,Mumbai,nearest_canonical_atm_euclidean,
1705,b41f1475-dca2-5dc1-938e-9543cd4de399,2023-06-16,0.009509748,0,Ahmedabad,nearest_canonical_atm_euclidean,
1706,800f26bb-ab13-53a8-8329-4e07a6b7cf1d,2023-09-29,0.009487352,0,Mumbai,nearest_canonical_atm_euclidean,
1707,9e342a67-6e23-50e0-affc-c624e2da2f70,2023-07-21,0.009475356,0,Mumbai,nearest_canonical_atm_euclidean,
1708,de2d188a-a433-5f4b-869a-2ffe30dfc6ab,2022-12-30,0.009469907,0,Ahmedabad,nearest_canonical_atm_euclidean,
1709,863a1f8a-9358-5d83-a37a-ef1b3af72061,2023-11-10,0.009453952,0,New Delhi,nearest_canonical_atm_euclidean,
1710,3b1e5d03-563a-5430-87b7-e281fa8f8af4,2023-03-17,0.009447707,0,Mumbai,nearest_canonical_atm_euclidean,
1711,964994af-c467-5422-8727-4914e98a9b1b,2023-09-15,0.009424517,0,Hyderabad,nearest_canonical_atm_euclidean,
1712,b2e6f33c-17a1-547b-a103-0541efcaee5d,2023-03-10,0.009424076,0,Ahmedabad,nearest_canonical_atm_euclidean,
1713,37d50aaa-0ca6-52fd-ba0f-a0c734b03d34,2023-09-22,0.009423559,0,Mumbai,nearest_canonical_atm_euclidean,
1714,2ec2dfb2-1938-5797-bf2d-736d604948cb,2022-12-30,0.0094203465,0,Mumbai,nearest_canonical_atm_euclidean,
1715,8df3fb3f-36b9-5e62-b1aa-54e0ed960822,2023-10-27,0.009419714,0,Mumbai,nearest_canonical_atm_euclidean,
1716,644ec086-7a2f-56c1-8890-a0cf1371bb8f,2023-03-24,0.0094077885,0,Jaipur,nearest_canonical_atm_euclidean,
1717,41adf9c7-e4f5-56f8-a964-fecf7428833b,2023-01-27,0.009396583,0,Jaipur,nearest_canonical_atm_euclidean,
1718,aac4fab3-2fa2-532d-b442-87ce705ae9f3,2023-05-12,0.00935244,0,Bengaluru,nearest_canonical_atm_euclidean,
1719,3b1e5d03-563a-5430-87b7-e281fa8f8af4,2023-01-27,0.009351365,0,Mumbai,nearest_canonical_atm_euclidean,
1720,81a02119-b06c-5fc0-b634-9f212b95825a,2023-08-18,0.009346512,0,Hyderabad,nearest_canonical_atm_euclidean,
1721,644ec086-7a2f-56c1-8890-a0cf1371bb8f,2023-03-31,0.009330737,0,Jaipur,nearest_canonical_atm_euclidean,
1722,ea588019-c786-57ab-8c8d-be7ada3e3273,2023-09-01,0.009329781,0,Hyderabad,nearest_canonical_atm_euclidean,
1723,0949a9d8-1c2f-5d53-bc48-6050d92fe35b,2023-04-21,0.009326894,0,Bengaluru,nearest_canonical_atm_euclidean,
1724,fbbc3df5-4722-57b4-9788-6244a82eaa45,2022-12-30,0.009317351,0,Chennai,nearest_canonical_atm_euclidean,
1725,6ded4d28-8bc2-5507-85db-b9ec23a0756c,2023-09-01,0.009311574,0,Mumbai,nearest_canonical_atm_euclidean,
1726,7142d25c-5954-53f9-ba18-f95055901780,2023-10-20,0.009294729,0,Bengaluru,nearest_canonical_atm_euclidean,
1727,d89b2703-b172-5529-922c-4af9eb48d45f,2023-01-06,0.009250734,0,New Delhi,nearest_canonical_atm_euclidean,
1728,964994af-c467-5422-8727-4914e98a9b1b,2023-06-30,0.0091877105,0,Hyderabad,nearest_canonical_atm_euclidean,
1729,eade7219-66ba-5894-8964-9eff10228818,2023-11-24,0.009178846,0,Jaipur,nearest_canonical_atm_euclidean,
1730,5773a83b-9871-5a2d-b54c-7edfa60ab72d,2023-10-20,0.009148223,0,Jaipur,nearest_canonical_atm_euclidean,
1731,328c3398-026a-5b82-ad02-8598a7d943ba,2023-10-20,0.009147342,0,Bengaluru,nearest_canonical_atm_euclidean,
1732,9d88e52f-9303-5776-9acc-390b8ece126d,2023-06-16,0.009140127,0,Chennai,nearest_canonical_atm_euclidean,
1733,a2bdeeac-87ea-5acb-a121-647dd81616e4,2023-08-04,0.009133234,0,Bengaluru,nearest_canonical_atm_euclidean,
1734,ce707439-e5cd-56de-8ce2-b3a7f8a910c5,2023-04-07,0.009116272,0,Hyderabad,nearest_canonical_atm_euclidean,
1735,7aee3f20-61f3-58df-bbd1-af7d2ad4f502,2023-08-18,0.009112043,0,Mumbai,nearest_canonical_atm_euclidean,
1736,81a02119-b06c-5fc0-b634-9f212b95825a,2023-11-24,0.009099842,0,Hyderabad,nearest_canonical_atm_euclidean,
1737,bbdf6837-aab5-5b4e-839e-9ee61eaea352,2023-06-23,0.009092895,0,Mumbai,nearest_canonical_atm_euclidean,
1738,c991fb7a-f5c2-5464-b968-538bf5c140df,2023-05-19,0.009089911,0,Mumbai,nearest_canonical_atm_euclidean,
1739,8d9781e0-0f19-5e72-9add-8fe3b028bb83,2023-05-12,0.009087205,0,Hyderabad,nearest_canonical_atm_euclidean,
1740,90bcf56f-15e8-5317-aff9-2bb508a1d03a,2023-05-19,0.009081625,0,Chennai,nearest_canonical_atm_euclidean,
1741,81a02119-b06c-5fc0-b634-9f212b95825a,2023-05-19,0.009074985,0,Hyderabad,nearest_canonical_atm_euclidean,
1742,fbbc3df5-4722-57b4-9788-6244a82eaa45,2023-01-20,0.009054306,0,Chennai,nearest_canonical_atm_euclidean,
1743,2ec2dfb2-1938-5797-bf2d-736d604948cb,2023-04-14,0.009042842,0,Mumbai,nearest_canonical_atm_euclidean,
1744,9b0bfc62-59d8-573e-81b2-fee4669a409a,2023-09-15,0.00903881,0,Hyderabad,nearest_canonical_atm_euclidean,
1745,07b1cb4d-de17-5ac2-a00b-02cf9e672ff0,2023-05-05,0.009033703,0,Ahmedabad,nearest_canonical_atm_euclidean,
1746,14e22c3d-5500-5971-b937-f612a3b05543,2023-08-25,0.009026513,0,Chennai,nearest_canonical_atm_euclidean,
1747,46d959a8-3a7a-51b4-a5d0-e6489f19d5ab,2023-05-26,0.009004284,0,Ahmedabad,nearest_canonical_atm_euclidean,
1748,7bb876b7-d98c-59b9-bfe7-5d6d8706898d,2023-02-24,0.008992208,0,New Delhi,nearest_canonical_atm_euclidean,
1749,e789fbe5-81bc-554f-9309-2f60d40df893,2023-11-17,0.008979367,0,Kolkata,nearest_canonical_atm_euclidean,
1750,59fb71b7-27d2-56ae-87ab-548765379b67,2023-11-10,0.008976304,0,Bengaluru,nearest_canonical_atm_euclidean,
1751,9f8333ec-0af9-502c-8e87-21bd0e5ef301,2023-08-04,0.008964443,0,Kolkata,nearest_canonical_atm_euclidean,
1752,1b131b05-4df1-5564-b4fd-6cb5e09cfdd5,2023-08-11,0.008959869,0,Kolkata,nearest_canonical_atm_euclidean,
1753,a9c5b13b-e31b-5d61-b111-d30041fcd1e9,2023-02-03,0.0089493105,0,Ahmedabad,nearest_canonical_atm_euclidean,
1754,b41f1475-dca2-5dc1-938e-9543cd4de399,2023-03-17,0.008944161,0,Ahmedabad,nearest_canonical_atm_euclidean,
1755,f1f8d2d0-6ea3-5875-acce-a83a08547247,2023-12-08,0.008943295,0,New Delhi,nearest_canonical_atm_euclidean,
1756,59fb71b7-27d2-56ae-87ab-548765379b67,2023-05-12,0.0089244945,0,Bengaluru,nearest_canonical_atm_euclidean,
1757,7aee3f20-61f3-58df-bbd1-af7d2ad4f502,2023-05-12,0.008923036,0,Mumbai,nearest_canonical_atm_euclidean,
1758,0e0b8e6c-f46a-5dce-b705-93abfbcedab7,2023-09-29,0.008919406,0,New Delhi,nearest_canonical_atm_euclidean,
1759,14f26062-7d75-550d-ae7d-50ad61eb0e1b,2023-05-19,0.008910213,0,Jaipur,nearest_canonical_atm_euclidean,
1760,8df3fb3f-36b9-5e62-b1aa-54e0ed960822,2023-06-30,0.0088883005,0,Mumbai,nearest_canonical_atm_euclidean,
1761,ae9a45fc-c291-5efa-a2ad-8e3d969953d5,2023-03-10,0.008887435,0,New Delhi,nearest_canonical_atm_euclidean,
1762,fbbc3df5-4722-57b4-9788-6244a82eaa45,2023-08-25,0.0088813435,0,Chennai,nearest_canonical_atm_euclidean,
1763,ae9a45fc-c291-5efa-a2ad-8e3d969953d5,2023-01-06,0.008830374,0,New Delhi,nearest_canonical_atm_euclidean,
1764,9f8333ec-0af9-502c-8e87-21bd0e5ef301,2022-12-30,0.008821997,0,Kolkata,nearest_canonical_atm_euclidean,
1765,7af28f6a-7ed8-5ba7-97f0-f49875cbb077,2023-11-10,0.008811909,0,Mumbai,nearest_canonical_atm_euclidean,
1766,38ef268a-dcd0-56f8-8c8f-954520b5c33b,2023-03-10,0.008785074,0,Ahmedabad,nearest_canonical_atm_euclidean,
1767,d89b2703-b172-5529-922c-4af9eb48d45f,2023-04-14,0.008762183,0,New Delhi,nearest_canonical_atm_euclidean,
1768,c4d45e66-af66-5d62-9ec1-a719ee0110b8,2023-06-23,0.008738434,0,Bengaluru,nearest_canonical_atm_euclidean,
1769,b41f1475-dca2-5dc1-938e-9543cd4de399,2023-05-12,0.00873433,0,Ahmedabad,nearest_canonical_atm_euclidean,
1770,9ec9c0ef-9209-5a42-84e8-2013032e9b9e,2023-04-28,0.008731535,0,Chennai,nearest_canonical_atm_euclidean,
1771,182ddc72-62c6-5f3b-b7ae-935c5b5e605b,2023-05-12,0.008724678,0,Jaipur,nearest_canonical_atm_euclidean,
1772,c45eaf1f-d739-587d-8090-276bc5a6a01e,2023-07-28,0.008723726,0,New Delhi,nearest_canonical_atm_euclidean,
1773,7aee3f20-61f3-58df-bbd1-af7d2ad4f502,2023-07-14,0.008703898,0,Mumbai,nearest_canonical_atm_euclidean,
1774,b2e6f33c-17a1-547b-a103-0541efcaee5d,2023-11-03,0.008691465,0,Ahmedabad,nearest_canonical_atm_euclidean,
1775,4aabdbdc-9536-5b73-bab4-7cbee9886fed,2023-02-03,0.008690528,0,Hyderabad,nearest_canonical_atm_euclidean,
1776,0949a9d8-1c2f-5d53-bc48-6050d92fe35b,2023-12-08,0.008683695,0,Bengaluru,nearest_canonical_atm_euclidean,
1777,d89b2703-b172-5529-922c-4af9eb48d45f,2023-12-08,0.008681892,0,New Delhi,nearest_canonical_atm_euclidean,
1778,d89b2703-b172-5529-922c-4af9eb48d45f,2023-12-01,0.008678352,0,New Delhi,nearest_canonical_atm_euclidean,
1779,6ded4d28-8bc2-5507-85db-b9ec23a0756c,2022-12-30,0.008677684,0,Mumbai,nearest_canonical_atm_euclidean,
1780,14e22c3d-5500-5971-b937-f612a3b05543,2023-03-03,0.008663449,0,Chennai,nearest_canonical_atm_euclidean,
1781,a9c5b13b-e31b-5d61-b111-d30041fcd1e9,2023-09-29,0.008659703,0,Ahmedabad,nearest_canonical_atm_euclidean,
1782,f3b246fb-34cb-5d78-af2d-6a294c2857ba,2023-11-03,0.00865172,0,Kolkata,nearest_canonical_atm_euclidean,
1783,aac4fab3-2fa2-532d-b442-87ce705ae9f3,2023-04-14,0.008650984,0,Bengaluru,nearest_canonical_atm_euclidean,
1784,f41c7ddd-7008-5aeb-99eb-f05a1845a016,2023-11-03,0.008647627,0,Bengaluru,nearest_canonical_atm_euclidean,
1785,1af29445-7edb-54fb-a987-f6ba18f4dcc3,2023-10-13,0.008642629,0,Bengaluru,nearest_canonical_atm_euclidean,
1786,7142d25c-5954-53f9-ba18-f95055901780,2023-12-08,0.008640432,0,Bengaluru,nearest_canonical_atm_euclidean,
1787,9adf3d58-2b6f-5de3-8510-5cc671d1d2e8,2023-03-24,0.008621553,0,Ahmedabad,nearest_canonical_atm_euclidean,
1788,65a9af02-f38e-5bc1-a908-6a3a653df0fc,2023-03-24,0.008616468,0,Ahmedabad,nearest_canonical_atm_euclidean,
1789,38ef268a-dcd0-56f8-8c8f-954520b5c33b,2023-01-06,0.008614786,0,Ahmedabad,nearest_canonical_atm_euclidean,
1790,051674e2-a8c4-5111-bf54-2c937a9c722a,2023-04-14,0.008612901,0,New Delhi,nearest_canonical_atm_euclidean,
1791,1ca42a9a-50ec-5a1d-99e3-81bf7c579716,2023-03-24,0.008606523,0,New Delhi,nearest_canonical_atm_euclidean,
1792,8279eaa3-c5e0-5a20-9db9-075ee86efeb4,2023-12-01,0.008604046,0,Kolkata,nearest_canonical_atm_euclidean,
1793,eade7219-66ba-5894-8964-9eff10228818,2023-08-25,0.008602244,0,Jaipur,nearest_canonical_atm_euclidean,
1794,2ec2dfb2-1938-5797-bf2d-736d604948cb,2023-02-17,0.008592206,0,Mumbai,nearest_canonical_atm_euclidean,
1795,051674e2-a8c4-5111-bf54-2c937a9c722a,2023-10-20,0.008585428,0,New Delhi,nearest_canonical_atm_euclidean,
1796,bbdf6837-aab5-5b4e-839e-9ee61eaea352,2023-06-09,0.008579651,0,Mumbai,nearest_canonical_atm_euclidean,
1797,b3dc96a5-31cc-51a8-a4bc-4d47da6df377,2023-01-06,0.008579546,0,New Delhi,nearest_canonical_atm_euclidean,
1798,cf923010-1ea8-516f-8a40-b3db95dce888,2023-08-04,0.008572527,0,Chennai,nearest_canonical_atm_euclidean,
1799,14e22c3d-5500-5971-b937-f612a3b05543,2023-05-05,0.008571186,0,Chennai,nearest_canonical_atm_euclidean,
1800,dce0c68a-90eb-5756-908b-549f801f0816,2023-04-07,0.008559974,0,Hyderabad,nearest_canonical_atm_euclidean,
1801,4aabdbdc-9536-5b73-bab4-7cbee9886fed,2023-08-11,0.008555349,0,Hyderabad,nearest_canonical_atm_euclidean,
1802,7bb876b7-d98c-59b9-bfe7-5d6d8706898d,2023-07-07,0.008553303,0,New Delhi,nearest_canonical_atm_euclidean,
1803,eade7219-66ba-5894-8964-9eff10228818,2023-01-06,0.008549122,0,Jaipur,nearest_canonical_atm_euclidean,
1804,f41c7ddd-7008-5aeb-99eb-f05a1845a016,2023-06-23,0.008546722,0,Bengaluru,nearest_canonical_atm_euclidean,
1805,8d9781e0-0f19-5e72-9add-8fe3b028bb83,2023-01-27,0.008542581,0,Hyderabad,nearest_canonical_atm_euclidean,
1806,328c3398-026a-5b82-ad02-8598a7d943ba,2023-05-12,0.008542367,0,Bengaluru,nearest_canonical_atm_euclidean,
1807,eade7219-66ba-5894-8964-9eff10228818,2023-12-01,0.008542093,0,Jaipur,nearest_canonical_atm_euclidean,
1808,5cbba4d0-3c52-5f68-9295-d2058d5ea946,2023-09-29,0.008535694,0,Mumbai,nearest_canonical_atm_euclidean,
1809,14f26062-7d75-550d-ae7d-50ad61eb0e1b,2023-05-05,0.008509066,0,Jaipur,nearest_canonical_atm_euclidean,
1810,642f4235-82f6-5143-8ea5-5048e8f0d80a,2023-06-09,0.0084904395,0,Hyderabad,nearest_canonical_atm_euclidean,
1811,5cbba4d0-3c52-5f68-9295-d2058d5ea946,2023-07-21,0.008486992,0,Mumbai,nearest_canonical_atm_euclidean,
1812,ea588019-c786-57ab-8c8d-be7ada3e3273,2023-09-15,0.008478017,0,Hyderabad,nearest_canonical_atm_euclidean,
1813,7af28f6a-7ed8-5ba7-97f0-f49875cbb077,2023-06-09,0.0084745865,0,Mumbai,nearest_canonical_atm_euclidean,
1814,9e342a67-6e23-50e0-affc-c624e2da2f70,2023-10-27,0.008470689,0,Mumbai,nearest_canonical_atm_euclidean,
1815,7142d25c-5954-53f9-ba18-f95055901780,2023-03-17,0.008463623,0,Bengaluru,nearest_canonical_atm_euclidean,
1816,051674e2-a8c4-5111-bf54-2c937a9c722a,2023-09-01,0.008437884,0,New Delhi,nearest_canonical_atm_euclidean,
1817,83a48d15-e769-5c36-ba85-663466038d79,2023-02-10,0.008436005,0,Kolkata,nearest_canonical_atm_euclidean,
1818,59684263-0e01-5fc5-9de6-966d650e19e5,2023-05-12,0.008417068,0,Mumbai,nearest_canonical_atm_euclidean,
1819,6a5e8429-628a-5a7d-b3da-577e42cb4cd4,2023-10-06,0.008412353,0,Bengaluru,nearest_canonical_atm_euclidean,
1820,59684263-0e01-5fc5-9de6-966d650e19e5,2023-10-20,0.008401076,0,Mumbai,nearest_canonical_atm_euclidean,
1821,90bcf56f-15e8-5317-aff9-2bb508a1d03a,2023-11-17,0.008399857,0,Chennai,nearest_canonical_atm_euclidean,
1822,aac4fab3-2fa2-532d-b442-87ce705ae9f3,2023-07-21,0.008374495,0,Bengaluru,nearest_canonical_atm_euclidean,
1823,b2e6f33c-17a1-547b-a103-0541efcaee5d,2023-08-11,0.008363075,0,Ahmedabad,nearest_canonical_atm_euclidean,
1824,eade7219-66ba-5894-8964-9eff10228818,2023-08-11,0.008347931,0,Jaipur,nearest_canonical_atm_euclidean,
1825,b73cca25-bce0-5c18-8339-4e08c62ff897,2023-03-17,0.008328202,0,Kolkata,nearest_canonical_atm_euclidean,
1826,e3c72b40-457d-5627-b578-4da7a09c1fc1,2023-06-16,0.008293476,0,New Delhi,nearest_canonical_atm_euclidean,
1827,37d50aaa-0ca6-52fd-ba0f-a0c734b03d34,2023-06-30,0.008288728,0,Mumbai,nearest_canonical_atm_euclidean,
1828,1af29445-7edb-54fb-a987-f6ba18f4dcc3,2023-05-26,0.008243376,0,Bengaluru,nearest_canonical_atm_euclidean,
1829,d89b2703-b172-5529-922c-4af9eb48d45f,2023-05-05,0.008234341,0,New Delhi,nearest_canonical_atm_euclidean,
1830,f3b246fb-34cb-5d78-af2d-6a294c2857ba,2023-04-07,0.008224281,0,Kolkata,nearest_canonical_atm_euclidean,
1831,b7c4c3b5-15ff-512b-bc9b-d52f3797f893,2023-08-25,0.008223982,0,Chennai,nearest_canonical_atm_euclidean,
1832,7af28f6a-7ed8-5ba7-97f0-f49875cbb077,2023-03-10,0.008220695,0,Mumbai,nearest_canonical_atm_euclidean,
1833,5737401f-13a5-5335-9e4c-336a9e870086,2023-03-31,0.008210093,0,Kolkata,nearest_canonical_atm_euclidean,
1834,b73cca25-bce0-5c18-8339-4e08c62ff897,2023-06-16,0.008207973,0,Kolkata,nearest_canonical_atm_euclidean,
1835,0949a9d8-1c2f-5d53-bc48-6050d92fe35b,2023-02-10,0.008193557,0,Bengaluru,nearest_canonical_atm_euclidean,
1836,9ec9c0ef-9209-5a42-84e8-2013032e9b9e,2023-04-14,0.008181716,0,Chennai,nearest_canonical_atm_euclidean,
1837,e2c14eb0-27b2-5683-922f-22f075a86d45,2023-11-10,0.008174523,0,Kolkata,nearest_canonical_atm_euclidean,
1838,4aabdbdc-9536-5b73-bab4-7cbee9886fed,2023-08-18,0.008168919,0,Hyderabad,nearest_canonical_atm_euclidean,
1839,c4d45e66-af66-5d62-9ec1-a719ee0110b8,2023-01-20,0.00813907,0,Bengaluru,nearest_canonical_atm_euclidean,
1840,6ded4d28-8bc2-5507-85db-b9ec23a0756c,2023-01-13,0.00813673,0,Mumbai,nearest_canonical_atm_euclidean,
1841,ce707439-e5cd-56de-8ce2-b3a7f8a910c5,2023-10-06,0.00813041,0,Hyderabad,nearest_canonical_atm_euclidean,
1842,6a5e8429-628a-5a7d-b3da-577e42cb4cd4,2023-07-21,0.008128499,0,Bengaluru,nearest_canonical_atm_euclidean,
1843,c991fb7a-f5c2-5464-b968-538bf5c140df,2023-11-03,0.008123802,0,Mumbai,nearest_canonical_atm_euclidean,
1844,ba44c170-601e-501e-a74f-77b6e98cae26,2023-07-28,0.008123184,0,Hyderabad,nearest_canonical_atm_euclidean,
1845,8d9781e0-0f19-5e72-9add-8fe3b028bb83,2023-04-14,0.008106226,0,Hyderabad,nearest_canonical_atm_euclidean,
1846,b7c4c3b5-15ff-512b-bc9b-d52f3797f893,2023-01-20,0.008103567,0,Chennai,nearest_canonical_atm_euclidean,
1847,3aa4e1f6-58c6-5cbb-a302-28689bbca879,2023-02-10,0.008099681,0,Bengaluru,nearest_canonical_atm_euclidean,
1848,7aee3f20-61f3-58df-bbd1-af7d2ad4f502,2023-09-01,0.008096927,0,Mumbai,nearest_canonical_atm_euclidean,
1849,4aabdbdc-9536-5b73-bab4-7cbee9886fed,2023-06-09,0.00808134,0,Hyderabad,nearest_canonical_atm_euclidean,
1850,9f8333ec-0af9-502c-8e87-21bd0e5ef301,2023-01-06,0.008067015,0,Kolkata,nearest_canonical_atm_euclidean,
1851,642f4235-82f6-5143-8ea5-5048e8f0d80a,2023-06-16,0.008059205,0,Hyderabad,nearest_canonical_atm_euclidean,
1852,d96fb612-761a-52d1-8bfd-a2368e7f9fd3,2023-09-29,0.008053785,0,Jaipur,nearest_canonical_atm_euclidean,
1853,de2d188a-a433-5f4b-869a-2ffe30dfc6ab,2023-04-14,0.0080521135,0,Ahmedabad,nearest_canonical_atm_euclidean,
1854,d69d9b0a-1678-5866-b094-3f5f19c0c205,2023-05-26,0.008045089,0,Ahmedabad,nearest_canonical_atm_euclidean,
1855,051674e2-a8c4-5111-bf54-2c937a9c722a,2023-02-17,0.0080223465,0,New Delhi,nearest_canonical_atm_euclidean,
1856,3aa4e1f6-58c6-5cbb-a302-28689bbca879,2023-07-14,0.008018041,0,Bengaluru,nearest_canonical_atm_euclidean,
1857,65a9af02-f38e-5bc1-a908-6a3a653df0fc,2023-10-06,0.008008035,0,Ahmedabad,nearest_canonical_atm_euclidean,
1858,1d7d8374-7d25-5244-9349-2dba7c91bf60,2023-11-10,0.008003531,0,Ahmedabad,nearest_canonical_atm_euclidean,
1859,c4d45e66-af66-5d62-9ec1-a719ee0110b8,2023-03-31,0.00798869,0,Bengaluru,nearest_canonical_atm_euclidean,
1860,3b1e5d03-563a-5430-87b7-e281fa8f8af4,2023-09-15,0.007980468,0,Mumbai,nearest_canonical_atm_euclidean,
1861,ba44c170-601e-501e-a74f-77b6e98cae26,2023-05-19,0.007962496,0,Hyderabad,nearest_canonical_atm_euclidean,
1862,59684263-0e01-5fc5-9de6-966d650e19e5,2023-09-29,0.007960613,0,Mumbai,nearest_canonical_atm_euclidean,
1863,1ca42a9a-50ec-5a1d-99e3-81bf7c579716,2023-04-21,0.00791878,0,New Delhi,nearest_canonical_atm_euclidean,
1864,c45eaf1f-d739-587d-8090-276bc5a6a01e,2023-09-15,0.007912631,0,New Delhi,nearest_canonical_atm_euclidean,
1865,b3dc96a5-31cc-51a8-a4bc-4d47da6df377,2023-09-08,0.007906042,0,New Delhi,nearest_canonical_atm_euclidean,
1866,c45eaf1f-d739-587d-8090-276bc5a6a01e,2023-09-22,0.007903821,0,New Delhi,nearest_canonical_atm_euclidean,
1867,fbbc3df5-4722-57b4-9788-6244a82eaa45,2023-04-28,0.007902692,0,Chennai,nearest_canonical_atm_euclidean,
1868,b73cca25-bce0-5c18-8339-4e08c62ff897,2023-04-28,0.007880158,0,Kolkata,nearest_canonical_atm_euclidean,
1869,59684263-0e01-5fc5-9de6-966d650e19e5,2023-05-19,0.007871496,0,Mumbai,nearest_canonical_atm_euclidean,
1870,8df3fb3f-36b9-5e62-b1aa-54e0ed960822,2023-07-07,0.007862656,0,Mumbai,nearest_canonical_atm_euclidean,
1871,14f26062-7d75-550d-ae7d-50ad61eb0e1b,2023-08-25,0.007850717,0,Jaipur,nearest_canonical_atm_euclidean,
1872,7af28f6a-7ed8-5ba7-97f0-f49875cbb077,2023-06-23,0.007845634,0,Mumbai,nearest_canonical_atm_euclidean,
1873,59fb71b7-27d2-56ae-87ab-548765379b67,2023-04-07,0.0078441715,0,Bengaluru,nearest_canonical_atm_euclidean,
1874,37d50aaa-0ca6-52fd-ba0f-a0c734b03d34,2023-03-10,0.007839315,0,Mumbai,nearest_canonical_atm_euclidean,
1875,1d7d8374-7d25-5244-9349-2dba7c91bf60,2023-05-12,0.007831853,0,Ahmedabad,nearest_canonical_atm_euclidean,
1876,eade7219-66ba-5894-8964-9eff10228818,2023-06-16,0.007825879,0,Jaipur,nearest_canonical_atm_euclidean,
1877,2e751f5b-ebe1-5162-b43d-482303a259e3,2023-07-14,0.007808453,0,Kolkata,nearest_canonical_atm_euclidean,
1878,fceef9b3-9818-5d9c-9786-aa1ba0a869e2,2023-03-24,0.007804394,0,Mumbai,nearest_canonical_atm_euclidean,
1879,bbdf6837-aab5-5b4e-839e-9ee61eaea352,2023-06-30,0.0077985143,0,Mumbai,nearest_canonical_atm_euclidean,
1880,b8864095-68a2-5748-a216-676e811b321c,2023-06-02,0.007784417,0,Chennai,nearest_canonical_atm_euclidean,
1881,e3c72b40-457d-5627-b578-4da7a09c1fc1,2023-10-13,0.0077809813,0,New Delhi,nearest_canonical_atm_euclidean,
1882,642f4235-82f6-5143-8ea5-5048e8f0d80a,2023-02-24,0.007778758,0,Hyderabad,nearest_canonical_atm_euclidean,
1883,b41f1475-dca2-5dc1-938e-9543cd4de399,2023-02-10,0.0077634994,0,Ahmedabad,nearest_canonical_atm_euclidean,
1884,ae9a45fc-c291-5efa-a2ad-8e3d969953d5,2023-07-28,0.0077563915,0,New Delhi,nearest_canonical_atm_euclidean,
1885,7c8a9fea-1f01-5794-b1f8-1f33bc77651b,2023-10-20,0.007741751,0,New Delhi,nearest_canonical_atm_euclidean,
1886,8df3fb3f-36b9-5e62-b1aa-54e0ed960822,2022-12-30,0.0077281296,0,Mumbai,nearest_canonical_atm_euclidean,
1887,051674e2-a8c4-5111-bf54-2c937a9c722a,2023-11-10,0.007707661,0,New Delhi,nearest_canonical_atm_euclidean,
1888,59684263-0e01-5fc5-9de6-966d650e19e5,2023-07-21,0.0076956833,0,Mumbai,nearest_canonical_atm_euclidean,
1889,94effd11-8fd8-50af-8f4c-b5a629d11375,2023-02-24,0.007693543,0,Jaipur,nearest_canonical_atm_euclidean,
1890,b8864095-68a2-5748-a216-676e811b321c,2023-10-13,0.007687062,0,Chennai,nearest_canonical_atm_euclidean,
1891,34ff42c5-aa0c-58b5-b153-3aa920bff5c7,2023-04-07,0.007682022,0,Chennai,nearest_canonical_atm_euclidean,
1892,1ceabaf4-936c-5e09-9db4-955f82fbe69e,2023-02-10,0.0076802126,0,Bengaluru,nearest_canonical_atm_euclidean,
1893,fbbc3df5-4722-57b4-9788-6244a82eaa45,2023-10-06,0.0076705557,0,Chennai,nearest_canonical_atm_euclidean,
1894,8d9781e0-0f19-5e72-9add-8fe3b028bb83,2023-11-17,0.0076651387,0,Hyderabad,nearest_canonical_atm_euclidean,
1895,b41f1475-dca2-5dc1-938e-9543cd4de399,2023-11-03,0.007658468,0,Ahmedabad,nearest_canonical_atm_euclidean,
1896,6e2eb94c-abea-566d-881f-33304c81d95b,2023-03-10,0.007629116,0,Hyderabad,nearest_canonical_atm_euclidean,
1897,ea588019-c786-57ab-8c8d-be7ada3e3273,2023-01-06,0.007617597,0,Hyderabad,nearest_canonical_atm_euclidean,
1898,f3b246fb-34cb-5d78-af2d-6a294c2857ba,2023-04-28,0.007615323,0,Kolkata,nearest_canonical_atm_euclidean,
1899,6a5e8429-628a-5a7d-b3da-577e42cb4cd4,2023-12-08,0.0076039406,0,Bengaluru,nearest_canonical_atm_euclidean,
1900,aac4fab3-2fa2-532d-b442-87ce705ae9f3,2023-12-01,0.0075935163,0,Bengaluru,nearest_canonical_atm_euclidean,
1901,de2d188a-a433-5f4b-869a-2ffe30dfc6ab,2023-02-17,0.0075922906,0,Ahmedabad,nearest_canonical_atm_euclidean,
1902,1b131b05-4df1-5564-b4fd-6cb5e09cfdd5,2023-02-24,0.00757893,0,Kolkata,nearest_canonical_atm_euclidean,
1903,1d7d8374-7d25-5244-9349-2dba7c91bf60,2023-05-05,0.0075339917,0,Ahmedabad,nearest_canonical_atm_euclidean,
1904,6ded4d28-8bc2-5507-85db-b9ec23a0756c,2023-10-27,0.0074953022,0,Mumbai,nearest_canonical_atm_euclidean,
1905,7c1562ed-0c51-50a9-b83b-049fcdfe12b4,2023-10-20,0.0074950573,0,Jaipur,nearest_canonical_atm_euclidean,
1906,d89b2703-b172-5529-922c-4af9eb48d45f,2023-10-20,0.007483446,0,New Delhi,nearest_canonical_atm_euclidean,
1907,59fb71b7-27d2-56ae-87ab-548765379b67,2023-01-06,0.007471166,0,Bengaluru,nearest_canonical_atm_euclidean,
1908,c45eaf1f-d739-587d-8090-276bc5a6a01e,2023-03-17,0.007459097,0,New Delhi,nearest_canonical_atm_euclidean,
1909,47b40f44-e493-5f2d-b12c-8a7eb6ccd6f4,2023-04-21,0.0074584903,0,Jaipur,nearest_canonical_atm_euclidean,
1910,fbbc3df5-4722-57b4-9788-6244a82eaa45,2023-07-21,0.0074571026,0,Chennai,nearest_canonical_atm_euclidean,
1911,aac4fab3-2fa2-532d-b442-87ce705ae9f3,2023-05-19,0.0074500437,0,Bengaluru,nearest_canonical_atm_euclidean,
1912,5773a83b-9871-5a2d-b54c-7edfa60ab72d,2023-11-10,0.0074255145,0,Jaipur,nearest_canonical_atm_euclidean,
1913,7c1562ed-0c51-50a9-b83b-049fcdfe12b4,2023-10-27,0.0074184923,0,Jaipur,nearest_canonical_atm_euclidean,
1914,aac4fab3-2fa2-532d-b442-87ce705ae9f3,2023-05-05,0.0074097724,0,Bengaluru,nearest_canonical_atm_euclidean,
1915,644ec086-7a2f-56c1-8890-a0cf1371bb8f,2023-02-24,0.007399371,0,Jaipur,nearest_canonical_atm_euclidean,
1916,51f7f7da-0718-5063-91b2-d743096e78e1,2023-04-21,0.007378045,0,Bengaluru,nearest_canonical_atm_euclidean,
1917,ce707439-e5cd-56de-8ce2-b3a7f8a910c5,2023-09-15,0.007375367,0,Hyderabad,nearest_canonical_atm_euclidean,
1918,38ef268a-dcd0-56f8-8c8f-954520b5c33b,2023-10-13,0.0073638456,0,Ahmedabad,nearest_canonical_atm_euclidean,
1919,b76d9deb-4963-5298-b5ab-e7aa1216e9a4,2023-03-10,0.007355568,0,Kolkata,nearest_canonical_atm_euclidean,
1920,c4d45e66-af66-5d62-9ec1-a719ee0110b8,2023-09-08,0.007341231,0,Bengaluru,nearest_canonical_atm_euclidean,
1921,3aa4e1f6-58c6-5cbb-a302-28689bbca879,2023-10-20,0.0073397234,0,Bengaluru,nearest_canonical_atm_euclidean,
1922,2ec2dfb2-1938-5797-bf2d-736d604948cb,2023-08-25,0.007338014,0,Mumbai,nearest_canonical_atm_euclidean,
1923,7c1562ed-0c51-50a9-b83b-049fcdfe12b4,2023-11-24,0.0073371604,0,Jaipur,nearest_canonical_atm_euclidean,
1924,d96fb612-761a-52d1-8bfd-a2368e7f9fd3,2023-08-18,0.007334028,0,Jaipur,nearest_canonical_atm_euclidean,
1925,4aabdbdc-9536-5b73-bab4-7cbee9886fed,2023-01-13,0.00731872,0,Hyderabad,nearest_canonical_atm_euclidean,
1926,ea588019-c786-57ab-8c8d-be7ada3e3273,2023-10-20,0.0072715636,0,Hyderabad,nearest_canonical_atm_euclidean,
1927,cf923010-1ea8-516f-8a40-b3db95dce888,2023-02-03,0.007267249,0,Chennai,nearest_canonical_atm_euclidean,
1928,cf923010-1ea8-516f-8a40-b3db95dce888,2023-01-20,0.0072627366,0,Chennai,nearest_canonical_atm_euclidean,
1929,2ec2dfb2-1938-5797-bf2d-736d604948cb,2023-02-10,0.007251335,0,Mumbai,nearest_canonical_atm_euclidean,
1930,642f4235-82f6-5143-8ea5-5048e8f0d80a,2023-09-22,0.007250305,0,Hyderabad,nearest_canonical_atm_euclidean,
1931,b7c4c3b5-15ff-512b-bc9b-d52f3797f893,2023-10-20,0.007246911,0,Chennai,nearest_canonical_atm_euclidean,
1932,422e93c8-7fc2-5abd-bd82-7b2eb566f6e6,2023-05-12,0.007242192,0,Kolkata,nearest_canonical_atm_euclidean,
1933,f69a2a75-085f-5b60-b0c2-9aebccd78b03,2023-04-07,0.0072360514,0,Hyderabad,nearest_canonical_atm_euclidean,
1934,7aee3f20-61f3-58df-bbd1-af7d2ad4f502,2023-04-28,0.0072282767,0,Mumbai,nearest_canonical_atm_euclidean,
1935,91abf21e-5b5e-5823-b4f0-c5d40f77d717,2023-04-28,0.0072242264,0,New Delhi,nearest_canonical_atm_euclidean,
1936,051674e2-a8c4-5111-bf54-2c937a9c722a,2023-06-09,0.0072239493,0,New Delhi,nearest_canonical_atm_euclidean,
1937,642f4235-82f6-5143-8ea5-5048e8f0d80a,2023-02-10,0.0072217467,0,Hyderabad,nearest_canonical_atm_euclidean,
1938,5cbba4d0-3c52-5f68-9295-d2058d5ea946,2023-04-28,0.0072150426,0,Mumbai,nearest_canonical_atm_euclidean,
1939,08c99329-0e59-5327-8796-9fef243ca011,2023-06-02,0.007212902,0,Bengaluru,nearest_canonical_atm_euclidean,
1940,1af29445-7edb-54fb-a987-f6ba18f4dcc3,2023-12-15,0.0072128605,0,Bengaluru,nearest_canonical_atm_euclidean,
1941,c4d45e66-af66-5d62-9ec1-a719ee0110b8,2023-05-05,0.0072028427,0,Bengaluru,nearest_canonical_atm_euclidean,
1942,b73cca25-bce0-5c18-8339-4e08c62ff897,2023-09-22,0.007194684,0,Kolkata,nearest_canonical_atm_euclidean,
1943,fbbc3df5-4722-57b4-9788-6244a82eaa45,2023-12-01,0.007190635,0,Chennai,nearest_canonical_atm_euclidean,
1944,7142d25c-5954-53f9-ba18-f95055901780,2023-10-06,0.0071676495,0,Bengaluru,nearest_canonical_atm_euclidean,
1945,d5f219b1-03da-5f87-a5da-607ea7af6899,2022-12-30,0.007165647,0,Bengaluru,nearest_canonical_atm_euclidean,
1946,8d9781e0-0f19-5e72-9add-8fe3b028bb83,2023-01-20,0.007147761,0,Hyderabad,nearest_canonical_atm_euclidean,
1947,d89b2703-b172-5529-922c-4af9eb48d45f,2023-04-21,0.0071275644,0,New Delhi,nearest_canonical_atm_euclidean,
1948,2ec2dfb2-1938-5797-bf2d-736d604948cb,2023-11-03,0.0071186507,0,Mumbai,nearest_canonical_atm_euclidean,
1949,5cbba4d0-3c52-5f68-9295-d2058d5ea946,2023-03-03,0.007102341,0,Mumbai,nearest_canonical_atm_euclidean,
1950,ba44c170-601e-501e-a74f-77b6e98cae26,2023-04-14,0.0070963716,0,Hyderabad,nearest_canonical_atm_euclidean,
1951,b7c4c3b5-15ff-512b-bc9b-d52f3797f893,2023-02-24,0.0070824893,0,Chennai,nearest_canonical_atm_euclidean,
1952,6ded4d28-8bc2-5507-85db-b9ec23a0756c,2023-02-10,0.0070673246,0,Mumbai,nearest_canonical_atm_euclidean,
1953,8d9781e0-0f19-5e72-9add-8fe3b028bb83,2023-01-13,0.007067181,0,Hyderabad,nearest_canonical_atm_euclidean,
1954,8df3fb3f-36b9-5e62-b1aa-54e0ed960822,2023-09-22,0.007064237,0,Mumbai,nearest_canonical_atm_euclidean,
1955,1ceabaf4-936c-5e09-9db4-955f82fbe69e,2023-10-13,0.007040232,0,Bengaluru,nearest_canonical_atm_euclidean,
1956,ea588019-c786-57ab-8c8d-be7ada3e3273,2023-11-03,0.0070352433,0,Hyderabad,nearest_canonical_atm_euclidean,
1957,b8864095-68a2-5748-a216-676e811b321c,2023-09-08,0.0070321867,0,Chennai,nearest_canonical_atm_euclidean,
1958,fbbc3df5-4722-57b4-9788-6244a82eaa45,2023-01-13,0.0070282985,0,Chennai,nearest_canonical_atm_euclidean,
1959,9e342a67-6e23-50e0-affc-c624e2da2f70,2023-01-20,0.00702777,0,Mumbai,nearest_canonical_atm_euclidean,
1960,964994af-c467-5422-8727-4914e98a9b1b,2023-05-19,0.0070238113,0,Hyderabad,nearest_canonical_atm_euclidean,
1961,b8864095-68a2-5748-a216-676e811b321c,2023-08-25,0.0070211375,0,Chennai,nearest_canonical_atm_euclidean,
1962,9e342a67-6e23-50e0-affc-c624e2da2f70,2023-08-11,0.0070031886,0,Mumbai,nearest_canonical_atm_euclidean,
1963,644ec086-7a2f-56c1-8890-a0cf1371bb8f,2023-07-21,0.007001952,0,Jaipur,nearest_canonical_atm_euclidean,
1964,b41f1475-dca2-5dc1-938e-9543cd4de399,2023-12-15,0.006999465,0,Ahmedabad,nearest_canonical_atm_euclidean,
1965,ab7406b4-42c4-5a64-a99f-ed1e9a1912a6,2023-10-06,0.006996729,0,Kolkata,nearest_canonical_atm_euclidean,
1966,65a9af02-f38e-5bc1-a908-6a3a653df0fc,2023-03-10,0.00698637,0,Ahmedabad,nearest_canonical_atm_euclidean,
1967,ce707439-e5cd-56de-8ce2-b3a7f8a910c5,2023-01-27,0.0069833104,0,Hyderabad,nearest_canonical_atm_euclidean,
1968,1ceabaf4-936c-5e09-9db4-955f82fbe69e,2023-06-02,0.0069825402,0,Bengaluru,nearest_canonical_atm_euclidean,
1969,964994af-c467-5422-8727-4914e98a9b1b,2023-09-29,0.0069824085,0,Hyderabad,nearest_canonical_atm_euclidean,
1970,b2e6f33c-17a1-547b-a103-0541efcaee5d,2023-04-07,0.006969859,0,Ahmedabad,nearest_canonical_atm_euclidean,
1971,9f8333ec-0af9-502c-8e87-21bd0e5ef301,2023-10-20,0.006961224,0,Kolkata,nearest_canonical_atm_euclidean,
1972,7bb876b7-d98c-59b9-bfe7-5d6d8706898d,2023-08-04,0.0069586993,0,New Delhi,nearest_canonical_atm_euclidean,
1973,90bcf56f-15e8-5317-aff9-2bb508a1d03a,2023-11-10,0.006956753,0,Chennai,nearest_canonical_atm_euclidean,
1974,b8864095-68a2-5748-a216-676e811b321c,2023-12-15,0.0069551845,0,Chennai,nearest_canonical_atm_euclidean,
1975,59684263-0e01-5fc5-9de6-966d650e19e5,2023-02-24,0.006954555,0,Mumbai,nearest_canonical_atm_euclidean,
1976,afecdedf-a580-5453-aee1-cce5a1fc6571,2023-03-31,0.0069539757,0,Ahmedabad,nearest_canonical_atm_euclidean,
1977,c45eaf1f-d739-587d-8090-276bc5a6a01e,2023-10-27,0.0069525014,0,New Delhi,nearest_canonical_atm_euclidean,
1978,642f4235-82f6-5143-8ea5-5048e8f0d80a,2023-09-29,0.00694871,0,Hyderabad,nearest_canonical_atm_euclidean,
1979,46d959a8-3a7a-51b4-a5d0-e6489f19d5ab,2023-12-01,0.0069433055,0,Ahmedabad,nearest_canonical_atm_euclidean,
1980,800f26bb-ab13-53a8-8329-4e07a6b7cf1d,2023-02-24,0.006938043,0,Mumbai,nearest_canonical_atm_euclidean,
1981,422e93c8-7fc2-5abd-bd82-7b2eb566f6e6,2023-08-18,0.0069235503,0,Kolkata,nearest_canonical_atm_euclidean,
1982,6a5e8429-628a-5a7d-b3da-577e42cb4cd4,2023-09-15,0.0069179265,0,Bengaluru,nearest_canonical_atm_euclidean,
1983,b3dc96a5-31cc-51a8-a4bc-4d47da6df377,2023-02-17,0.006917776,0,New Delhi,nearest_canonical_atm_euclidean,
1984,ce707439-e5cd-56de-8ce2-b3a7f8a910c5,2023-08-18,0.0069140326,0,Hyderabad,nearest_canonical_atm_euclidean,
1985,b2e6f33c-17a1-547b-a103-0541efcaee5d,2023-10-20,0.0069112466,0,Ahmedabad,nearest_canonical_atm_euclidean,
1986,863a1f8a-9358-5d83-a37a-ef1b3af72061,2023-04-21,0.006909045,0,New Delhi,nearest_canonical_atm_euclidean,
1987,7aee3f20-61f3-58df-bbd1-af7d2ad4f502,2023-08-11,0.0069014095,0,Mumbai,nearest_canonical_atm_euclidean,
1988,d5f219b1-03da-5f87-a5da-607ea7af6899,2023-07-21,0.006899315,0,Bengaluru,nearest_canonical_atm_euclidean,
1989,800f26bb-ab13-53a8-8329-4e07a6b7cf1d,2023-09-08,0.0068916087,0,Mumbai,nearest_canonical_atm_euclidean,
1990,644ec086-7a2f-56c1-8890-a0cf1371bb8f,2023-10-27,0.006888764,0,Jaipur,nearest_canonical_atm_euclidean,
1991,aac4fab3-2fa2-532d-b442-87ce705ae9f3,2023-07-28,0.0068773883,0,Bengaluru,nearest_canonical_atm_euclidean,
1992,46d959a8-3a7a-51b4-a5d0-e6489f19d5ab,2023-02-17,0.0068763425,0,Ahmedabad,nearest_canonical_atm_euclidean,
1993,b3dc96a5-31cc-51a8-a4bc-4d47da6df377,2023-09-22,0.006875822,0,New Delhi,nearest_canonical_atm_euclidean,
1994,863a1f8a-9358-5d83-a37a-ef1b3af72061,2023-01-06,0.006860129,0,New Delhi,nearest_canonical_atm_euclidean,
1995,8df3fb3f-36b9-5e62-b1aa-54e0ed960822,2023-12-15,0.006858485,0,Mumbai,nearest_canonical_atm_euclidean,
1996,b7c4c3b5-15ff-512b-bc9b-d52f3797f893,2023-06-30,0.006858323,0,Chennai,nearest_canonical_atm_euclidean,
1997,b3dc96a5-31cc-51a8-a4bc-4d47da6df377,2023-11-17,0.0068302923,0,New Delhi,nearest_canonical_atm_euclidean,
1998,644ec086-7a2f-56c1-8890-a0cf1371bb8f,2023-06-16,0.0068255737,0,Jaipur,nearest_canonical_atm_euclidean,
1999,c1ef55eb-7ba3-5dca-9329-fa76b3327004,2023-12-08,0.0068250825,0,Chennai,nearest_canonical_atm_euclidean,
2000,b3dc96a5-31cc-51a8-a4bc-4d47da6df377,2023-03-17,0.006817585,0,New Delhi,nearest_canonical_atm_euclidean,
2001,6ded4d28-8bc2-5507-85db-b9ec23a0756c,2023-04-28,0.0068048527,0,Mumbai,nearest_canonical_atm_euclidean,
2002,0949a9d8-1c2f-5d53-bc48-6050d92fe35b,2023-06-16,0.006804202,0,Bengaluru,nearest_canonical_atm_euclidean,
2003,59684263-0e01-5fc5-9de6-966d650e19e5,2023-09-22,0.0067999237,0,Mumbai,nearest_canonical_atm_euclidean,
2004,863a1f8a-9358-5d83-a37a-ef1b3af72061,2023-07-21,0.006791418,0,New Delhi,nearest_canonical_atm_euclidean,
2005,6a5e8429-628a-5a7d-b3da-577e42cb4cd4,2023-07-14,0.0067896103,0,Bengaluru,nearest_canonical_atm_euclidean,
2006,964994af-c467-5422-8727-4914e98a9b1b,2023-07-28,0.006788389,0,Hyderabad,nearest_canonical_atm_euclidean,
2007,aac4fab3-2fa2-532d-b442-87ce705ae9f3,2023-01-20,0.0067756567,0,Bengaluru,nearest_canonical_atm_euclidean,
2008,b7c4c3b5-15ff-512b-bc9b-d52f3797f893,2023-05-19,0.0067734136,0,Chennai,nearest_canonical_atm_euclidean,
2009,964994af-c467-5422-8727-4914e98a9b1b,2023-09-22,0.006756628,0,Hyderabad,nearest_canonical_atm_euclidean,
2010,3b1e5d03-563a-5430-87b7-e281fa8f8af4,2023-12-15,0.006752744,0,Mumbai,nearest_canonical_atm_euclidean,
2011,de2d188a-a433-5f4b-869a-2ffe30dfc6ab,2023-10-20,0.00675173,0,Ahmedabad,nearest_canonical_atm_euclidean,
2012,51f7f7da-0718-5063-91b2-d743096e78e1,2023-12-01,0.0067462097,0,Bengaluru,nearest_canonical_atm_euclidean,
2013,d89b2703-b172-5529-922c-4af9eb48d45f,2023-09-15,0.0067447755,0,New Delhi,nearest_canonical_atm_euclidean,
2014,964994af-c467-5422-8727-4914e98a9b1b,2023-10-27,0.0067399535,0,Hyderabad,nearest_canonical_atm_euclidean,
2015,ba44c170-601e-501e-a74f-77b6e98cae26,2023-12-01,0.0067389254,0,Hyderabad,nearest_canonical_atm_euclidean,
2016,41174545-6f86-5ccc-94c0-7054225d58ad,2023-11-24,0.0067263013,0,Chennai,nearest_canonical_atm_euclidean,
2017,37d50aaa-0ca6-52fd-ba0f-a0c734b03d34,2023-08-18,0.006722929,0,Mumbai,nearest_canonical_atm_euclidean,
2018,4cc4f0b0-6522-5752-8674-65bde1e7ee07,2023-03-03,0.0067214733,0,Hyderabad,nearest_canonical_atm_euclidean,
2019,1d7d8374-7d25-5244-9349-2dba7c91bf60,2023-04-21,0.0067205313,0,Ahmedabad,nearest_canonical_atm_euclidean,
2020,ab7406b4-42c4-5a64-a99f-ed1e9a1912a6,2023-05-19,0.006718488,0,Kolkata,nearest_canonical_atm_euclidean,
2021,7af28f6a-7ed8-5ba7-97f0-f49875cbb077,2023-10-20,0.0067151063,0,Mumbai,nearest_canonical_atm_euclidean,
2022,c4d45e66-af66-5d62-9ec1-a719ee0110b8,2023-08-18,0.006710773,0,Bengaluru,nearest_canonical_atm_euclidean,
2023,182ddc72-62c6-5f3b-b7ae-935c5b5e605b,2023-10-13,0.0067086215,0,Jaipur,nearest_canonical_atm_euclidean,
2024,7bb876b7-d98c-59b9-bfe7-5d6d8706898d,2023-02-10,0.006707865,0,New Delhi,nearest_canonical_atm_euclidean,
2025,7c8fbbb0-7633-546c-b927-1accdba2044a,2023-05-26,0.006706877,0,Chennai,nearest_canonical_atm_euclidean,
2026,34ff42c5-aa0c-58b5-b153-3aa920bff5c7,2023-05-19,0.0066993046,0,Chennai,nearest_canonical_atm_euclidean,
2027,ae9a45fc-c291-5efa-a2ad-8e3d969953d5,2023-04-14,0.006690924,0,New Delhi,nearest_canonical_atm_euclidean,
2028,23f00f1f-a233-5e89-8069-27d2584ad221,2023-01-27,0.0066900593,0,Hyderabad,nearest_canonical_atm_euclidean,
2029,38ef268a-dcd0-56f8-8c8f-954520b5c33b,2023-08-25,0.006679547,0,Ahmedabad,nearest_canonical_atm_euclidean,
2030,3b1e5d03-563a-5430-87b7-e281fa8f8af4,2023-10-13,0.0066725365,0,Mumbai,nearest_canonical_atm_euclidean,
2031,51f7f7da-0718-5063-91b2-d743096e78e1,2023-10-13,0.0066501596,0,Bengaluru,nearest_canonical_atm_euclidean,
2032,07b1cb4d-de17-5ac2-a00b-02cf9e672ff0,2023-09-08,0.0066264444,0,Ahmedabad,nearest_canonical_atm_euclidean,
2033,fbbc3df5-4722-57b4-9788-6244a82eaa45,2023-12-08,0.0066237804,0,Chennai,nearest_canonical_atm_euclidean,
2034,3aa4e1f6-58c6-5cbb-a302-28689bbca879,2023-11-24,0.006613197,0,Bengaluru,nearest_canonical_atm_euclidean,
2035,14e22c3d-5500-5971-b937-f612a3b05543,2023-09-08,0.0066093886,0,Chennai,nearest_canonical_atm_euclidean,
2036,863a1f8a-9358-5d83-a37a-ef1b3af72061,2023-09-29,0.0065999124,0,New Delhi,nearest_canonical_atm_euclidean,
2037,d69d9b0a-1678-5866-b094-3f5f19c0c205,2023-07-07,0.0065954174,0,Ahmedabad,nearest_canonical_atm_euclidean,
2038,91abf21e-5b5e-5823-b4f0-c5d40f77d717,2023-07-21,0.0065759574,0,New Delhi,nearest_canonical_atm_euclidean,
2039,9adf3d58-2b6f-5de3-8510-5cc671d1d2e8,2023-01-06,0.0065747555,0,Ahmedabad,nearest_canonical_atm_euclidean,
2040,2ec2dfb2-1938-5797-bf2d-736d604948cb,2023-02-24,0.006568638,0,Mumbai,nearest_canonical_atm_euclidean,
2041,b7c4c3b5-15ff-512b-bc9b-d52f3797f893,2023-02-03,0.006563544,0,Chennai,nearest_canonical_atm_euclidean,
2042,f41c7ddd-7008-5aeb-99eb-f05a1845a016,2023-05-26,0.006556331,0,Bengaluru,nearest_canonical_atm_euclidean,
2043,182ddc72-62c6-5f3b-b7ae-935c5b5e605b,2023-03-31,0.0065552625,0,Jaipur,nearest_canonical_atm_euclidean,
2044,9adf3d58-2b6f-5de3-8510-5cc671d1d2e8,2023-01-20,0.006541226,0,Ahmedabad,nearest_canonical_atm_euclidean,
2045,de2d188a-a433-5f4b-869a-2ffe30dfc6ab,2023-05-05,0.006539621,0,Ahmedabad,nearest_canonical_atm_euclidean,
2046,34ff42c5-aa0c-58b5-b153-3aa920bff5c7,2023-06-02,0.006537549,0,Chennai,nearest_canonical_atm_euclidean,
2047,fceef9b3-9818-5d9c-9786-aa1ba0a869e2,2023-08-18,0.006536663,0,Mumbai,nearest_canonical_atm_euclidean,
2048,ae9a45fc-c291-5efa-a2ad-8e3d969953d5,2023-06-16,0.006531293,0,New Delhi,nearest_canonical_atm_euclidean,
2049,644ec086-7a2f-56c1-8890-a0cf1371bb8f,2023-07-28,0.006529551,0,Jaipur,nearest_canonical_atm_euclidean,
2050,7aee3f20-61f3-58df-bbd1-af7d2ad4f502,2023-03-31,0.0065150633,0,Mumbai,nearest_canonical_atm_euclidean,
2051,7aee3f20-61f3-58df-bbd1-af7d2ad4f502,2023-05-26,0.0065027666,0,Mumbai,nearest_canonical_atm_euclidean,
2052,182ddc72-62c6-5f3b-b7ae-935c5b5e605b,2023-04-07,0.0064979405,0,Jaipur,nearest_canonical_atm_euclidean,
2053,9d88e52f-9303-5776-9acc-390b8ece126d,2023-08-18,0.006497864,0,Chennai,nearest_canonical_atm_euclidean,
2054,ba44c170-601e-501e-a74f-77b6e98cae26,2023-08-04,0.0064959433,0,Hyderabad,nearest_canonical_atm_euclidean,
2055,a2bdeeac-87ea-5acb-a121-647dd81616e4,2023-04-28,0.006492405,0,Bengaluru,nearest_canonical_atm_euclidean,
2056,a5676c6d-3d3e-517c-81a9-86b85c039df1,2022-12-30,0.006476422,0,Ahmedabad,nearest_canonical_atm_euclidean,
2057,869d900f-916d-59fb-a1c5-980ea46f3005,2023-01-13,0.0064655202,0,Chennai,nearest_canonical_atm_euclidean,
2058,7bb876b7-d98c-59b9-bfe7-5d6d8706898d,2023-12-15,0.006464323,0,New Delhi,nearest_canonical_atm_euclidean,
2059,23f00f1f-a233-5e89-8069-27d2584ad221,2023-04-28,0.006462804,0,Hyderabad,nearest_canonical_atm_euclidean,
2060,4407e36e-71bc-5526-9a73-9f76e801cc45,2023-04-14,0.0064616776,0,Kolkata,nearest_canonical_atm_euclidean,
2061,b3dc96a5-31cc-51a8-a4bc-4d47da6df377,2023-09-01,0.0064354953,0,New Delhi,nearest_canonical_atm_euclidean,
2062,aac4fab3-2fa2-532d-b442-87ce705ae9f3,2023-10-27,0.0064218203,0,Bengaluru,nearest_canonical_atm_euclidean,
2063,7c8fbbb0-7633-546c-b927-1accdba2044a,2023-08-18,0.0064166463,0,Chennai,nearest_canonical_atm_euclidean,
2064,964994af-c467-5422-8727-4914e98a9b1b,2023-03-03,0.0064126197,0,Hyderabad,nearest_canonical_atm_euclidean,
2065,800f26bb-ab13-53a8-8329-4e07a6b7cf1d,2023-03-24,0.0064122616,0,Mumbai,nearest_canonical_atm_euclidean,
2066,328c3398-026a-5b82-ad02-8598a7d943ba,2023-05-26,0.006398556,0,Bengaluru,nearest_canonical_atm_euclidean,
2067,81a02119-b06c-5fc0-b634-9f212b95825a,2023-04-07,0.0063946284,0,Hyderabad,nearest_canonical_atm_euclidean,
2068,67107270-efc6-529d-8ace-22395900dddc,2023-12-15,0.0063825427,0,Ahmedabad,nearest_canonical_atm_euclidean,
2069,d89b2703-b172-5529-922c-4af9eb48d45f,2023-06-02,0.0063797487,0,New Delhi,nearest_canonical_atm_euclidean,
2070,83a48d15-e769-5c36-ba85-663466038d79,2023-09-15,0.006378809,0,Kolkata,nearest_canonical_atm_euclidean,
2071,41adf9c7-e4f5-56f8-a964-fecf7428833b,2023-09-08,0.006371723,0,Jaipur,nearest_canonical_atm_euclidean,
2072,800f26bb-ab13-53a8-8329-4e07a6b7cf1d,2023-03-17,0.006370554,0,Mumbai,nearest_canonical_atm_euclidean,
2073,23f00f1f-a233-5e89-8069-27d2584ad221,2023-09-22,0.0063696303,0,Hyderabad,nearest_canonical_atm_euclidean,
2074,9adf3d58-2b6f-5de3-8510-5cc671d1d2e8,2023-04-07,0.0063625393,0,Ahmedabad,nearest_canonical_atm_euclidean,
2075,a2bdeeac-87ea-5acb-a121-647dd81616e4,2023-05-12,0.006349373,0,Bengaluru,nearest_canonical_atm_euclidean,
2076,2e751f5b-ebe1-5162-b43d-482303a259e3,2023-01-13,0.006335604,0,Kolkata,nearest_canonical_atm_euclidean,
2077,ba44c170-601e-501e-a74f-77b6e98cae26,2023-03-10,0.006329498,0,Hyderabad,nearest_canonical_atm_euclidean,
2078,38ef268a-dcd0-56f8-8c8f-954520b5c33b,2023-09-29,0.0063259327,0,Ahmedabad,nearest_canonical_atm_euclidean,
2079,81a02119-b06c-5fc0-b634-9f212b95825a,2023-10-20,0.006320959,0,Hyderabad,nearest_canonical_atm_euclidean,
2080,47b40f44-e493-5f2d-b12c-8a7eb6ccd6f4,2023-02-24,0.0063195247,0,Jaipur,nearest_canonical_atm_euclidean,
2081,7142d25c-5954-53f9-ba18-f95055901780,2023-02-03,0.00631795,0,Bengaluru,nearest_canonical_atm_euclidean,
2082,59684263-0e01-5fc5-9de6-966d650e19e5,2023-08-18,0.006281762,0,Mumbai,nearest_canonical_atm_euclidean,
2083,fceef9b3-9818-5d9c-9786-aa1ba0a869e2,2023-03-03,0.0062741227,0,Mumbai,nearest_canonical_atm_euclidean,
2084,d89b2703-b172-5529-922c-4af9eb48d45f,2023-01-20,0.0062552514,0,New Delhi,nearest_canonical_atm_euclidean,
2085,051674e2-a8c4-5111-bf54-2c937a9c722a,2023-01-27,0.0062426403,0,New Delhi,nearest_canonical_atm_euclidean,
2086,2ec2dfb2-1938-5797-bf2d-736d604948cb,2023-01-13,0.0062300316,0,Mumbai,nearest_canonical_atm_euclidean,
2087,47b40f44-e493-5f2d-b12c-8a7eb6ccd6f4,2023-03-03,0.006223569,0,Jaipur,nearest_canonical_atm_euclidean,
2088,4cc4f0b0-6522-5752-8674-65bde1e7ee07,2023-11-17,0.0062180683,0,Hyderabad,nearest_canonical_atm_euclidean,
2089,0949a9d8-1c2f-5d53-bc48-6050d92fe35b,2023-12-01,0.006211878,0,Bengaluru,nearest_canonical_atm_euclidean,
2090,38ef268a-dcd0-56f8-8c8f-954520b5c33b,2023-08-18,0.006208967,0,Ahmedabad,nearest_canonical_atm_euclidean,
2091,3b1e5d03-563a-5430-87b7-e281fa8f8af4,2023-02-17,0.0062027853,0,Mumbai,nearest_canonical_atm_euclidean,
2092,7142d25c-5954-53f9-ba18-f95055901780,2023-09-22,0.0062009483,0,Bengaluru,nearest_canonical_atm_euclidean,
2093,a5676c6d-3d3e-517c-81a9-86b85c039df1,2023-11-24,0.006189194,0,Ahmedabad,nearest_canonical_atm_euclidean,
2094,cf923010-1ea8-516f-8a40-b3db95dce888,2023-03-03,0.0061763283,0,Chennai,nearest_canonical_atm_euclidean,
2095,7aee3f20-61f3-58df-bbd1-af7d2ad4f502,2023-03-10,0.006170594,0,Mumbai,nearest_canonical_atm_euclidean,
2096,7bb876b7-d98c-59b9-bfe7-5d6d8706898d,2023-02-17,0.0061583016,0,New Delhi,nearest_canonical_atm_euclidean,
2097,2e751f5b-ebe1-5162-b43d-482303a259e3,2023-07-07,0.006157992,0,Kolkata,nearest_canonical_atm_euclidean,
2098,47b40f44-e493-5f2d-b12c-8a7eb6ccd6f4,2023-05-26,0.0061536105,0,Jaipur,nearest_canonical_atm_euclidean,
2099,5cbba4d0-3c52-5f68-9295-d2058d5ea946,2023-02-24,0.006149296,0,Mumbai,nearest_canonical_atm_euclidean,
2100,ab7406b4-42c4-5a64-a99f-ed1e9a1912a6,2023-03-03,0.0061411737,0,Kolkata,nearest_canonical_atm_euclidean,
2101,1d7d8374-7d25-5244-9349-2dba7c91bf60,2023-04-28,0.0061374316,0,Ahmedabad,nearest_canonical_atm_euclidean,
2102,9ec9c0ef-9209-5a42-84e8-2013032e9b9e,2023-05-26,0.0061316695,0,Chennai,nearest_canonical_atm_euclidean,
2103,bbdf6837-aab5-5b4e-839e-9ee61eaea352,2023-12-01,0.006130202,0,Mumbai,nearest_canonical_atm_euclidean,
2104,c45eaf1f-d739-587d-8090-276bc5a6a01e,2023-03-24,0.006096774,0,New Delhi,nearest_canonical_atm_euclidean,
2105,1af29445-7edb-54fb-a987-f6ba18f4dcc3,2023-06-23,0.0060918573,0,Bengaluru,nearest_canonical_atm_euclidean,
2106,6a5e8429-628a-5a7d-b3da-577e42cb4cd4,2023-03-24,0.0060873204,0,Bengaluru,nearest_canonical_atm_euclidean,
2107,14f26062-7d75-550d-ae7d-50ad61eb0e1b,2023-07-21,0.0060815993,0,Jaipur,nearest_canonical_atm_euclidean,
2108,ce707439-e5cd-56de-8ce2-b3a7f8a910c5,2023-08-04,0.0060803657,0,Hyderabad,nearest_canonical_atm_euclidean,
2109,4407e36e-71bc-5526-9a73-9f76e801cc45,2023-04-07,0.006078654,0,Kolkata,nearest_canonical_atm_euclidean,
2110,59684263-0e01-5fc5-9de6-966d650e19e5,2023-08-11,0.0060674893,0,Mumbai,nearest_canonical_atm_euclidean,
2111,422e93c8-7fc2-5abd-bd82-7b2eb566f6e6,2023-01-13,0.0060612094,0,Kolkata,nearest_canonical_atm_euclidean,
2112,1af29445-7edb-54fb-a987-f6ba18f4dcc3,2023-12-08,0.0060396767,0,Bengaluru,nearest_canonical_atm_euclidean,
2113,1ceabaf4-936c-5e09-9db4-955f82fbe69e,2023-05-26,0.006034452,0,Bengaluru,nearest_canonical_atm_euclidean,
2114,5773a83b-9871-5a2d-b54c-7edfa60ab72d,2023-10-27,0.006027371,0,Jaipur,nearest_canonical_atm_euclidean,
2115,aac4fab3-2fa2-532d-b442-87ce705ae9f3,2023-06-16,0.0060152165,0,Bengaluru,nearest_canonical_atm_euclidean,
2116,81a02119-b06c-5fc0-b634-9f212b95825a,2023-03-31,0.006011996,0,Hyderabad,nearest_canonical_atm_euclidean,
2117,47b40f44-e493-5f2d-b12c-8a7eb6ccd6f4,2023-06-02,0.006006354,0,Jaipur,nearest_canonical_atm_euclidean,
2118,051674e2-a8c4-5111-bf54-2c937a9c722a,2023-08-25,0.0060034073,0,New Delhi,nearest_canonical_atm_euclidean,
2119,1af29445-7edb-54fb-a987-f6ba18f4dcc3,2023-09-08,0.0059950193,0,Bengaluru,nearest_canonical_atm_euclidean,
2120,7c1562ed-0c51-50a9-b83b-049fcdfe12b4,2023-01-13,0.0059888256,0,Jaipur,nearest_canonical_atm_euclidean,
2121,c4d45e66-af66-5d62-9ec1-a719ee0110b8,2023-07-28,0.0059703095,0,Bengaluru,nearest_canonical_atm_euclidean,
2122,642f4235-82f6-5143-8ea5-5048e8f0d80a,2023-12-15,0.0059622074,0,Hyderabad,nearest_canonical_atm_euclidean,
2123,14f26062-7d75-550d-ae7d-50ad61eb0e1b,2023-11-17,0.00594248,0,Jaipur,nearest_canonical_atm_euclidean,
2124,9adf3d58-2b6f-5de3-8510-5cc671d1d2e8,2023-02-17,0.0059420266,0,Ahmedabad,nearest_canonical_atm_euclidean,
2125,14f26062-7d75-550d-ae7d-50ad61eb0e1b,2023-05-26,0.0059292056,0,Jaipur,nearest_canonical_atm_euclidean,
2126,642f4235-82f6-5143-8ea5-5048e8f0d80a,2023-07-28,0.0059279096,0,Hyderabad,nearest_canonical_atm_euclidean,
2127,1ceabaf4-936c-5e09-9db4-955f82fbe69e,2023-12-08,0.005921226,0,Bengaluru,nearest_canonical_atm_euclidean,
2128,afecdedf-a580-5453-aee1-cce5a1fc6571,2023-08-11,0.005918089,0,Ahmedabad,nearest_canonical_atm_euclidean,
2129,b73cca25-bce0-5c18-8339-4e08c62ff897,2023-08-11,0.005916995,0,Kolkata,nearest_canonical_atm_euclidean,
2130,81697ea2-f5de-540b-a729-ead84b45e611,2023-07-21,0.0059088,0,Mumbai,nearest_canonical_atm_euclidean,
2131,6e2eb94c-abea-566d-881f-33304c81d95b,2023-05-26,0.005906607,0,Hyderabad,nearest_canonical_atm_euclidean,
2132,7af28f6a-7ed8-5ba7-97f0-f49875cbb077,2023-07-28,0.0059058904,0,Mumbai,nearest_canonical_atm_euclidean,
2133,7c8a9fea-1f01-5794-b1f8-1f33bc77651b,2023-02-24,0.005881105,0,New Delhi,nearest_canonical_atm_euclidean,
2134,c45eaf1f-d739-587d-8090-276bc5a6a01e,2023-06-23,0.0058683977,0,New Delhi,nearest_canonical_atm_euclidean,
2135,14e22c3d-5500-5971-b937-f612a3b05543,2023-06-09,0.005864221,0,Chennai,nearest_canonical_atm_euclidean,
2136,83a48d15-e769-5c36-ba85-663466038d79,2023-01-06,0.005857697,0,Kolkata,nearest_canonical_atm_euclidean,
2137,2ec2dfb2-1938-5797-bf2d-736d604948cb,2023-08-04,0.0058568395,0,Mumbai,nearest_canonical_atm_euclidean,
2138,fceef9b3-9818-5d9c-9786-aa1ba0a869e2,2023-07-14,0.005846775,0,Mumbai,nearest_canonical_atm_euclidean,
2139,9d88e52f-9303-5776-9acc-390b8ece126d,2023-05-05,0.0058457386,0,Chennai,nearest_canonical_atm_euclidean,
2140,b3dc96a5-31cc-51a8-a4bc-4d47da6df377,2023-06-16,0.005820117,0,New Delhi,nearest_canonical_atm_euclidean,
2141,ae9a45fc-c291-5efa-a2ad-8e3d969953d5,2023-06-02,0.0058157425,0,New Delhi,nearest_canonical_atm_euclidean,
2142,328c3398-026a-5b82-ad02-8598a7d943ba,2023-10-13,0.005815122,0,Bengaluru,nearest_canonical_atm_euclidean,
2143,41174545-6f86-5ccc-94c0-7054225d58ad,2023-08-11,0.005814524,0,Chennai,nearest_canonical_atm_euclidean,
2144,06c1e399-5422-598e-8078-2622bf0dc842,2023-11-24,0.005806142,0,Jaipur,nearest_canonical_atm_euclidean,
2145,863a1f8a-9358-5d83-a37a-ef1b3af72061,2023-01-13,0.0058054263,0,New Delhi,nearest_canonical_atm_euclidean,
2146,c4d45e66-af66-5d62-9ec1-a719ee0110b8,2023-04-28,0.0057995208,0,Bengaluru,nearest_canonical_atm_euclidean,
2147,aac4fab3-2fa2-532d-b442-87ce705ae9f3,2023-04-21,0.0057985173,0,Bengaluru,nearest_canonical_atm_euclidean,
2148,d96fb612-761a-52d1-8bfd-a2368e7f9fd3,2023-04-28,0.0057858173,0,Jaipur,nearest_canonical_atm_euclidean,
2149,a5676c6d-3d3e-517c-81a9-86b85c039df1,2023-01-06,0.005783396,0,Ahmedabad,nearest_canonical_atm_euclidean,
2150,051674e2-a8c4-5111-bf54-2c937a9c722a,2023-12-15,0.005778854,0,New Delhi,nearest_canonical_atm_euclidean,
2151,34ff42c5-aa0c-58b5-b153-3aa920bff5c7,2023-05-26,0.0057670423,0,Chennai,nearest_canonical_atm_euclidean,
2152,afecdedf-a580-5453-aee1-cce5a1fc6571,2023-07-28,0.0057622674,0,Ahmedabad,nearest_canonical_atm_euclidean,
2153,5cbba4d0-3c52-5f68-9295-d2058d5ea946,2023-02-17,0.005755265,0,Mumbai,nearest_canonical_atm_euclidean,
2154,2e751f5b-ebe1-5162-b43d-482303a259e3,2023-08-18,0.005752872,0,Kolkata,nearest_canonical_atm_euclidean,
2155,37d50aaa-0ca6-52fd-ba0f-a0c734b03d34,2023-08-04,0.005749311,0,Mumbai,nearest_canonical_atm_euclidean,
2156,94effd11-8fd8-50af-8f4c-b5a629d11375,2023-05-19,0.0057451725,0,Jaipur,nearest_canonical_atm_euclidean,
2157,c4d45e66-af66-5d62-9ec1-a719ee0110b8,2023-09-15,0.0057419892,0,Bengaluru,nearest_canonical_atm_euclidean,
2158,ce707439-e5cd-56de-8ce2-b3a7f8a910c5,2023-10-20,0.00574117,0,Hyderabad,nearest_canonical_atm_euclidean,
2159,d89b2703-b172-5529-922c-4af9eb48d45f,2023-11-17,0.005738558,0,New Delhi,nearest_canonical_atm_euclidean,
2160,2ec2dfb2-1938-5797-bf2d-736d604948cb,2023-04-07,0.0057381797,0,Mumbai,nearest_canonical_atm_euclidean,
2161,83a48d15-e769-5c36-ba85-663466038d79,2023-09-22,0.005728712,0,Kolkata,nearest_canonical_atm_euclidean,
2162,dce0c68a-90eb-5756-908b-549f801f0816,2023-03-31,0.0057134493,0,Hyderabad,nearest_canonical_atm_euclidean,
2163,ce707439-e5cd-56de-8ce2-b3a7f8a910c5,2023-02-10,0.0057116295,0,Hyderabad,nearest_canonical_atm_euclidean,
2164,38ef268a-dcd0-56f8-8c8f-954520b5c33b,2023-03-17,0.0056741973,0,Ahmedabad,nearest_canonical_atm_euclidean,
2165,f69a2a75-085f-5b60-b0c2-9aebccd78b03,2023-04-14,0.0056720325,0,Hyderabad,nearest_canonical_atm_euclidean,
2166,964994af-c467-5422-8727-4914e98a9b1b,2023-06-09,0.0056667505,0,Hyderabad,nearest_canonical_atm_euclidean,
2167,d05fbe4b-fcba-52a3-9d29-e0fce9ccdbd9,2023-06-23,0.005659621,0,New Delhi,nearest_canonical_atm_euclidean,
2168,8df3fb3f-36b9-5e62-b1aa-54e0ed960822,2023-03-10,0.0056499504,0,Mumbai,nearest_canonical_atm_euclidean,
2169,b3dc96a5-31cc-51a8-a4bc-4d47da6df377,2023-07-07,0.0056476737,0,New Delhi,nearest_canonical_atm_euclidean,
2170,bbdf6837-aab5-5b4e-839e-9ee61eaea352,2023-11-24,0.0056424863,0,Mumbai,nearest_canonical_atm_euclidean,
2171,41174545-6f86-5ccc-94c0-7054225d58ad,2023-06-23,0.005636262,0,Chennai,nearest_canonical_atm_euclidean,
2172,59fb71b7-27d2-56ae-87ab-548765379b67,2023-08-11,0.0056264433,0,Bengaluru,nearest_canonical_atm_euclidean,
2173,b73cca25-bce0-5c18-8339-4e08c62ff897,2023-10-20,0.0056263977,0,Kolkata,nearest_canonical_atm_euclidean,
2174,b2e6f33c-17a1-547b-a103-0541efcaee5d,2023-01-13,0.0056252484,0,Ahmedabad,nearest_canonical_atm_euclidean,
2175,8d9781e0-0f19-5e72-9add-8fe3b028bb83,2023-06-09,0.00560822,0,Hyderabad,nearest_canonical_atm_euclidean,
2176,3b1e5d03-563a-5430-87b7-e281fa8f8af4,2023-06-30,0.0056062476,0,Mumbai,nearest_canonical_atm_euclidean,
2177,0949a9d8-1c2f-5d53-bc48-6050d92fe35b,2023-04-28,0.0056061354,0,Bengaluru,nearest_canonical_atm_euclidean,
2178,47b40f44-e493-5f2d-b12c-8a7eb6ccd6f4,2023-06-23,0.0055966005,0,Jaipur,nearest_canonical_atm_euclidean,
2179,f1f8d2d0-6ea3-5875-acce-a83a08547247,2023-05-05,0.005594841,0,New Delhi,nearest_canonical_atm_euclidean,
2180,b41f1475-dca2-5dc1-938e-9543cd4de399,2023-05-05,0.0055771694,0,Ahmedabad,nearest_canonical_atm_euclidean,
2181,182ddc72-62c6-5f3b-b7ae-935c5b5e605b,2023-01-20,0.005568636,0,Jaipur,nearest_canonical_atm_euclidean,
2182,d3483408-08a1-5840-8a4f-e2a5d47c989b,2023-04-21,0.0055636507,0,Chennai,nearest_canonical_atm_euclidean,
2183,051674e2-a8c4-5111-bf54-2c937a9c722a,2023-07-07,0.0055634184,0,New Delhi,nearest_canonical_atm_euclidean,
2184,6e2eb94c-abea-566d-881f-33304c81d95b,2023-09-08,0.0055611106,0,Hyderabad,nearest_canonical_atm_euclidean,
2185,c4d45e66-af66-5d62-9ec1-a719ee0110b8,2023-12-15,0.0055548167,0,Bengaluru,nearest_canonical_atm_euclidean,
2186,964994af-c467-5422-8727-4914e98a9b1b,2023-07-14,0.005552299,0,Hyderabad,nearest_canonical_atm_euclidean,
2187,de2d188a-a433-5f4b-869a-2ffe30dfc6ab,2023-12-01,0.0055378713,0,Ahmedabad,nearest_canonical_atm_euclidean,
2188,eade7219-66ba-5894-8964-9eff10228818,2023-06-02,0.00552522,0,Jaipur,nearest_canonical_atm_euclidean,
2189,23f00f1f-a233-5e89-8069-27d2584ad221,2023-09-29,0.0055153356,0,Hyderabad,nearest_canonical_atm_euclidean,
2190,7af28f6a-7ed8-5ba7-97f0-f49875cbb077,2023-09-22,0.005512608,0,Mumbai,nearest_canonical_atm_euclidean,
2191,4cc4f0b0-6522-5752-8674-65bde1e7ee07,2023-06-23,0.0055006673,0,Hyderabad,nearest_canonical_atm_euclidean,
2192,6a5e8429-628a-5a7d-b3da-577e42cb4cd4,2023-03-03,0.0054953615,0,Bengaluru,nearest_canonical_atm_euclidean,
2193,e789fbe5-81bc-554f-9309-2f60d40df893,2023-04-07,0.005492436,0,Kolkata,nearest_canonical_atm_euclidean,
2194,81697ea2-f5de-540b-a729-ead84b45e611,2023-11-10,0.0054838755,0,Mumbai,nearest_canonical_atm_euclidean,
2195,7142d25c-5954-53f9-ba18-f95055901780,2023-01-20,0.005479352,0,Bengaluru,nearest_canonical_atm_euclidean,
2196,6e2eb94c-abea-566d-881f-33304c81d95b,2022-12-30,0.0054728785,0,Hyderabad,nearest_canonical_atm_euclidean,
2197,14e22c3d-5500-5971-b937-f612a3b05543,2023-09-15,0.0054710675,0,Chennai,nearest_canonical_atm_euclidean,
2198,051674e2-a8c4-5111-bf54-2c937a9c722a,2023-02-10,0.0054604653,0,New Delhi,nearest_canonical_atm_euclidean,
2199,6a5e8429-628a-5a7d-b3da-577e42cb4cd4,2023-10-13,0.0054582804,0,Bengaluru,nearest_canonical_atm_euclidean,
2200,964994af-c467-5422-8727-4914e98a9b1b,2023-02-10,0.005458257,0,Hyderabad,nearest_canonical_atm_euclidean,
2201,a891a4aa-b7cd-521d-928f-f58da9655ef5,2023-06-02,0.0054522576,0,Hyderabad,nearest_canonical_atm_euclidean,
2202,964994af-c467-5422-8727-4914e98a9b1b,2023-07-07,0.0054493807,0,Hyderabad,nearest_canonical_atm_euclidean,
2203,d69d9b0a-1678-5866-b094-3f5f19c0c205,2023-09-22,0.005443115,0,Ahmedabad,nearest_canonical_atm_euclidean,
2204,6e2eb94c-abea-566d-881f-33304c81d95b,2023-11-10,0.005423202,0,Hyderabad,nearest_canonical_atm_euclidean,
2205,328c3398-026a-5b82-ad02-8598a7d943ba,2023-09-22,0.0054212427,0,Bengaluru,nearest_canonical_atm_euclidean,
2206,d05fbe4b-fcba-52a3-9d29-e0fce9ccdbd9,2023-12-08,0.005413851,0,New Delhi,nearest_canonical_atm_euclidean,
2207,90bcf56f-15e8-5317-aff9-2bb508a1d03a,2023-11-24,0.0054084104,0,Chennai,nearest_canonical_atm_euclidean,
2208,c4d45e66-af66-5d62-9ec1-a719ee0110b8,2023-11-24,0.005399881,0,Bengaluru,nearest_canonical_atm_euclidean,
2209,f801c521-91da-5b20-88bb-185c236cf141,2023-06-23,0.0053904825,0,Jaipur,nearest_canonical_atm_euclidean,
2210,d96fb612-761a-52d1-8bfd-a2368e7f9fd3,2023-11-03,0.005380894,0,Jaipur,nearest_canonical_atm_euclidean,
2211,2ec2dfb2-1938-5797-bf2d-736d604948cb,2023-07-07,0.005366003,0,Mumbai,nearest_canonical_atm_euclidean,
2212,81697ea2-f5de-540b-a729-ead84b45e611,2022-12-30,0.0053529534,0,Mumbai,nearest_canonical_atm_euclidean,
2213,7c8a9fea-1f01-5794-b1f8-1f33bc77651b,2023-06-02,0.0053434637,0,New Delhi,nearest_canonical_atm_euclidean,
2214,34ff42c5-aa0c-58b5-b153-3aa920bff5c7,2023-06-30,0.005327718,0,Chennai,nearest_canonical_atm_euclidean,
2215,23f00f1f-a233-5e89-8069-27d2584ad221,2023-06-30,0.0053275945,0,Hyderabad,nearest_canonical_atm_euclidean,
2216,8df3fb3f-36b9-5e62-b1aa-54e0ed960822,2023-05-19,0.0053209607,0,Mumbai,nearest_canonical_atm_euclidean,
2217,2ec2dfb2-1938-5797-bf2d-736d604948cb,2023-03-17,0.0053204885,0,Mumbai,nearest_canonical_atm_euclidean,
2218,5773a83b-9871-5a2d-b54c-7edfa60ab72d,2023-11-03,0.005316316,0,Jaipur,nearest_canonical_atm_euclidean,
2219,f1f8d2d0-6ea3-5875-acce-a83a08547247,2023-05-26,0.005311545,0,New Delhi,nearest_canonical_atm_euclidean,
2220,fbbc3df5-4722-57b4-9788-6244a82eaa45,2023-04-07,0.0053102025,0,Chennai,nearest_canonical_atm_euclidean,
2221,f41c7ddd-7008-5aeb-99eb-f05a1845a016,2023-01-13,0.0052939714,0,Bengaluru,nearest_canonical_atm_euclidean,
2222,7c8a9fea-1f01-5794-b1f8-1f33bc77651b,2023-03-10,0.005293281,0,New Delhi,nearest_canonical_atm_euclidean,
2223,9ec9c0ef-9209-5a42-84e8-2013032e9b9e,2022-12-30,0.0052927337,0,Chennai,nearest_canonical_atm_euclidean,
2224,1ceabaf4-936c-5e09-9db4-955f82fbe69e,2023-10-27,0.0052868403,0,Bengaluru,nearest_canonical_atm_euclidean,
2225,a2bdeeac-87ea-5acb-a121-647dd81616e4,2023-10-27,0.00527913,0,Bengaluru,nearest_canonical_atm_euclidean,
2226,cf923010-1ea8-516f-8a40-b3db95dce888,2023-01-13,0.005278436,0,Chennai,nearest_canonical_atm_euclidean,
2227,6e2eb94c-abea-566d-881f-33304c81d95b,2023-04-28,0.005271968,0,Hyderabad,nearest_canonical_atm_euclidean,
2228,e789fbe5-81bc-554f-9309-2f60d40df893,2023-11-03,0.0052682636,0,Kolkata,nearest_canonical_atm_euclidean,
2229,1af29445-7edb-54fb-a987-f6ba18f4dcc3,2023-05-12,0.0052653356,0,Bengaluru,nearest_canonical_atm_euclidean,
2230,1b131b05-4df1-5564-b4fd-6cb5e09cfdd5,2023-02-17,0.0052608,0,Kolkata,nearest_canonical_atm_euclidean,
2231,642f4235-82f6-5143-8ea5-5048e8f0d80a,2023-12-01,0.005256328,0,Hyderabad,nearest_canonical_atm_euclidean,
2232,f41c7ddd-7008-5aeb-99eb-f05a1845a016,2023-07-07,0.0052519315,0,Bengaluru,nearest_canonical_atm_euclidean,
2233,a2bdeeac-87ea-5acb-a121-647dd81616e4,2023-01-13,0.0052512838,0,Bengaluru,nearest_canonical_atm_euclidean,
2234,2e751f5b-ebe1-5162-b43d-482303a259e3,2023-01-20,0.005236541,0,Kolkata,nearest_canonical_atm_euclidean,
2235,328c3398-026a-5b82-ad02-8598a7d943ba,2023-08-04,0.005234184,0,Bengaluru,nearest_canonical_atm_euclidean,
2236,5cbba4d0-3c52-5f68-9295-d2058d5ea946,2023-10-27,0.0052243294,0,Mumbai,nearest_canonical_atm_euclidean,
2237,328c3398-026a-5b82-ad02-8598a7d943ba,2023-02-17,0.0052220547,0,Bengaluru,nearest_canonical_atm_euclidean,
2238,b41f1475-dca2-5dc1-938e-9543cd4de399,2023-06-30,0.005217029,0,Ahmedabad,nearest_canonical_atm_euclidean,
2239,7c1562ed-0c51-50a9-b83b-049fcdfe12b4,2023-09-29,0.0052151266,0,Jaipur,nearest_canonical_atm_euclidean,
2240,e789fbe5-81bc-554f-9309-2f60d40df893,2023-09-29,0.005212673,0,Kolkata,nearest_canonical_atm_euclidean,
2241,800f26bb-ab13-53a8-8329-4e07a6b7cf1d,2023-08-04,0.0052020955,0,Mumbai,nearest_canonical_atm_euclidean,
2242,1b131b05-4df1-5564-b4fd-6cb5e09cfdd5,2023-03-03,0.0051997616,0,Kolkata,nearest_canonical_atm_euclidean,
2243,328c3398-026a-5b82-ad02-8598a7d943ba,2023-03-31,0.005197113,0,Bengaluru,nearest_canonical_atm_euclidean,
2244,eade7219-66ba-5894-8964-9eff10228818,2023-03-10,0.0051963567,0,Jaipur,nearest_canonical_atm_euclidean,
2245,2ec2dfb2-1938-5797-bf2d-736d604948cb,2023-10-27,0.0051936805,0,Mumbai,nearest_canonical_atm_euclidean,
2246,b7c4c3b5-15ff-512b-bc9b-d52f3797f893,2023-04-28,0.0051924633,0,Chennai,nearest_canonical_atm_euclidean,
2247,e3c72b40-457d-5627-b578-4da7a09c1fc1,2023-01-20,0.005183722,0,New Delhi,nearest_canonical_atm_euclidean,
2248,90bcf56f-15e8-5317-aff9-2bb508a1d03a,2023-01-27,0.0051727933,0,Chennai,nearest_canonical_atm_euclidean,
2249,51f7f7da-0718-5063-91b2-d743096e78e1,2023-03-24,0.005171498,0,Bengaluru,nearest_canonical_atm_euclidean,
2250,182ddc72-62c6-5f3b-b7ae-935c5b5e605b,2023-09-22,0.0051697316,0,Jaipur,nearest_canonical_atm_euclidean,
2251,6e2eb94c-abea-566d-881f-33304c81d95b,2023-09-22,0.00516529,0,Hyderabad,nearest_canonical_atm_euclidean,
2252,3aa4e1f6-58c6-5cbb-a302-28689bbca879,2023-09-29,0.00516455,0,Bengaluru,nearest_canonical_atm_euclidean,
2253,b2e6f33c-17a1-547b-a103-0541efcaee5d,2023-05-19,0.0051485742,0,Ahmedabad,nearest_canonical_atm_euclidean,
2254,ba44c170-601e-501e-a74f-77b6e98cae26,2023-03-17,0.0051416764,0,Hyderabad,nearest_canonical_atm_euclidean,
2255,38ef268a-dcd0-56f8-8c8f-954520b5c33b,2023-03-31,0.0051359013,0,Ahmedabad,nearest_canonical_atm_euclidean,
2256,23f00f1f-a233-5e89-8069-27d2584ad221,2023-01-20,0.0051355213,0,Hyderabad,nearest_canonical_atm_euclidean,
2257,83a48d15-e769-5c36-ba85-663466038d79,2023-10-20,0.005129858,0,Kolkata,nearest_canonical_atm_euclidean,
2258,34ff42c5-aa0c-58b5-b153-3aa920bff5c7,2023-02-17,0.005129775,0,Chennai,nearest_canonical_atm_euclidean,
2259,7c8a9fea-1f01-5794-b1f8-1f33bc77651b,2023-04-28,0.005129364,0,New Delhi,nearest_canonical_atm_euclidean,
2260,6ded4d28-8bc2-5507-85db-b9ec23a0756c,2023-10-20,0.005128009,0,Mumbai,nearest_canonical_atm_euclidean,
2261,41adf9c7-e4f5-56f8-a964-fecf7428833b,2023-03-31,0.0051204823,0,Jaipur,nearest_canonical_atm_euclidean,
2262,c4d45e66-af66-5d62-9ec1-a719ee0110b8,2023-03-10,0.005100757,0,Bengaluru,nearest_canonical_atm_euclidean,
2263,b41f1475-dca2-5dc1-938e-9543cd4de399,2023-05-26,0.0050982605,0,Ahmedabad,nearest_canonical_atm_euclidean,
2264,ba44c170-601e-501e-a74f-77b6e98cae26,2023-11-24,0.005092007,0,Hyderabad,nearest_canonical_atm_euclidean,
2265,f801c521-91da-5b20-88bb-185c236cf141,2023-08-18,0.0050860345,0,Jaipur,nearest_canonical_atm_euclidean,
2266,3b1e5d03-563a-5430-87b7-e281fa8f8af4,2023-04-07,0.0050840005,0,Mumbai,nearest_canonical_atm_euclidean,
2267,c4d45e66-af66-5d62-9ec1-a719ee0110b8,2022-12-30,0.0050826888,0,Bengaluru,nearest_canonical_atm_euclidean,
2268,7aee3f20-61f3-58df-bbd1-af7d2ad4f502,2023-11-17,0.005072648,0,Mumbai,nearest_canonical_atm_euclidean,
2269,bbdf6837-aab5-5b4e-839e-9ee61eaea352,2023-06-02,0.005070829,0,Mumbai,nearest_canonical_atm_euclidean,
2270,90bcf56f-15e8-5317-aff9-2bb508a1d03a,2023-09-01,0.0050660707,0,Chennai,nearest_canonical_atm_euclidean,
2271,7af28f6a-7ed8-5ba7-97f0-f49875cbb077,2023-08-18,0.00506051,0,Mumbai,nearest_canonical_atm_euclidean,
2272,7c8a9fea-1f01-5794-b1f8-1f33bc77651b,2023-03-24,0.0050435425,0,New Delhi,nearest_canonical_atm_euclidean,
2273,34ff42c5-aa0c-58b5-b153-3aa920bff5c7,2023-07-21,0.0050395,0,Chennai,nearest_canonical_atm_euclidean,
2274,5737401f-13a5-5335-9e4c-336a9e870086,2023-10-27,0.0050355713,0,Kolkata,nearest_canonical_atm_euclidean,
2275,ae9a45fc-c291-5efa-a2ad-8e3d969953d5,2023-09-29,0.005035421,0,New Delhi,nearest_canonical_atm_euclidean,
2276,d3483408-08a1-5840-8a4f-e2a5d47c989b,2023-05-12,0.0050324737,0,Chennai,nearest_canonical_atm_euclidean,
2277,4e782d22-24b2-5334-ad26-772dec5c36d3,2023-12-15,0.0050244643,0,Jaipur,nearest_canonical_atm_euclidean,
2278,644ec086-7a2f-56c1-8890-a0cf1371bb8f,2023-12-15,0.005023767,0,Jaipur,nearest_canonical_atm_euclidean,
2279,1ca42a9a-50ec-5a1d-99e3-81bf7c579716,2023-09-01,0.005022768,0,New Delhi,nearest_canonical_atm_euclidean,
2280,ae9a45fc-c291-5efa-a2ad-8e3d969953d5,2023-02-10,0.005018825,0,New Delhi,nearest_canonical_atm_euclidean,
2281,7af28f6a-7ed8-5ba7-97f0-f49875cbb077,2023-07-21,0.0050182994,0,Mumbai,nearest_canonical_atm_euclidean,
2282,7af28f6a-7ed8-5ba7-97f0-f49875cbb077,2022-12-30,0.0050171493,0,Mumbai,nearest_canonical_atm_euclidean,
2283,ce707439-e5cd-56de-8ce2-b3a7f8a910c5,2023-06-02,0.0050149336,0,Hyderabad,nearest_canonical_atm_euclidean,
2284,6e2eb94c-abea-566d-881f-33304c81d95b,2023-06-09,0.0050011263,1,Hyderabad,nearest_canonical_atm_euclidean,
2285,d05fbe4b-fcba-52a3-9d29-e0fce9ccdbd9,2022-12-30,0.004999705,0,New Delhi,nearest_canonical_atm_euclidean,
2286,7c8fbbb0-7633-546c-b927-1accdba2044a,2023-03-24,0.004995565,0,Chennai,nearest_canonical_atm_euclidean,
2287,fceef9b3-9818-5d9c-9786-aa1ba0a869e2,2023-09-08,0.0049751997,0,Mumbai,nearest_canonical_atm_euclidean,
2288,34ff42c5-aa0c-58b5-b153-3aa920bff5c7,2023-07-28,0.0049569053,0,Chennai,nearest_canonical_atm_euclidean,
2289,81a02119-b06c-5fc0-b634-9f212b95825a,2023-05-05,0.0049552834,0,Hyderabad,nearest_canonical_atm_euclidean,
2290,2ec2dfb2-1938-5797-bf2d-736d604948cb,2023-08-11,0.0049548154,0,Mumbai,nearest_canonical_atm_euclidean,
2291,863a1f8a-9358-5d83-a37a-ef1b3af72061,2023-03-31,0.004949569,0,New Delhi,nearest_canonical_atm_euclidean,
2292,0949a9d8-1c2f-5d53-bc48-6050d92fe35b,2023-01-06,0.0049479576,0,Bengaluru,nearest_canonical_atm_euclidean,
2293,cf923010-1ea8-516f-8a40-b3db95dce888,2023-04-14,0.004939471,0,Chennai,nearest_canonical_atm_euclidean,
2294,8279eaa3-c5e0-5a20-9db9-075ee86efeb4,2023-12-15,0.004937465,0,Kolkata,nearest_canonical_atm_euclidean,
2295,328c3398-026a-5b82-ad02-8598a7d943ba,2023-01-27,0.00493728,0,Bengaluru,nearest_canonical_atm_euclidean,
2296,fbbc3df5-4722-57b4-9788-6244a82eaa45,2023-07-07,0.0049282433,0,Chennai,nearest_canonical_atm_euclidean,
2297,6e2eb94c-abea-566d-881f-33304c81d95b,2023-03-31,0.0049240896,0,Hyderabad,nearest_canonical_atm_euclidean,
2298,328c3398-026a-5b82-ad02-8598a7d943ba,2023-09-01,0.0049115866,0,Bengaluru,nearest_canonical_atm_euclidean,
2299,a5676c6d-3d3e-517c-81a9-86b85c039df1,2023-09-29,0.004909844,0,Ahmedabad,nearest_canonical_atm_euclidean,
2300,642f4235-82f6-5143-8ea5-5048e8f0d80a,2023-05-26,0.004906742,0,Hyderabad,nearest_canonical_atm_euclidean,
2301,c991fb7a-f5c2-5464-b968-538bf5c140df,2023-03-31,0.004897268,0,Mumbai,nearest_canonical_atm_euclidean,
2302,7c8a9fea-1f01-5794-b1f8-1f33bc77651b,2023-03-03,0.004892005,0,New Delhi,nearest_canonical_atm_euclidean,
2303,f41c7ddd-7008-5aeb-99eb-f05a1845a016,2023-09-15,0.0048909024,0,Bengaluru,nearest_canonical_atm_euclidean,
2304,b8864095-68a2-5748-a216-676e811b321c,2023-10-27,0.0048889513,0,Chennai,nearest_canonical_atm_euclidean,
2305,4e782d22-24b2-5334-ad26-772dec5c36d3,2023-01-20,0.0048881066,0,Jaipur,nearest_canonical_atm_euclidean,
2306,9b0bfc62-59d8-573e-81b2-fee4669a409a,2023-02-03,0.0048861937,0,Hyderabad,nearest_canonical_atm_euclidean,
2307,9d88e52f-9303-5776-9acc-390b8ece126d,2023-09-22,0.0048854956,0,Chennai,nearest_canonical_atm_euclidean,
2308,91abf21e-5b5e-5823-b4f0-c5d40f77d717,2023-03-03,0.0048771505,0,New Delhi,nearest_canonical_atm_euclidean,
2309,4cc4f0b0-6522-5752-8674-65bde1e7ee07,2023-02-24,0.004874525,0,Hyderabad,nearest_canonical_atm_euclidean,
2310,7142d25c-5954-53f9-ba18-f95055901780,2023-09-15,0.004866207,0,Bengaluru,nearest_canonical_atm_euclidean,
2311,f9c8bdaf-f2d5-519b-81d4-759a53bf1015,2023-03-24,0.004863702,0,Chennai,nearest_canonical_atm_euclidean,
2312,34ff42c5-aa0c-58b5-b153-3aa920bff5c7,2023-11-24,0.004861058,0,Chennai,nearest_canonical_atm_euclidean,
2313,23f00f1f-a233-5e89-8069-27d2584ad221,2023-12-15,0.004851656,0,Hyderabad,nearest_canonical_atm_euclidean,
2314,7c1562ed-0c51-50a9-b83b-049fcdfe12b4,2023-08-04,0.004850535,0,Jaipur,nearest_canonical_atm_euclidean,
2315,afecdedf-a580-5453-aee1-cce5a1fc6571,2023-04-28,0.004848317,0,Ahmedabad,nearest_canonical_atm_euclidean,
2316,7c1562ed-0c51-50a9-b83b-049fcdfe12b4,2023-02-03,0.0048411624,0,Jaipur,nearest_canonical_atm_euclidean,
2317,94effd11-8fd8-50af-8f4c-b5a629d11375,2023-12-15,0.004837063,0,Jaipur,nearest_canonical_atm_euclidean,
2318,7bb876b7-d98c-59b9-bfe7-5d6d8706898d,2023-04-28,0.0048343926,0,New Delhi,nearest_canonical_atm_euclidean,
2319,41adf9c7-e4f5-56f8-a964-fecf7428833b,2023-11-17,0.004833817,0,Jaipur,nearest_canonical_atm_euclidean,
2320,051674e2-a8c4-5111-bf54-2c937a9c722a,2023-08-11,0.0048265555,0,New Delhi,nearest_canonical_atm_euclidean,
2321,1b131b05-4df1-5564-b4fd-6cb5e09cfdd5,2023-06-09,0.0048148837,0,Kolkata,nearest_canonical_atm_euclidean,
2322,afecdedf-a580-5453-aee1-cce5a1fc6571,2023-02-17,0.0048144795,0,Ahmedabad,nearest_canonical_atm_euclidean,
2323,59fb71b7-27d2-56ae-87ab-548765379b67,2023-01-20,0.004814,0,Bengaluru,nearest_canonical_atm_euclidean,
2324,c45eaf1f-d739-587d-8090-276bc5a6a01e,2023-02-10,0.004812234,0,New Delhi,nearest_canonical_atm_euclidean,
2325,afecdedf-a580-5453-aee1-cce5a1fc6571,2022-12-30,0.0048042526,0,Ahmedabad,nearest_canonical_atm_euclidean,
2326,7c8fbbb0-7633-546c-b927-1accdba2044a,2023-04-28,0.004799235,0,Chennai,nearest_canonical_atm_euclidean,
2327,08c99329-0e59-5327-8796-9fef243ca011,2023-01-27,0.0047950847,0,Bengaluru,nearest_canonical_atm_euclidean,
2328,a5676c6d-3d3e-517c-81a9-86b85c039df1,2023-09-08,0.0047914977,0,Ahmedabad,nearest_canonical_atm_euclidean,
2329,9adf3d58-2b6f-5de3-8510-5cc671d1d2e8,2023-10-13,0.0047722864,0,Ahmedabad,nearest_canonical_atm_euclidean,
2330,328c3398-026a-5b82-ad02-8598a7d943ba,2023-01-13,0.0047615566,0,Bengaluru,nearest_canonical_atm_euclidean,
2331,ba44c170-601e-501e-a74f-77b6e98cae26,2023-06-09,0.0047200825,0,Hyderabad,nearest_canonical_atm_euclidean,
2332,90bcf56f-15e8-5317-aff9-2bb508a1d03a,2023-04-07,0.0047185887,0,Chennai,nearest_canonical_atm_euclidean,
2333,f801c521-91da-5b20-88bb-185c236cf141,2023-03-10,0.004716435,0,Jaipur,nearest_canonical_atm_euclidean,
2334,37d50aaa-0ca6-52fd-ba0f-a0c734b03d34,2023-07-21,0.0047146874,0,Mumbai,nearest_canonical_atm_euclidean,
2335,1d7d8374-7d25-5244-9349-2dba7c91bf60,2023-02-10,0.0047140694,0,Ahmedabad,nearest_canonical_atm_euclidean,
2336,e3c72b40-457d-5627-b578-4da7a09c1fc1,2023-09-22,0.00471398,0,New Delhi,nearest_canonical_atm_euclidean,
2337,6a5e8429-628a-5a7d-b3da-577e42cb4cd4,2023-04-28,0.004713566,0,Bengaluru,nearest_canonical_atm_euclidean,
2338,aac4fab3-2fa2-532d-b442-87ce705ae9f3,2023-09-29,0.004708379,0,Bengaluru,nearest_canonical_atm_euclidean,
2339,0949a9d8-1c2f-5d53-bc48-6050d92fe35b,2023-11-17,0.004705591,0,Bengaluru,nearest_canonical_atm_euclidean,
2340,328c3398-026a-5b82-ad02-8598a7d943ba,2023-04-21,0.004704649,0,Bengaluru,nearest_canonical_atm_euclidean,
2341,65a9af02-f38e-5bc1-a908-6a3a653df0fc,2023-03-03,0.0046993154,0,Ahmedabad,nearest_canonical_atm_euclidean,
2342,422e93c8-7fc2-5abd-bd82-7b2eb566f6e6,2023-12-08,0.0046988204,0,Kolkata,nearest_canonical_atm_euclidean,
2343,4407e36e-71bc-5526-9a73-9f76e801cc45,2023-03-24,0.0046965755,0,Kolkata,nearest_canonical_atm_euclidean,
2344,8d9781e0-0f19-5e72-9add-8fe3b028bb83,2023-06-16,0.0046948036,0,Hyderabad,nearest_canonical_atm_euclidean,
2345,41174545-6f86-5ccc-94c0-7054225d58ad,2023-06-16,0.0046917787,0,Chennai,nearest_canonical_atm_euclidean,
2346,81697ea2-f5de-540b-a729-ead84b45e611,2023-09-15,0.0046787215,0,Mumbai,nearest_canonical_atm_euclidean,
2347,7c8fbbb0-7633-546c-b927-1accdba2044a,2023-08-11,0.004677816,0,Chennai,nearest_canonical_atm_euclidean,
2348,3b1e5d03-563a-5430-87b7-e281fa8f8af4,2023-03-10,0.004674398,0,Mumbai,nearest_canonical_atm_euclidean,
2349,328c3398-026a-5b82-ad02-8598a7d943ba,2023-09-29,0.004668788,0,Bengaluru,nearest_canonical_atm_euclidean,
2350,6ded4d28-8bc2-5507-85db-b9ec23a0756c,2023-01-20,0.0046648127,0,Mumbai,nearest_canonical_atm_euclidean,
2351,fceef9b3-9818-5d9c-9786-aa1ba0a869e2,2023-04-28,0.004659422,0,Mumbai,nearest_canonical_atm_euclidean,
2352,328c3398-026a-5b82-ad02-8598a7d943ba,2023-07-21,0.004655994,0,Bengaluru,nearest_canonical_atm_euclidean,
2353,7c1562ed-0c51-50a9-b83b-049fcdfe12b4,2023-03-17,0.0046473285,0,Jaipur,nearest_canonical_atm_euclidean,
2354,38ef268a-dcd0-56f8-8c8f-954520b5c33b,2023-03-24,0.0046390686,0,Ahmedabad,nearest_canonical_atm_euclidean,
2355,9adf3d58-2b6f-5de3-8510-5cc671d1d2e8,2023-05-12,0.004636619,0,Ahmedabad,nearest_canonical_atm_euclidean,
2356,d89b2703-b172-5529-922c-4af9eb48d45f,2022-12-30,0.0046350607,0,New Delhi,nearest_canonical_atm_euclidean,
2357,90bcf56f-15e8-5317-aff9-2bb508a1d03a,2023-03-10,0.0046270797,0,Chennai,nearest_canonical_atm_euclidean,
2358,328c3398-026a-5b82-ad02-8598a7d943ba,2023-02-24,0.0046185553,0,Bengaluru,nearest_canonical_atm_euclidean,
2359,47b40f44-e493-5f2d-b12c-8a7eb6ccd6f4,2023-04-28,0.0046173437,0,Jaipur,nearest_canonical_atm_euclidean,
2360,644ec086-7a2f-56c1-8890-a0cf1371bb8f,2023-10-20,0.0046170717,0,Jaipur,nearest_canonical_atm_euclidean,
2361,9e342a67-6e23-50e0-affc-c624e2da2f70,2023-10-13,0.0046144626,0,Mumbai,nearest_canonical_atm_euclidean,
2362,dce0c68a-90eb-5756-908b-549f801f0816,2023-07-14,0.00461215,0,Hyderabad,nearest_canonical_atm_euclidean,
2363,6e2eb94c-abea-566d-881f-33304c81d95b,2023-01-06,0.0046083406,0,Hyderabad,nearest_canonical_atm_euclidean,
2364,5737401f-13a5-5335-9e4c-336a9e870086,2023-02-17,0.0046009384,0,Kolkata,nearest_canonical_atm_euclidean,
2365,7c8a9fea-1f01-5794-b1f8-1f33bc77651b,2023-06-09,0.0045933556,0,New Delhi,nearest_canonical_atm_euclidean,
2366,41adf9c7-e4f5-56f8-a964-fecf7428833b,2023-07-07,0.004591481,0,Jaipur,nearest_canonical_atm_euclidean,
2367,0949a9d8-1c2f-5d53-bc48-6050d92fe35b,2022-12-30,0.00459018,0,Bengaluru,nearest_canonical_atm_euclidean,
2368,fbbc3df5-4722-57b4-9788-6244a82eaa45,2023-02-24,0.0045877337,0,Chennai,nearest_canonical_atm_euclidean,
2369,9d88e52f-9303-5776-9acc-390b8ece126d,2023-01-13,0.0045853783,0,Chennai,nearest_canonical_atm_euclidean,
2370,b73cca25-bce0-5c18-8339-4e08c62ff897,2023-10-27,0.004584665,0,Kolkata,nearest_canonical_atm_euclidean,
2371,9f8333ec-0af9-502c-8e87-21bd0e5ef301,2023-08-11,0.004570937,0,Kolkata,nearest_canonical_atm_euclidean,
2372,a891a4aa-b7cd-521d-928f-f58da9655ef5,2023-07-14,0.004567232,0,Hyderabad,nearest_canonical_atm_euclidean,
2373,5cbba4d0-3c52-5f68-9295-d2058d5ea946,2023-05-26,0.0045669526,0,Mumbai,nearest_canonical_atm_euclidean,
2374,41adf9c7-e4f5-56f8-a964-fecf7428833b,2023-06-16,0.0045611057,0,Jaipur,nearest_canonical_atm_euclidean,
2375,2ec2dfb2-1938-5797-bf2d-736d604948cb,2023-12-01,0.0045586447,0,Mumbai,nearest_canonical_atm_euclidean,
2376,9b0bfc62-59d8-573e-81b2-fee4669a409a,2023-08-04,0.0045468565,0,Hyderabad,nearest_canonical_atm_euclidean,
2377,0e83a772-d0c1-5d38-9f1f-4a51eb7ee575,2023-06-23,0.004543467,0,Kolkata,nearest_canonical_atm_euclidean,
2378,9d88e52f-9303-5776-9acc-390b8ece126d,2023-02-24,0.0045427964,0,Chennai,nearest_canonical_atm_euclidean,
2379,a2bdeeac-87ea-5acb-a121-647dd81616e4,2023-07-21,0.004527748,0,Bengaluru,nearest_canonical_atm_euclidean,
2380,bbdf6837-aab5-5b4e-839e-9ee61eaea352,2023-11-03,0.004526824,0,Mumbai,nearest_canonical_atm_euclidean,
2381,ea588019-c786-57ab-8c8d-be7ada3e3273,2023-06-30,0.004524051,0,Hyderabad,nearest_canonical_atm_euclidean,
2382,0e83a772-d0c1-5d38-9f1f-4a51eb7ee575,2023-08-04,0.004520189,0,Kolkata,nearest_canonical_atm_euclidean,
2383,ae9a45fc-c291-5efa-a2ad-8e3d969953d5,2023-04-28,0.0045180144,0,New Delhi,nearest_canonical_atm_euclidean,
2384,c991fb7a-f5c2-5464-b968-538bf5c140df,2023-01-20,0.0045174053,0,Mumbai,nearest_canonical_atm_euclidean,
2385,81a02119-b06c-5fc0-b634-9f212b95825a,2023-07-28,0.0045129512,0,Hyderabad,nearest_canonical_atm_euclidean,
2386,c991fb7a-f5c2-5464-b968-538bf5c140df,2023-11-17,0.0045042685,0,Mumbai,nearest_canonical_atm_euclidean,
2387,67107270-efc6-529d-8ace-22395900dddc,2023-11-10,0.0045004706,0,Ahmedabad,nearest_canonical_atm_euclidean,
2388,c1ef55eb-7ba3-5dca-9329-fa76b3327004,2023-07-28,0.0044891196,0,Chennai,nearest_canonical_atm_euclidean,
2389,b8864095-68a2-5748-a216-676e811b321c,2023-10-06,0.0044796276,0,Chennai,nearest_canonical_atm_euclidean,
2390,51f7f7da-0718-5063-91b2-d743096e78e1,2023-07-28,0.0044791023,0,Bengaluru,nearest_canonical_atm_euclidean,
2391,38ef268a-dcd0-56f8-8c8f-954520b5c33b,2022-12-30,0.0044736946,0,Ahmedabad,nearest_canonical_atm_euclidean,
2392,642f4235-82f6-5143-8ea5-5048e8f0d80a,2023-04-28,0.004471558,0,Hyderabad,nearest_canonical_atm_euclidean,
2393,5737401f-13a5-5335-9e4c-336a9e870086,2023-04-07,0.0044698482,0,Kolkata,nearest_canonical_atm_euclidean,
2394,65a9af02-f38e-5bc1-a908-6a3a653df0fc,2023-05-12,0.0044698203,0,Ahmedabad,nearest_canonical_atm_euclidean,
2395,2ec2dfb2-1938-5797-bf2d-736d604948cb,2023-03-31,0.004462512,0,Mumbai,nearest_canonical_atm_euclidean,
2396,1d7d8374-7d25-5244-9349-2dba7c91bf60,2023-10-13,0.0044592554,0,Ahmedabad,nearest_canonical_atm_euclidean,
2397,bbdf6837-aab5-5b4e-839e-9ee61eaea352,2023-01-13,0.0044579073,0,Mumbai,nearest_canonical_atm_euclidean,
2398,3b1e5d03-563a-5430-87b7-e281fa8f8af4,2023-06-23,0.004455605,0,Mumbai,nearest_canonical_atm_euclidean,
2399,7c8a9fea-1f01-5794-b1f8-1f33bc77651b,2023-08-11,0.0044435635,0,New Delhi,nearest_canonical_atm_euclidean,
2400,c45eaf1f-d739-587d-8090-276bc5a6a01e,2023-02-03,0.0044426247,0,New Delhi,nearest_canonical_atm_euclidean,
2401,f41c7ddd-7008-5aeb-99eb-f05a1845a016,2023-12-08,0.004434931,0,Bengaluru,nearest_canonical_atm_euclidean,
2402,cf923010-1ea8-516f-8a40-b3db95dce888,2023-04-07,0.004430405,0,Chennai,nearest_canonical_atm_euclidean,
2403,65a9af02-f38e-5bc1-a908-6a3a653df0fc,2023-01-13,0.004429713,0,Ahmedabad,nearest_canonical_atm_euclidean,
2404,9b0bfc62-59d8-573e-81b2-fee4669a409a,2023-09-01,0.0044289688,0,Hyderabad,nearest_canonical_atm_euclidean,
2405,1ceabaf4-936c-5e09-9db4-955f82fbe69e,2023-08-04,0.00442719,0,Bengaluru,nearest_canonical_atm_euclidean,
2406,b8864095-68a2-5748-a216-676e811b321c,2023-02-03,0.0044234716,0,Chennai,nearest_canonical_atm_euclidean,
2407,0949a9d8-1c2f-5d53-bc48-6050d92fe35b,2023-06-30,0.0044219033,0,Bengaluru,nearest_canonical_atm_euclidean,
2408,d05fbe4b-fcba-52a3-9d29-e0fce9ccdbd9,2023-10-06,0.004415797,0,New Delhi,nearest_canonical_atm_euclidean,
2409,b7c4c3b5-15ff-512b-bc9b-d52f3797f893,2023-03-03,0.0044123456,0,Chennai,nearest_canonical_atm_euclidean,
2410,d3483408-08a1-5840-8a4f-e2a5d47c989b,2023-11-10,0.004410949,0,Chennai,nearest_canonical_atm_euclidean,
2411,5cbba4d0-3c52-5f68-9295-d2058d5ea946,2023-07-07,0.004410132,0,Mumbai,nearest_canonical_atm_euclidean,
2412,fceef9b3-9818-5d9c-9786-aa1ba0a869e2,2023-03-10,0.004407468,0,Mumbai,nearest_canonical_atm_euclidean,
2413,f801c521-91da-5b20-88bb-185c236cf141,2023-10-13,0.004405909,0,Jaipur,nearest_canonical_atm_euclidean,
2414,4aabdbdc-9536-5b73-bab4-7cbee9886fed,2023-10-27,0.00439962,0,Hyderabad,nearest_canonical_atm_euclidean,
2415,91abf21e-5b5e-5823-b4f0-c5d40f77d717,2023-03-10,0.0043958784,0,New Delhi,nearest_canonical_atm_euclidean,
2416,67107270-efc6-529d-8ace-22395900dddc,2023-02-10,0.004394721,0,Ahmedabad,nearest_canonical_atm_euclidean,
2417,eade7219-66ba-5894-8964-9eff10228818,2023-05-26,0.0043923073,0,Jaipur,nearest_canonical_atm_euclidean,
2418,7af28f6a-7ed8-5ba7-97f0-f49875cbb077,2023-02-03,0.0043874644,0,Mumbai,nearest_canonical_atm_euclidean,
2419,e2c14eb0-27b2-5683-922f-22f075a86d45,2023-11-03,0.0043859477,0,Kolkata,nearest_canonical_atm_euclidean,
2420,b73cca25-bce0-5c18-8339-4e08c62ff897,2023-07-07,0.004380246,0,Kolkata,nearest_canonical_atm_euclidean,
2421,ae9a45fc-c291-5efa-a2ad-8e3d969953d5,2023-12-08,0.0043782354,1,New Delhi,nearest_canonical_atm_euclidean,
2422,2e751f5b-ebe1-5162-b43d-482303a259e3,2023-06-02,0.0043772836,0,Kolkata,nearest_canonical_atm_euclidean,
2423,23f00f1f-a233-5e89-8069-27d2584ad221,2023-12-01,0.004369365,0,Hyderabad,nearest_canonical_atm_euclidean,
2424,a2bdeeac-87ea-5acb-a121-647dd81616e4,2023-10-13,0.004368444,0,Bengaluru,nearest_canonical_atm_euclidean,
2425,1af29445-7edb-54fb-a987-f6ba18f4dcc3,2023-09-22,0.0043682656,0,Bengaluru,nearest_canonical_atm_euclidean,
2426,f9c8bdaf-f2d5-519b-81d4-759a53bf1015,2023-02-03,0.004366744,0,Chennai,nearest_canonical_atm_euclidean,
2427,f69a2a75-085f-5b60-b0c2-9aebccd78b03,2023-12-01,0.0043615745,0,Hyderabad,nearest_canonical_atm_euclidean,
2428,e3c72b40-457d-5627-b578-4da7a09c1fc1,2023-10-20,0.0043577347,0,New Delhi,nearest_canonical_atm_euclidean,
2429,c1ef55eb-7ba3-5dca-9329-fa76b3327004,2023-11-03,0.0043558856,0,Chennai,nearest_canonical_atm_euclidean,
2430,644ec086-7a2f-56c1-8890-a0cf1371bb8f,2023-10-13,0.0043537957,0,Jaipur,nearest_canonical_atm_euclidean,
2431,aac4fab3-2fa2-532d-b442-87ce705ae9f3,2023-03-10,0.0043490604,0,Bengaluru,nearest_canonical_atm_euclidean,
2432,4407e36e-71bc-5526-9a73-9f76e801cc45,2023-04-21,0.0043470664,0,Kolkata,nearest_canonical_atm_euclidean,
2433,0e83a772-d0c1-5d38-9f1f-4a51eb7ee575,2023-03-24,0.0043305564,0,Kolkata,nearest_canonical_atm_euclidean,
2434,c4d45e66-af66-5d62-9ec1-a719ee0110b8,2023-05-26,0.0043195947,0,Bengaluru,nearest_canonical_atm_euclidean,
2435,38ef268a-dcd0-56f8-8c8f-954520b5c33b,2023-07-28,0.0043188627,0,Ahmedabad,nearest_canonical_atm_euclidean,
2436,1d7d8374-7d25-5244-9349-2dba7c91bf60,2023-09-15,0.0043180017,0,Ahmedabad,nearest_canonical_atm_euclidean,
2437,b7c4c3b5-15ff-512b-bc9b-d52f3797f893,2023-06-02,0.0043135798,0,Chennai,nearest_canonical_atm_euclidean,
2438,3aa4e1f6-58c6-5cbb-a302-28689bbca879,2023-01-06,0.004312187,0,Bengaluru,nearest_canonical_atm_euclidean,
2439,bbdf6837-aab5-5b4e-839e-9ee61eaea352,2023-03-24,0.0043084524,0,Mumbai,nearest_canonical_atm_euclidean,
2440,b8864095-68a2-5748-a216-676e811b321c,2023-11-17,0.0042985715,0,Chennai,nearest_canonical_atm_euclidean,
2441,59fb71b7-27d2-56ae-87ab-548765379b67,2023-09-08,0.0042899167,0,Bengaluru,nearest_canonical_atm_euclidean,
2442,59fb71b7-27d2-56ae-87ab-548765379b67,2023-12-01,0.004288424,0,Bengaluru,nearest_canonical_atm_euclidean,
2443,b2e6f33c-17a1-547b-a103-0541efcaee5d,2023-09-08,0.0042855907,0,Ahmedabad,nearest_canonical_atm_euclidean,
2444,90bcf56f-15e8-5317-aff9-2bb508a1d03a,2023-01-06,0.0042828303,0,Chennai,nearest_canonical_atm_euclidean,
2445,dce0c68a-90eb-5756-908b-549f801f0816,2023-03-03,0.004277248,0,Hyderabad,nearest_canonical_atm_euclidean,
2446,de2d188a-a433-5f4b-869a-2ffe30dfc6ab,2023-09-22,0.0042726463,0,Ahmedabad,nearest_canonical_atm_euclidean,
2447,8df3fb3f-36b9-5e62-b1aa-54e0ed960822,2023-02-03,0.004272184,0,Mumbai,nearest_canonical_atm_euclidean,
2448,051674e2-a8c4-5111-bf54-2c937a9c722a,2023-07-21,0.004265177,0,New Delhi,nearest_canonical_atm_euclidean,
2449,b7c4c3b5-15ff-512b-bc9b-d52f3797f893,2023-05-26,0.0042622117,0,Chennai,nearest_canonical_atm_euclidean,
2450,6ded4d28-8bc2-5507-85db-b9ec23a0756c,2023-01-06,0.004258275,0,Mumbai,nearest_canonical_atm_euclidean,
2451,b41f1475-dca2-5dc1-938e-9543cd4de399,2023-07-28,0.0042558396,0,Ahmedabad,nearest_canonical_atm_euclidean,
2452,9b0bfc62-59d8-573e-81b2-fee4669a409a,2023-04-28,0.0042424514,0,Hyderabad,nearest_canonical_atm_euclidean,
2453,6a5e8429-628a-5a7d-b3da-577e42cb4cd4,2023-09-22,0.0042395876,0,Bengaluru,nearest_canonical_atm_euclidean,
2454,41174545-6f86-5ccc-94c0-7054225d58ad,2022-12-30,0.0042354004,0,Chennai,nearest_canonical_atm_euclidean,
2455,d05fbe4b-fcba-52a3-9d29-e0fce9ccdbd9,2023-06-16,0.0042269467,0,New Delhi,nearest_canonical_atm_euclidean,
2456,b3dc96a5-31cc-51a8-a4bc-4d47da6df377,2023-05-12,0.004219575,0,New Delhi,nearest_canonical_atm_euclidean,
2457,d69d9b0a-1678-5866-b094-3f5f19c0c205,2023-02-10,0.0042121704,0,Ahmedabad,nearest_canonical_atm_euclidean,
2458,3aa4e1f6-58c6-5cbb-a302-28689bbca879,2023-08-11,0.0042070835,0,Bengaluru,nearest_canonical_atm_euclidean,
2459,e3c72b40-457d-5627-b578-4da7a09c1fc1,2023-01-13,0.0042043673,0,New Delhi,nearest_canonical_atm_euclidean,
2460,eade7219-66ba-5894-8964-9eff10228818,2023-07-21,0.0042004883,0,Jaipur,nearest_canonical_atm_euclidean,
2461,c1ef55eb-7ba3-5dca-9329-fa76b3327004,2023-09-22,0.004197208,0,Chennai,nearest_canonical_atm_euclidean,
2462,d5f219b1-03da-5f87-a5da-607ea7af6899,2023-05-26,0.004196531,0,Bengaluru,nearest_canonical_atm_euclidean,
2463,2e751f5b-ebe1-5162-b43d-482303a259e3,2023-09-01,0.004193802,0,Kolkata,nearest_canonical_atm_euclidean,
2464,ba44c170-601e-501e-a74f-77b6e98cae26,2023-07-14,0.0041633686,0,Hyderabad,nearest_canonical_atm_euclidean,
2465,8d9781e0-0f19-5e72-9add-8fe3b028bb83,2023-07-14,0.0041362382,0,Hyderabad,nearest_canonical_atm_euclidean,
2466,14e22c3d-5500-5971-b937-f612a3b05543,2023-04-21,0.0041330885,0,Chennai,nearest_canonical_atm_euclidean,
2467,422e93c8-7fc2-5abd-bd82-7b2eb566f6e6,2023-06-23,0.0041218265,0,Kolkata,nearest_canonical_atm_euclidean,
2468,7af28f6a-7ed8-5ba7-97f0-f49875cbb077,2023-10-27,0.004115892,0,Mumbai,nearest_canonical_atm_euclidean,
2469,7aee3f20-61f3-58df-bbd1-af7d2ad4f502,2023-09-15,0.004115691,0,Mumbai,nearest_canonical_atm_euclidean,
2470,14f26062-7d75-550d-ae7d-50ad61eb0e1b,2023-06-30,0.004113092,0,Jaipur,nearest_canonical_atm_euclidean,
2471,964994af-c467-5422-8727-4914e98a9b1b,2023-08-11,0.0041080015,0,Hyderabad,nearest_canonical_atm_euclidean,
2472,38ef268a-dcd0-56f8-8c8f-954520b5c33b,2023-09-22,0.0041076094,0,Ahmedabad,nearest_canonical_atm_euclidean,
2473,d89b2703-b172-5529-922c-4af9eb48d45f,2023-03-24,0.004106513,0,New Delhi,nearest_canonical_atm_euclidean,
2474,0949a9d8-1c2f-5d53-bc48-6050d92fe35b,2023-09-29,0.004105595,0,Bengaluru,nearest_canonical_atm_euclidean,
2475,9d88e52f-9303-5776-9acc-390b8ece126d,2023-10-20,0.004103893,0,Chennai,nearest_canonical_atm_euclidean,
2476,051674e2-a8c4-5111-bf54-2c937a9c722a,2023-03-10,0.0041013644,0,New Delhi,nearest_canonical_atm_euclidean,
2477,e789fbe5-81bc-554f-9309-2f60d40df893,2023-12-01,0.004101197,0,Kolkata,nearest_canonical_atm_euclidean,
2478,182ddc72-62c6-5f3b-b7ae-935c5b5e605b,2023-10-27,0.004100449,0,Jaipur,nearest_canonical_atm_euclidean,
2479,c1ef55eb-7ba3-5dca-9329-fa76b3327004,2022-12-30,0.0040957043,0,Chennai,nearest_canonical_atm_euclidean,
2480,2ec2dfb2-1938-5797-bf2d-736d604948cb,2023-09-29,0.0040946407,0,Mumbai,nearest_canonical_atm_euclidean,
2481,f9c8bdaf-f2d5-519b-81d4-759a53bf1015,2023-07-07,0.004086507,0,Chennai,nearest_canonical_atm_euclidean,
2482,a2bdeeac-87ea-5acb-a121-647dd81616e4,2023-02-24,0.004085434,0,Bengaluru,nearest_canonical_atm_euclidean,
2483,ba44c170-601e-501e-a74f-77b6e98cae26,2023-11-17,0.0040755766,0,Hyderabad,nearest_canonical_atm_euclidean,
2484,81a02119-b06c-5fc0-b634-9f212b95825a,2023-04-14,0.004055135,0,Hyderabad,nearest_canonical_atm_euclidean,
2485,328c3398-026a-5b82-ad02-8598a7d943ba,2023-06-30,0.0040491773,0,Bengaluru,nearest_canonical_atm_euclidean,
2486,7c8fbbb0-7633-546c-b927-1accdba2044a,2023-05-05,0.0040384303,0,Chennai,nearest_canonical_atm_euclidean,
2487,0949a9d8-1c2f-5d53-bc48-6050d92fe35b,2023-02-24,0.004036553,0,Bengaluru,nearest_canonical_atm_euclidean,
2488,aac4fab3-2fa2-532d-b442-87ce705ae9f3,2023-11-10,0.004033853,0,Bengaluru,nearest_canonical_atm_euclidean,
2489,5cbba4d0-3c52-5f68-9295-d2058d5ea946,2023-06-16,0.0040273694,0,Mumbai,nearest_canonical_atm_euclidean,
2490,41174545-6f86-5ccc-94c0-7054225d58ad,2023-03-10,0.0040256316,0,Chennai,nearest_canonical_atm_euclidean,
2491,90bcf56f-15e8-5317-aff9-2bb508a1d03a,2023-07-28,0.0040256144,0,Chennai,nearest_canonical_atm_euclidean,
2492,cf923010-1ea8-516f-8a40-b3db95dce888,2023-03-24,0.0040251324,0,Chennai,nearest_canonical_atm_euclidean,
2493,f41c7ddd-7008-5aeb-99eb-f05a1845a016,2023-05-19,0.00402329,0,Bengaluru,nearest_canonical_atm_euclidean,
2494,b3dc96a5-31cc-51a8-a4bc-4d47da6df377,2023-10-27,0.0040133987,0,New Delhi,nearest_canonical_atm_euclidean,
2495,b8864095-68a2-5748-a216-676e811b321c,2023-09-22,0.004010367,0,Chennai,nearest_canonical_atm_euclidean,
2496,aac4fab3-2fa2-532d-b442-87ce705ae9f3,2023-08-04,0.004009899,0,Bengaluru,nearest_canonical_atm_euclidean,
2497,c4d45e66-af66-5d62-9ec1-a719ee0110b8,2023-07-21,0.004008433,0,Bengaluru,nearest_canonical_atm_euclidean,
2498,14f26062-7d75-550d-ae7d-50ad61eb0e1b,2023-04-21,0.004002332,0,Jaipur,nearest_canonical_atm_euclidean,
2499,ab7406b4-42c4-5a64-a99f-ed1e9a1912a6,2023-03-17,0.0039944667,0,Kolkata,nearest_canonical_atm_euclidean,
2500,d05fbe4b-fcba-52a3-9d29-e0fce9ccdbd9,2023-04-28,0.003992826,0,New Delhi,nearest_canonical_atm_euclidean,
2501,d69d9b0a-1678-5866-b094-3f5f19c0c205,2023-04-07,0.003985742,0,Ahmedabad,nearest_canonical_atm_euclidean,
2502,0e83a772-d0c1-5d38-9f1f-4a51eb7ee575,2023-12-15,0.0039833086,0,Kolkata,nearest_canonical_atm_euclidean,
2503,b2e6f33c-17a1-547b-a103-0541efcaee5d,2023-01-06,0.0039803036,0,Ahmedabad,nearest_canonical_atm_euclidean,
2504,a2bdeeac-87ea-5acb-a121-647dd81616e4,2023-06-23,0.0039794943,0,Bengaluru,nearest_canonical_atm_euclidean,
2505,c45eaf1f-d739-587d-8090-276bc5a6a01e,2023-07-21,0.003978181,0,New Delhi,nearest_canonical_atm_euclidean,
2506,328c3398-026a-5b82-ad02-8598a7d943ba,2023-09-15,0.003975418,0,Bengaluru,nearest_canonical_atm_euclidean,
2507,644ec086-7a2f-56c1-8890-a0cf1371bb8f,2023-01-13,0.0039703003,0,Jaipur,nearest_canonical_atm_euclidean,
2508,9adf3d58-2b6f-5de3-8510-5cc671d1d2e8,2023-06-23,0.003961734,0,Ahmedabad,nearest_canonical_atm_euclidean,
2509,41174545-6f86-5ccc-94c0-7054225d58ad,2023-12-01,0.003961066,0,Chennai,nearest_canonical_atm_euclidean,
2510,b7c4c3b5-15ff-512b-bc9b-d52f3797f893,2023-12-08,0.003960671,0,Chennai,nearest_canonical_atm_euclidean,
2511,c45eaf1f-d739-587d-8090-276bc5a6a01e,2023-08-18,0.0039554504,0,New Delhi,nearest_canonical_atm_euclidean,
2512,e3c72b40-457d-5627-b578-4da7a09c1fc1,2023-06-09,0.0039504375,0,New Delhi,nearest_canonical_atm_euclidean,
2513,b2e6f33c-17a1-547b-a103-0541efcaee5d,2023-04-21,0.0039489353,0,Ahmedabad,nearest_canonical_atm_euclidean,
2514,cf923010-1ea8-516f-8a40-b3db95dce888,2023-09-15,0.003948461,0,Chennai,nearest_canonical_atm_euclidean,
2515,dce0c68a-90eb-5756-908b-549f801f0816,2023-04-21,0.0039445264,0,Hyderabad,nearest_canonical_atm_euclidean,
2516,afecdedf-a580-5453-aee1-cce5a1fc6571,2023-07-14,0.0039429264,0,Ahmedabad,nearest_canonical_atm_euclidean,
2517,bbdf6837-aab5-5b4e-839e-9ee61eaea352,2023-09-22,0.0039404645,0,Mumbai,nearest_canonical_atm_euclidean,
2518,a9c5b13b-e31b-5d61-b111-d30041fcd1e9,2023-05-05,0.003935138,0,Ahmedabad,nearest_canonical_atm_euclidean,
2519,4407e36e-71bc-5526-9a73-9f76e801cc45,2023-08-11,0.003914234,0,Kolkata,nearest_canonical_atm_euclidean,
2520,3e2afad7-44dc-5833-9826-b036621dee60,2023-12-08,0.0039123218,0,Jaipur,nearest_canonical_atm_euclidean,
2521,9adf3d58-2b6f-5de3-8510-5cc671d1d2e8,2023-03-17,0.0039086905,0,Ahmedabad,nearest_canonical_atm_euclidean,
2522,c4d45e66-af66-5d62-9ec1-a719ee0110b8,2023-04-21,0.0039079925,0,Bengaluru,nearest_canonical_atm_euclidean,
2523,c991fb7a-f5c2-5464-b968-538bf5c140df,2023-01-06,0.00390548,0,Mumbai,nearest_canonical_atm_euclidean,
2524,1af29445-7edb-54fb-a987-f6ba18f4dcc3,2023-03-03,0.0039025762,0,Bengaluru,nearest_canonical_atm_euclidean,
2525,9adf3d58-2b6f-5de3-8510-5cc671d1d2e8,2023-07-28,0.0038968746,0,Ahmedabad,nearest_canonical_atm_euclidean,
2526,422e93c8-7fc2-5abd-bd82-7b2eb566f6e6,2023-02-24,0.0038957584,0,Kolkata,nearest_canonical_atm_euclidean,
2527,94effd11-8fd8-50af-8f4c-b5a629d11375,2023-08-04,0.0038931966,0,Jaipur,nearest_canonical_atm_euclidean,
2528,eade7219-66ba-5894-8964-9eff10228818,2023-12-15,0.0038918972,0,Jaipur,nearest_canonical_atm_euclidean,
2529,0949a9d8-1c2f-5d53-bc48-6050d92fe35b,2023-07-21,0.0038769853,0,Bengaluru,nearest_canonical_atm_euclidean,
2530,9ec9c0ef-9209-5a42-84e8-2013032e9b9e,2023-12-08,0.0038717387,0,Chennai,nearest_canonical_atm_euclidean,
2531,0e83a772-d0c1-5d38-9f1f-4a51eb7ee575,2023-05-12,0.0038713948,0,Kolkata,nearest_canonical_atm_euclidean,
2532,d05fbe4b-fcba-52a3-9d29-e0fce9ccdbd9,2023-11-24,0.003870382,0,New Delhi,nearest_canonical_atm_euclidean,
2533,2e751f5b-ebe1-5162-b43d-482303a259e3,2023-09-08,0.0038687733,0,Kolkata,nearest_canonical_atm_euclidean,
2534,9f8333ec-0af9-502c-8e87-21bd0e5ef301,2023-11-10,0.00386382,0,Kolkata,nearest_canonical_atm_euclidean,
2535,7c1562ed-0c51-50a9-b83b-049fcdfe12b4,2023-06-09,0.0038506233,0,Jaipur,nearest_canonical_atm_euclidean,
2536,b3dc96a5-31cc-51a8-a4bc-4d47da6df377,2023-11-10,0.0038499981,0,New Delhi,nearest_canonical_atm_euclidean,
2537,869d900f-916d-59fb-a1c5-980ea46f3005,2023-01-27,0.0038426516,0,Chennai,nearest_canonical_atm_euclidean,
2538,de2d188a-a433-5f4b-869a-2ffe30dfc6ab,2023-08-18,0.0038419617,0,Ahmedabad,nearest_canonical_atm_euclidean,
2539,863a1f8a-9358-5d83-a37a-ef1b3af72061,2023-04-07,0.0038386858,0,New Delhi,nearest_canonical_atm_euclidean,
2540,f1f8d2d0-6ea3-5875-acce-a83a08547247,2023-09-15,0.0038299174,0,New Delhi,nearest_canonical_atm_euclidean,
2541,d05fbe4b-fcba-52a3-9d29-e0fce9ccdbd9,2023-11-10,0.003818395,0,New Delhi,nearest_canonical_atm_euclidean,
2542,642f4235-82f6-5143-8ea5-5048e8f0d80a,2023-08-11,0.0038141678,0,Hyderabad,nearest_canonical_atm_euclidean,
2543,08c99329-0e59-5327-8796-9fef243ca011,2023-08-18,0.0038138055,0,Bengaluru,nearest_canonical_atm_euclidean,
2544,6e2eb94c-abea-566d-881f-33304c81d95b,2023-07-14,0.0038113606,1,Hyderabad,nearest_canonical_atm_euclidean,
2545,642f4235-82f6-5143-8ea5-5048e8f0d80a,2023-01-06,0.003808881,0,Hyderabad,nearest_canonical_atm_euclidean,
2546,c991fb7a-f5c2-5464-b968-538bf5c140df,2023-09-01,0.0038071882,0,Mumbai,nearest_canonical_atm_euclidean,
2547,23f00f1f-a233-5e89-8069-27d2584ad221,2023-04-07,0.0038061317,0,Hyderabad,nearest_canonical_atm_euclidean,
2548,65a9af02-f38e-5bc1-a908-6a3a653df0fc,2023-09-22,0.0038026657,0,Ahmedabad,nearest_canonical_atm_euclidean,
2549,7af28f6a-7ed8-5ba7-97f0-f49875cbb077,2023-12-15,0.0037994029,0,Mumbai,nearest_canonical_atm_euclidean,
2550,5cbba4d0-3c52-5f68-9295-d2058d5ea946,2023-08-11,0.0037943171,0,Mumbai,nearest_canonical_atm_euclidean,
2551,964994af-c467-5422-8727-4914e98a9b1b,2023-09-08,0.003793841,0,Hyderabad,nearest_canonical_atm_euclidean,
2552,d5f219b1-03da-5f87-a5da-607ea7af6899,2023-02-24,0.0037909118,0,Bengaluru,nearest_canonical_atm_euclidean,
2553,afecdedf-a580-5453-aee1-cce5a1fc6571,2023-09-15,0.0037858945,0,Ahmedabad,nearest_canonical_atm_euclidean,
2554,f3b246fb-34cb-5d78-af2d-6a294c2857ba,2023-12-08,0.0037789964,0,Kolkata,nearest_canonical_atm_euclidean,
2555,6e2eb94c-abea-566d-881f-33304c81d95b,2023-06-30,0.0037730362,0,Hyderabad,nearest_canonical_atm_euclidean,
2556,67107270-efc6-529d-8ace-22395900dddc,2023-02-17,0.0037696823,0,Ahmedabad,nearest_canonical_atm_euclidean,
2557,bbdf6837-aab5-5b4e-839e-9ee61eaea352,2023-10-27,0.003765312,0,Mumbai,nearest_canonical_atm_euclidean,
2558,81a02119-b06c-5fc0-b634-9f212b95825a,2023-03-17,0.0037635649,0,Hyderabad,nearest_canonical_atm_euclidean,
2559,3b1e5d03-563a-5430-87b7-e281fa8f8af4,2023-12-08,0.0037515836,0,Mumbai,nearest_canonical_atm_euclidean,
2560,eade7219-66ba-5894-8964-9eff10228818,2023-06-23,0.0037473515,0,Jaipur,nearest_canonical_atm_euclidean,
2561,1ca42a9a-50ec-5a1d-99e3-81bf7c579716,2023-10-06,0.0037391998,0,New Delhi,nearest_canonical_atm_euclidean,
2562,81697ea2-f5de-540b-a729-ead84b45e611,2023-02-10,0.003736556,0,Mumbai,nearest_canonical_atm_euclidean,
2563,c45eaf1f-d739-587d-8090-276bc5a6a01e,2023-01-20,0.0037343288,0,New Delhi,nearest_canonical_atm_euclidean,
2564,afecdedf-a580-5453-aee1-cce5a1fc6571,2023-01-06,0.0037296717,0,Ahmedabad,nearest_canonical_atm_euclidean,
2565,2ec2dfb2-1938-5797-bf2d-736d604948cb,2023-01-06,0.0037285998,0,Mumbai,nearest_canonical_atm_euclidean,
2566,7142d25c-5954-53f9-ba18-f95055901780,2023-02-10,0.0037282722,0,Bengaluru,nearest_canonical_atm_euclidean,
2567,a5676c6d-3d3e-517c-81a9-86b85c039df1,2023-06-02,0.0037249418,0,Ahmedabad,nearest_canonical_atm_euclidean,
2568,d96fb612-761a-52d1-8bfd-a2368e7f9fd3,2023-05-19,0.003722202,0,Jaipur,nearest_canonical_atm_euclidean,
2569,1ceabaf4-936c-5e09-9db4-955f82fbe69e,2023-07-21,0.0037157938,0,Bengaluru,nearest_canonical_atm_euclidean,
2570,9adf3d58-2b6f-5de3-8510-5cc671d1d2e8,2023-07-21,0.0036965073,0,Ahmedabad,nearest_canonical_atm_euclidean,
2571,37d50aaa-0ca6-52fd-ba0f-a0c734b03d34,2023-11-10,0.0036907855,0,Mumbai,nearest_canonical_atm_euclidean,
2572,38ef268a-dcd0-56f8-8c8f-954520b5c33b,2023-06-23,0.0036898176,0,Ahmedabad,nearest_canonical_atm_euclidean,
2573,65a9af02-f38e-5bc1-a908-6a3a653df0fc,2023-11-03,0.003688007,0,Ahmedabad,nearest_canonical_atm_euclidean,
2574,81697ea2-f5de-540b-a729-ead84b45e611,2023-06-16,0.003687618,0,Mumbai,nearest_canonical_atm_euclidean,
2575,94effd11-8fd8-50af-8f4c-b5a629d11375,2023-04-28,0.0036848462,0,Jaipur,nearest_canonical_atm_euclidean,
2576,fceef9b3-9818-5d9c-9786-aa1ba0a869e2,2023-02-03,0.0036789211,1,Mumbai,nearest_canonical_atm_euclidean,
2577,83a48d15-e769-5c36-ba85-663466038d79,2023-02-17,0.003676877,0,Kolkata,nearest_canonical_atm_euclidean,
2578,14e22c3d-5500-5971-b937-f612a3b05543,2023-11-17,0.0036727113,0,Chennai,nearest_canonical_atm_euclidean,
2579,e3c72b40-457d-5627-b578-4da7a09c1fc1,2023-12-15,0.0036721656,0,New Delhi,nearest_canonical_atm_euclidean,
2580,644ec086-7a2f-56c1-8890-a0cf1371bb8f,2023-02-17,0.0036717607,0,Jaipur,nearest_canonical_atm_euclidean,
2581,7af28f6a-7ed8-5ba7-97f0-f49875cbb077,2023-01-13,0.0036709027,0,Mumbai,nearest_canonical_atm_euclidean,
2582,051674e2-a8c4-5111-bf54-2c937a9c722a,2023-09-08,0.0036695632,0,New Delhi,nearest_canonical_atm_euclidean,
2583,9d88e52f-9303-5776-9acc-390b8ece126d,2023-08-11,0.0036653765,0,Chennai,nearest_canonical_atm_euclidean,
2584,642f4235-82f6-5143-8ea5-5048e8f0d80a,2023-01-27,0.0036634596,0,Hyderabad,nearest_canonical_atm_euclidean,
2585,90bcf56f-15e8-5317-aff9-2bb508a1d03a,2023-11-03,0.003654797,0,Chennai,nearest_canonical_atm_euclidean,
2586,7c8fbbb0-7633-546c-b927-1accdba2044a,2023-10-27,0.0036459262,0,Chennai,nearest_canonical_atm_euclidean,
2587,644ec086-7a2f-56c1-8890-a0cf1371bb8f,2023-04-14,0.0036430764,0,Jaipur,nearest_canonical_atm_euclidean,
2588,aac4fab3-2fa2-532d-b442-87ce705ae9f3,2023-09-08,0.0036403858,0,Bengaluru,nearest_canonical_atm_euclidean,
2589,7bb876b7-d98c-59b9-bfe7-5d6d8706898d,2023-08-11,0.0036368107,0,New Delhi,nearest_canonical_atm_euclidean,
2590,ba44c170-601e-501e-a74f-77b6e98cae26,2023-10-20,0.0036357883,0,Hyderabad,nearest_canonical_atm_euclidean,
2591,0e0b8e6c-f46a-5dce-b705-93abfbcedab7,2023-07-07,0.0036339283,0,New Delhi,nearest_canonical_atm_euclidean,
2592,fceef9b3-9818-5d9c-9786-aa1ba0a869e2,2023-09-01,0.0036232397,0,Mumbai,nearest_canonical_atm_euclidean,
2593,ea588019-c786-57ab-8c8d-be7ada3e3273,2023-03-10,0.0036197742,0,Hyderabad,nearest_canonical_atm_euclidean,
2594,4407e36e-71bc-5526-9a73-9f76e801cc45,2023-12-08,0.0036128603,0,Kolkata,nearest_canonical_atm_euclidean,
2595,47b40f44-e493-5f2d-b12c-8a7eb6ccd6f4,2023-06-30,0.0036123572,0,Jaipur,nearest_canonical_atm_euclidean,
2596,ce707439-e5cd-56de-8ce2-b3a7f8a910c5,2023-05-05,0.0036005464,0,Hyderabad,nearest_canonical_atm_euclidean,
2597,c4d45e66-af66-5d62-9ec1-a719ee0110b8,2023-01-06,0.003597065,0,Bengaluru,nearest_canonical_atm_euclidean,
2598,9ec9c0ef-9209-5a42-84e8-2013032e9b9e,2023-08-04,0.0035904176,0,Chennai,nearest_canonical_atm_euclidean,
2599,ea588019-c786-57ab-8c8d-be7ada3e3273,2023-03-24,0.0035864573,0,Hyderabad,nearest_canonical_atm_euclidean,
2600,f9c8bdaf-f2d5-519b-81d4-759a53bf1015,2023-08-04,0.0035761253,0,Chennai,nearest_canonical_atm_euclidean,
2601,964994af-c467-5422-8727-4914e98a9b1b,2023-06-16,0.0035751127,0,Hyderabad,nearest_canonical_atm_euclidean,
2602,7c1562ed-0c51-50a9-b83b-049fcdfe12b4,2023-09-01,0.0035704887,0,Jaipur,nearest_canonical_atm_euclidean,
2603,f1f8d2d0-6ea3-5875-acce-a83a08547247,2023-11-10,0.0035667329,0,New Delhi,nearest_canonical_atm_euclidean,
2604,c45eaf1f-d739-587d-8090-276bc5a6a01e,2023-04-28,0.0035654523,0,New Delhi,nearest_canonical_atm_euclidean,
2605,7c8a9fea-1f01-5794-b1f8-1f33bc77651b,2023-03-31,0.0035565894,0,New Delhi,nearest_canonical_atm_euclidean,
2606,2e751f5b-ebe1-5162-b43d-482303a259e3,2023-11-24,0.0035534021,0,Kolkata,nearest_canonical_atm_euclidean,
2607,14e22c3d-5500-5971-b937-f612a3b05543,2023-03-31,0.0035515488,0,Chennai,nearest_canonical_atm_euclidean,
2608,aac4fab3-2fa2-532d-b442-87ce705ae9f3,2023-09-01,0.0035485462,0,Bengaluru,nearest_canonical_atm_euclidean,
2609,e59ea14d-6014-54fe-bc4f-daf0d4c133e3,2023-07-07,0.0035416854,0,Ahmedabad,nearest_canonical_atm_euclidean,
2610,051674e2-a8c4-5111-bf54-2c937a9c722a,2023-08-04,0.0035337885,0,New Delhi,nearest_canonical_atm_euclidean,
2611,4e782d22-24b2-5334-ad26-772dec5c36d3,2023-08-04,0.0035332846,0,Jaipur,nearest_canonical_atm_euclidean,
2612,3aa4e1f6-58c6-5cbb-a302-28689bbca879,2023-11-03,0.0035326215,0,Bengaluru,nearest_canonical_atm_euclidean,
2613,6e2eb94c-abea-566d-881f-33304c81d95b,2023-05-05,0.003528272,0,Hyderabad,nearest_canonical_atm_euclidean,
2614,b2e6f33c-17a1-547b-a103-0541efcaee5d,2023-12-15,0.003527593,0,Ahmedabad,nearest_canonical_atm_euclidean,
2615,9f8333ec-0af9-502c-8e87-21bd0e5ef301,2023-02-10,0.0035259523,0,Kolkata,nearest_canonical_atm_euclidean,
2616,7af28f6a-7ed8-5ba7-97f0-f49875cbb077,2023-06-02,0.0035200685,0,Mumbai,nearest_canonical_atm_euclidean,
2617,328c3398-026a-5b82-ad02-8598a7d943ba,2023-03-10,0.0035160582,0,Bengaluru,nearest_canonical_atm_euclidean,
2618,051674e2-a8c4-5111-bf54-2c937a9c722a,2023-11-24,0.0035119625,0,New Delhi,nearest_canonical_atm_euclidean,
2619,c45eaf1f-d739-587d-8090-276bc5a6a01e,2023-10-20,0.0035066996,0,New Delhi,nearest_canonical_atm_euclidean,
2620,14f26062-7d75-550d-ae7d-50ad61eb0e1b,2023-08-11,0.0035045806,0,Jaipur,nearest_canonical_atm_euclidean,
2621,6110b5e8-c838-5a36-af9e-ceec51e0c409,2023-06-02,0.0034991645,0,New Delhi,nearest_canonical_atm_euclidean,
2622,f9c8bdaf-f2d5-519b-81d4-759a53bf1015,2023-11-24,0.0034981787,0,Chennai,nearest_canonical_atm_euclidean,
2623,964994af-c467-5422-8727-4914e98a9b1b,2023-11-24,0.0034962595,0,Hyderabad,nearest_canonical_atm_euclidean,
2624,e59ea14d-6014-54fe-bc4f-daf0d4c133e3,2023-09-15,0.0034922427,0,Ahmedabad,nearest_canonical_atm_euclidean,
2625,fceef9b3-9818-5d9c-9786-aa1ba0a869e2,2023-06-30,0.0034899851,0,Mumbai,nearest_canonical_atm_euclidean,
2626,0e0b8e6c-f46a-5dce-b705-93abfbcedab7,2023-05-26,0.0034840219,0,New Delhi,nearest_canonical_atm_euclidean,
2627,e3c72b40-457d-5627-b578-4da7a09c1fc1,2023-06-02,0.0034784274,0,New Delhi,nearest_canonical_atm_euclidean,
2628,644ec086-7a2f-56c1-8890-a0cf1371bb8f,2023-06-09,0.0034772144,0,Jaipur,nearest_canonical_atm_euclidean,
2629,7c1562ed-0c51-50a9-b83b-049fcdfe12b4,2023-10-13,0.0034765734,0,Jaipur,nearest_canonical_atm_euclidean,
2630,9ec9c0ef-9209-5a42-84e8-2013032e9b9e,2023-06-23,0.0034761007,0,Chennai,nearest_canonical_atm_euclidean,
2631,7aee3f20-61f3-58df-bbd1-af7d2ad4f502,2023-01-06,0.0034697456,0,Mumbai,nearest_canonical_atm_euclidean,
2632,4e782d22-24b2-5334-ad26-772dec5c36d3,2023-10-06,0.0034646052,0,Jaipur,nearest_canonical_atm_euclidean,
2633,90bcf56f-15e8-5317-aff9-2bb508a1d03a,2023-07-07,0.0034639682,0,Chennai,nearest_canonical_atm_euclidean,
2634,5737401f-13a5-5335-9e4c-336a9e870086,2023-07-28,0.003463068,0,Kolkata,nearest_canonical_atm_euclidean,
2635,08c99329-0e59-5327-8796-9fef243ca011,2023-09-22,0.0034591241,0,Bengaluru,nearest_canonical_atm_euclidean,
2636,b7c4c3b5-15ff-512b-bc9b-d52f3797f893,2023-11-10,0.0034497643,0,Chennai,nearest_canonical_atm_euclidean,
2637,c4d45e66-af66-5d62-9ec1-a719ee0110b8,2023-11-10,0.003447534,0,Bengaluru,nearest_canonical_atm_euclidean,
2638,4aabdbdc-9536-5b73-bab4-7cbee9886fed,2023-10-13,0.0034419517,0,Hyderabad,nearest_canonical_atm_euclidean,
2639,de2d188a-a433-5f4b-869a-2ffe30dfc6ab,2023-12-08,0.0034392574,0,Ahmedabad,nearest_canonical_atm_euclidean,
2640,90bcf56f-15e8-5317-aff9-2bb508a1d03a,2023-06-16,0.0034370958,0,Chennai,nearest_canonical_atm_euclidean,
2641,a5676c6d-3d3e-517c-81a9-86b85c039df1,2023-05-19,0.003436188,0,Ahmedabad,nearest_canonical_atm_euclidean,
2642,2e751f5b-ebe1-5162-b43d-482303a259e3,2023-04-28,0.0034315556,0,Kolkata,nearest_canonical_atm_euclidean,
2643,81a02119-b06c-5fc0-b634-9f212b95825a,2023-09-29,0.00343052,0,Hyderabad,nearest_canonical_atm_euclidean,
2644,90bcf56f-15e8-5317-aff9-2bb508a1d03a,2023-08-11,0.003430473,0,Chennai,nearest_canonical_atm_euclidean,
2645,0949a9d8-1c2f-5d53-bc48-6050d92fe35b,2023-04-07,0.0034278051,0,Bengaluru,nearest_canonical_atm_euclidean,
2646,83a48d15-e769-5c36-ba85-663466038d79,2023-09-01,0.0034241385,0,Kolkata,nearest_canonical_atm_euclidean,
2647,07b1cb4d-de17-5ac2-a00b-02cf9e672ff0,2023-04-07,0.0034204568,0,Ahmedabad,nearest_canonical_atm_euclidean,
2648,d05fbe4b-fcba-52a3-9d29-e0fce9ccdbd9,2023-06-30,0.003416454,0,New Delhi,nearest_canonical_atm_euclidean,
2649,e59ea14d-6014-54fe-bc4f-daf0d4c133e3,2023-02-24,0.0034157108,0,Ahmedabad,nearest_canonical_atm_euclidean,
2650,4407e36e-71bc-5526-9a73-9f76e801cc45,2023-08-25,0.0034136758,0,Kolkata,nearest_canonical_atm_euclidean,
2651,1ca42a9a-50ec-5a1d-99e3-81bf7c579716,2023-11-10,0.0034122292,0,New Delhi,nearest_canonical_atm_euclidean,
2652,051674e2-a8c4-5111-bf54-2c937a9c722a,2023-05-12,0.0034018783,0,New Delhi,nearest_canonical_atm_euclidean,
2653,0e83a772-d0c1-5d38-9f1f-4a51eb7ee575,2023-07-14,0.003400052,0,Kolkata,nearest_canonical_atm_euclidean,
2654,eade7219-66ba-5894-8964-9eff10228818,2023-11-17,0.0033943353,0,Jaipur,nearest_canonical_atm_euclidean,
2655,46d959a8-3a7a-51b4-a5d0-e6489f19d5ab,2023-04-14,0.0033937434,0,Ahmedabad,nearest_canonical_atm_euclidean,
2656,f801c521-91da-5b20-88bb-185c236cf141,2023-04-28,0.0033917185,0,Jaipur,nearest_canonical_atm_euclidean,
2657,d05fbe4b-fcba-52a3-9d29-e0fce9ccdbd9,2023-08-04,0.0033840758,0,New Delhi,nearest_canonical_atm_euclidean,
2658,3aa4e1f6-58c6-5cbb-a302-28689bbca879,2023-06-09,0.0033698122,0,Bengaluru,nearest_canonical_atm_euclidean,
2659,b76d9deb-4963-5298-b5ab-e7aa1216e9a4,2023-03-03,0.0033648578,0,Kolkata,nearest_canonical_atm_euclidean,
2660,08c99329-0e59-5327-8796-9fef243ca011,2023-02-17,0.0033637627,0,Bengaluru,nearest_canonical_atm_euclidean,
2661,4407e36e-71bc-5526-9a73-9f76e801cc45,2023-07-14,0.0033620847,0,Kolkata,nearest_canonical_atm_euclidean,
2662,07b1cb4d-de17-5ac2-a00b-02cf9e672ff0,2023-04-21,0.0033613062,0,Ahmedabad,nearest_canonical_atm_euclidean,
2663,bbdf6837-aab5-5b4e-839e-9ee61eaea352,2023-12-15,0.0033562914,0,Mumbai,nearest_canonical_atm_euclidean,
2664,aac4fab3-2fa2-532d-b442-87ce705ae9f3,2023-10-13,0.0033496895,0,Bengaluru,nearest_canonical_atm_euclidean,
2665,81697ea2-f5de-540b-a729-ead84b45e611,2023-02-03,0.0033438506,0,Mumbai,nearest_canonical_atm_euclidean,
2666,7bb876b7-d98c-59b9-bfe7-5d6d8706898d,2023-12-08,0.003342508,0,New Delhi,nearest_canonical_atm_euclidean,
2667,b8864095-68a2-5748-a216-676e811b321c,2023-08-18,0.003338539,0,Chennai,nearest_canonical_atm_euclidean,
2668,4407e36e-71bc-5526-9a73-9f76e801cc45,2023-08-18,0.0033312219,0,Kolkata,nearest_canonical_atm_euclidean,
2669,b73cca25-bce0-5c18-8339-4e08c62ff897,2023-12-15,0.0033311266,0,Kolkata,nearest_canonical_atm_euclidean,
2670,81697ea2-f5de-540b-a729-ead84b45e611,2023-02-17,0.003329623,0,Mumbai,nearest_canonical_atm_euclidean,
2671,4aabdbdc-9536-5b73-bab4-7cbee9886fed,2023-12-08,0.0033199955,0,Hyderabad,nearest_canonical_atm_euclidean,
2672,1ceabaf4-936c-5e09-9db4-955f82fbe69e,2023-09-22,0.003317106,0,Bengaluru,nearest_canonical_atm_euclidean,
2673,7142d25c-5954-53f9-ba18-f95055901780,2023-10-13,0.0033165389,0,Bengaluru,nearest_canonical_atm_euclidean,
2674,a5676c6d-3d3e-517c-81a9-86b85c039df1,2023-06-09,0.0033147754,0,Ahmedabad,nearest_canonical_atm_euclidean,
2675,c4d45e66-af66-5d62-9ec1-a719ee0110b8,2023-10-27,0.0033143153,0,Bengaluru,nearest_canonical_atm_euclidean,
2676,b2e6f33c-17a1-547b-a103-0541efcaee5d,2023-10-27,0.0033142758,0,Ahmedabad,nearest_canonical_atm_euclidean,
2677,bbdf6837-aab5-5b4e-839e-9ee61eaea352,2023-01-06,0.0033130273,0,Mumbai,nearest_canonical_atm_euclidean,
2678,14e22c3d-5500-5971-b937-f612a3b05543,2023-08-04,0.003307871,0,Chennai,nearest_canonical_atm_euclidean,
2679,6110b5e8-c838-5a36-af9e-ceec51e0c409,2023-09-08,0.0033039418,0,New Delhi,nearest_canonical_atm_euclidean,
2680,5737401f-13a5-5335-9e4c-336a9e870086,2023-04-21,0.0033015844,0,Kolkata,nearest_canonical_atm_euclidean,
2681,9b0bfc62-59d8-573e-81b2-fee4669a409a,2023-08-25,0.0032961143,0,Hyderabad,nearest_canonical_atm_euclidean,
2682,7142d25c-5954-53f9-ba18-f95055901780,2023-06-09,0.003296059,0,Bengaluru,nearest_canonical_atm_euclidean,
2683,f69a2a75-085f-5b60-b0c2-9aebccd78b03,2023-12-15,0.0032899743,0,Hyderabad,nearest_canonical_atm_euclidean,
2684,2ec2dfb2-1938-5797-bf2d-736d604948cb,2023-03-03,0.0032881876,0,Mumbai,nearest_canonical_atm_euclidean,
2685,51f7f7da-0718-5063-91b2-d743096e78e1,2023-05-05,0.0032877314,0,Bengaluru,nearest_canonical_atm_euclidean,
2686,a9c5b13b-e31b-5d61-b111-d30041fcd1e9,2023-12-01,0.0032741227,0,Ahmedabad,nearest_canonical_atm_euclidean,
2687,ab7406b4-42c4-5a64-a99f-ed1e9a1912a6,2023-03-10,0.0032724722,0,Kolkata,nearest_canonical_atm_euclidean,
2688,8d9781e0-0f19-5e72-9add-8fe3b028bb83,2023-10-13,0.0032648288,0,Hyderabad,nearest_canonical_atm_euclidean,
2689,65a9af02-f38e-5bc1-a908-6a3a653df0fc,2023-01-27,0.0032592493,0,Ahmedabad,nearest_canonical_atm_euclidean,
2690,8df3fb3f-36b9-5e62-b1aa-54e0ed960822,2023-07-21,0.0032572327,0,Mumbai,nearest_canonical_atm_euclidean,
2691,869d900f-916d-59fb-a1c5-980ea46f3005,2023-05-26,0.0032539016,0,Chennai,nearest_canonical_atm_euclidean,
2692,e3c72b40-457d-5627-b578-4da7a09c1fc1,2023-03-10,0.0032520215,0,New Delhi,nearest_canonical_atm_euclidean,
2693,644ec086-7a2f-56c1-8890-a0cf1371bb8f,2023-09-01,0.0032513214,0,Jaipur,nearest_canonical_atm_euclidean,
2694,d3483408-08a1-5840-8a4f-e2a5d47c989b,2023-12-15,0.0032506182,0,Chennai,nearest_canonical_atm_euclidean,
2695,f1f8d2d0-6ea3-5875-acce-a83a08547247,2023-08-18,0.003249988,0,New Delhi,nearest_canonical_atm_euclidean,
2696,e789fbe5-81bc-554f-9309-2f60d40df893,2023-10-06,0.0032494678,0,Kolkata,nearest_canonical_atm_euclidean,
2697,8d9781e0-0f19-5e72-9add-8fe3b028bb83,2023-08-25,0.003248518,0,Hyderabad,nearest_canonical_atm_euclidean,
2698,8d9781e0-0f19-5e72-9add-8fe3b028bb83,2023-04-21,0.0032455162,0,Hyderabad,nearest_canonical_atm_euclidean,
2699,23f00f1f-a233-5e89-8069-27d2584ad221,2023-01-13,0.0032455006,0,Hyderabad,nearest_canonical_atm_euclidean,
2700,3aa4e1f6-58c6-5cbb-a302-28689bbca879,2023-03-10,0.0032438214,0,Bengaluru,nearest_canonical_atm_euclidean,
2701,b76d9deb-4963-5298-b5ab-e7aa1216e9a4,2023-08-18,0.0032412768,0,Kolkata,nearest_canonical_atm_euclidean,
2702,94effd11-8fd8-50af-8f4c-b5a629d11375,2023-06-30,0.003239761,0,Jaipur,nearest_canonical_atm_euclidean,
2703,a5676c6d-3d3e-517c-81a9-86b85c039df1,2023-10-27,0.00323885,0,Ahmedabad,nearest_canonical_atm_euclidean,
2704,e2c14eb0-27b2-5683-922f-22f075a86d45,2022-12-30,0.0032388174,0,Kolkata,nearest_canonical_atm_euclidean,
2705,23f00f1f-a233-5e89-8069-27d2584ad221,2023-07-28,0.0032347639,0,Hyderabad,nearest_canonical_atm_euclidean,
2706,ae9a45fc-c291-5efa-a2ad-8e3d969953d5,2023-11-10,0.0032332311,0,New Delhi,nearest_canonical_atm_euclidean,
2707,9ec9c0ef-9209-5a42-84e8-2013032e9b9e,2023-11-17,0.0032306232,0,Chennai,nearest_canonical_atm_euclidean,
2708,ae9a45fc-c291-5efa-a2ad-8e3d969953d5,2023-09-15,0.0032278541,0,New Delhi,nearest_canonical_atm_euclidean,
2709,7c8fbbb0-7633-546c-b927-1accdba2044a,2023-06-23,0.0032166159,0,Chennai,nearest_canonical_atm_euclidean,
2710,de2d188a-a433-5f4b-869a-2ffe30dfc6ab,2023-10-06,0.0032039464,0,Ahmedabad,nearest_canonical_atm_euclidean,
2711,7c1562ed-0c51-50a9-b83b-049fcdfe12b4,2023-11-10,0.003200487,0,Jaipur,nearest_canonical_atm_euclidean,
2712,f1f8d2d0-6ea3-5875-acce-a83a08547247,2023-02-03,0.0031999438,0,New Delhi,nearest_canonical_atm_euclidean,
2713,4cc4f0b0-6522-5752-8674-65bde1e7ee07,2023-09-08,0.0031997464,0,Hyderabad,nearest_canonical_atm_euclidean,
2714,c4d45e66-af66-5d62-9ec1-a719ee0110b8,2023-01-13,0.0031993643,0,Bengaluru,nearest_canonical_atm_euclidean,
2715,9f8333ec-0af9-502c-8e87-21bd0e5ef301,2023-07-21,0.0031907337,0,Kolkata,nearest_canonical_atm_euclidean,
2716,07b1cb4d-de17-5ac2-a00b-02cf9e672ff0,2023-03-17,0.0031868005,0,Ahmedabad,nearest_canonical_atm_euclidean,
2717,1b131b05-4df1-5564-b4fd-6cb5e09cfdd5,2023-09-29,0.003184363,0,Kolkata,nearest_canonical_atm_euclidean,
2718,9adf3d58-2b6f-5de3-8510-5cc671d1d2e8,2023-06-30,0.003180025,0,Ahmedabad,nearest_canonical_atm_euclidean,
2719,2e751f5b-ebe1-5162-b43d-482303a259e3,2023-04-21,0.0031773776,0,Kolkata,nearest_canonical_atm_euclidean,
2720,47b40f44-e493-5f2d-b12c-8a7eb6ccd6f4,2023-03-31,0.0031750374,0,Jaipur,nearest_canonical_atm_euclidean,
2721,9d88e52f-9303-5776-9acc-390b8ece126d,2023-11-17,0.0031674346,0,Chennai,nearest_canonical_atm_euclidean,
2722,c45eaf1f-d739-587d-8090-276bc5a6a01e,2023-11-17,0.0031653077,0,New Delhi,nearest_canonical_atm_euclidean,
2723,4e782d22-24b2-5334-ad26-772dec5c36d3,2023-09-29,0.003164685,0,Jaipur,nearest_canonical_atm_euclidean,
2724,dce0c68a-90eb-5756-908b-549f801f0816,2023-07-07,0.0031607584,0,Hyderabad,nearest_canonical_atm_euclidean,
2725,6a5e8429-628a-5a7d-b3da-577e42cb4cd4,2023-02-24,0.0031601666,0,Bengaluru,nearest_canonical_atm_euclidean,
2726,fbbc3df5-4722-57b4-9788-6244a82eaa45,2023-05-05,0.0031550394,0,Chennai,nearest_canonical_atm_euclidean,
2727,d05fbe4b-fcba-52a3-9d29-e0fce9ccdbd9,2023-11-03,0.0031528582,0,New Delhi,nearest_canonical_atm_euclidean,
2728,7af28f6a-7ed8-5ba7-97f0-f49875cbb077,2023-03-17,0.0031491627,0,Mumbai,nearest_canonical_atm_euclidean,
2729,59fb71b7-27d2-56ae-87ab-548765379b67,2023-05-19,0.0031458281,0,Bengaluru,nearest_canonical_atm_euclidean,
2730,08c99329-0e59-5327-8796-9fef243ca011,2023-08-25,0.0031446412,0,Bengaluru,nearest_canonical_atm_euclidean,
2731,c4d45e66-af66-5d62-9ec1-a719ee0110b8,2023-06-09,0.003140951,0,Bengaluru,nearest_canonical_atm_euclidean,
2732,e59ea14d-6014-54fe-bc4f-daf0d4c133e3,2023-08-11,0.0031388437,0,Ahmedabad,nearest_canonical_atm_euclidean,
2733,59fb71b7-27d2-56ae-87ab-548765379b67,2023-07-28,0.003137847,0,Bengaluru,nearest_canonical_atm_euclidean,
2734,e789fbe5-81bc-554f-9309-2f60d40df893,2023-08-11,0.0031355217,0,Kolkata,nearest_canonical_atm_euclidean,
2735,eade7219-66ba-5894-8964-9eff10228818,2023-04-28,0.003130019,0,Jaipur,nearest_canonical_atm_euclidean,
2736,afecdedf-a580-5453-aee1-cce5a1fc6571,2023-11-03,0.0031269868,0,Ahmedabad,nearest_canonical_atm_euclidean,
2737,5773a83b-9871-5a2d-b54c-7edfa60ab72d,2023-06-23,0.0031266478,0,Jaipur,nearest_canonical_atm_euclidean,
2738,f801c521-91da-5b20-88bb-185c236cf141,2023-02-03,0.003125676,0,Jaipur,nearest_canonical_atm_euclidean,
2739,9d88e52f-9303-5776-9acc-390b8ece126d,2023-12-08,0.0031216922,0,Chennai,nearest_canonical_atm_euclidean,
2740,81697ea2-f5de-540b-a729-ead84b45e611,2023-07-14,0.0031212277,0,Mumbai,nearest_canonical_atm_euclidean,
2741,9b0bfc62-59d8-573e-81b2-fee4669a409a,2023-06-09,0.0031132472,0,Hyderabad,nearest_canonical_atm_euclidean,
2742,6a5e8429-628a-5a7d-b3da-577e42cb4cd4,2023-04-21,0.003107708,0,Bengaluru,nearest_canonical_atm_euclidean,
2743,644ec086-7a2f-56c1-8890-a0cf1371bb8f,2023-06-30,0.0031071971,0,Jaipur,nearest_canonical_atm_euclidean,
2744,b8864095-68a2-5748-a216-676e811b321c,2023-06-16,0.0031067405,0,Chennai,nearest_canonical_atm_euclidean,
2745,ea588019-c786-57ab-8c8d-be7ada3e3273,2023-09-08,0.0031026984,0,Hyderabad,nearest_canonical_atm_euclidean,
2746,81a02119-b06c-5fc0-b634-9f212b95825a,2023-04-21,0.0030951886,0,Hyderabad,nearest_canonical_atm_euclidean,
2747,869d900f-916d-59fb-a1c5-980ea46f3005,2023-02-10,0.0030942764,0,Chennai,nearest_canonical_atm_euclidean,
2748,0e0b8e6c-f46a-5dce-b705-93abfbcedab7,2023-11-10,0.0030911611,0,New Delhi,nearest_canonical_atm_euclidean,
2749,6ded4d28-8bc2-5507-85db-b9ec23a0756c,2023-01-27,0.003074266,0,Mumbai,nearest_canonical_atm_euclidean,
2750,7af28f6a-7ed8-5ba7-97f0-f49875cbb077,2023-09-08,0.003071955,0,Mumbai,nearest_canonical_atm_euclidean,
2751,41adf9c7-e4f5-56f8-a964-fecf7428833b,2023-08-04,0.003069891,0,Jaipur,nearest_canonical_atm_euclidean,
2752,5737401f-13a5-5335-9e4c-336a9e870086,2023-01-27,0.003066535,0,Kolkata,nearest_canonical_atm_euclidean,
2753,c991fb7a-f5c2-5464-b968-538bf5c140df,2023-04-14,0.0030571294,0,Mumbai,nearest_canonical_atm_euclidean,
2754,b2e6f33c-17a1-547b-a103-0541efcaee5d,2023-11-24,0.0030552333,0,Ahmedabad,nearest_canonical_atm_euclidean,
2755,f9c8bdaf-f2d5-519b-81d4-759a53bf1015,2023-02-17,0.0030539886,0,Chennai,nearest_canonical_atm_euclidean,
2756,bbdf6837-aab5-5b4e-839e-9ee61eaea352,2023-12-08,0.003052778,0,Mumbai,nearest_canonical_atm_euclidean,
2757,4cc4f0b0-6522-5752-8674-65bde1e7ee07,2023-05-05,0.0030523837,0,Hyderabad,nearest_canonical_atm_euclidean,
2758,91abf21e-5b5e-5823-b4f0-c5d40f77d717,2023-04-21,0.0030507152,0,New Delhi,nearest_canonical_atm_euclidean,
2759,14e22c3d-5500-5971-b937-f612a3b05543,2023-01-20,0.0030472614,0,Chennai,nearest_canonical_atm_euclidean,
2760,07b1cb4d-de17-5ac2-a00b-02cf9e672ff0,2023-07-28,0.0030383477,0,Ahmedabad,nearest_canonical_atm_euclidean,
2761,d89b2703-b172-5529-922c-4af9eb48d45f,2023-05-12,0.0030296477,0,New Delhi,nearest_canonical_atm_euclidean,
2762,0e0b8e6c-f46a-5dce-b705-93abfbcedab7,2023-06-09,0.003025074,0,New Delhi,nearest_canonical_atm_euclidean,
2763,7c8fbbb0-7633-546c-b927-1accdba2044a,2023-06-09,0.0030229723,0,Chennai,nearest_canonical_atm_euclidean,
2764,9ec9c0ef-9209-5a42-84e8-2013032e9b9e,2023-03-10,0.0030118648,0,Chennai,nearest_canonical_atm_euclidean,
2765,14e22c3d-5500-5971-b937-f612a3b05543,2023-10-20,0.0030089084,0,Chennai,nearest_canonical_atm_euclidean,
2766,4aabdbdc-9536-5b73-bab4-7cbee9886fed,2023-09-01,0.0030051214,0,Hyderabad,nearest_canonical_atm_euclidean,
2767,0e83a772-d0c1-5d38-9f1f-4a51eb7ee575,2023-02-17,0.0030008843,0,Kolkata,nearest_canonical_atm_euclidean,
2768,1b131b05-4df1-5564-b4fd-6cb5e09cfdd5,2023-02-03,0.0029948172,0,Kolkata,nearest_canonical_atm_euclidean,
2769,3aa4e1f6-58c6-5cbb-a302-28689bbca879,2023-04-21,0.002993556,0,Bengaluru,nearest_canonical_atm_euclidean,
2770,0e0b8e6c-f46a-5dce-b705-93abfbcedab7,2023-10-27,0.0029928517,0,New Delhi,nearest_canonical_atm_euclidean,
2771,23f00f1f-a233-5e89-8069-27d2584ad221,2023-05-19,0.0029863296,0,Hyderabad,nearest_canonical_atm_euclidean,
2772,59fb71b7-27d2-56ae-87ab-548765379b67,2023-08-18,0.0029820348,0,Bengaluru,nearest_canonical_atm_euclidean,
2773,869d900f-916d-59fb-a1c5-980ea46f3005,2023-05-19,0.0029683907,0,Chennai,nearest_canonical_atm_euclidean,
2774,9b0bfc62-59d8-573e-81b2-fee4669a409a,2023-10-27,0.002968377,0,Hyderabad,nearest_canonical_atm_euclidean,
2775,81a02119-b06c-5fc0-b634-9f212b95825a,2023-04-28,0.0029673749,0,Hyderabad,nearest_canonical_atm_euclidean,
2776,34ff42c5-aa0c-58b5-b153-3aa920bff5c7,2023-10-13,0.0029671788,0,Chennai,nearest_canonical_atm_euclidean,
2777,65a9af02-f38e-5bc1-a908-6a3a653df0fc,2023-11-10,0.002966849,0,Ahmedabad,nearest_canonical_atm_euclidean,
2778,fceef9b3-9818-5d9c-9786-aa1ba0a869e2,2023-06-02,0.0029659632,0,Mumbai,nearest_canonical_atm_euclidean,
2779,c4d45e66-af66-5d62-9ec1-a719ee0110b8,2023-08-04,0.002951389,0,Bengaluru,nearest_canonical_atm_euclidean,
2780,2ec2dfb2-1938-5797-bf2d-736d604948cb,2023-07-21,0.0029473884,0,Mumbai,nearest_canonical_atm_euclidean,
2781,051674e2-a8c4-5111-bf54-2c937a9c722a,2023-12-08,0.0029386072,0,New Delhi,nearest_canonical_atm_euclidean,
2782,a2bdeeac-87ea-5acb-a121-647dd81616e4,2023-09-01,0.0029347856,0,Bengaluru,nearest_canonical_atm_euclidean,
2783,b2e6f33c-17a1-547b-a103-0541efcaee5d,2023-05-05,0.0029245436,0,Ahmedabad,nearest_canonical_atm_euclidean,
2784,fbbc3df5-4722-57b4-9788-6244a82eaa45,2023-11-24,0.0029198118,0,Chennai,nearest_canonical_atm_euclidean,
2785,de2d188a-a433-5f4b-869a-2ffe30dfc6ab,2023-07-21,0.0029155712,0,Ahmedabad,nearest_canonical_atm_euclidean,
2786,5773a83b-9871-5a2d-b54c-7edfa60ab72d,2023-12-01,0.002913221,0,Jaipur,nearest_canonical_atm_euclidean,
2787,f801c521-91da-5b20-88bb-185c236cf141,2023-06-30,0.0029111775,0,Jaipur,nearest_canonical_atm_euclidean,
2788,422e93c8-7fc2-5abd-bd82-7b2eb566f6e6,2023-03-17,0.002911032,0,Kolkata,nearest_canonical_atm_euclidean,
2789,9ec9c0ef-9209-5a42-84e8-2013032e9b9e,2023-05-12,0.0029097893,0,Chennai,nearest_canonical_atm_euclidean,
2790,1af29445-7edb-54fb-a987-f6ba18f4dcc3,2023-11-10,0.0029092608,0,Bengaluru,nearest_canonical_atm_euclidean,
2791,9ec9c0ef-9209-5a42-84e8-2013032e9b9e,2023-09-22,0.0029090147,0,Chennai,nearest_canonical_atm_euclidean,
2792,a9c5b13b-e31b-5d61-b111-d30041fcd1e9,2023-09-08,0.0029080398,0,Ahmedabad,nearest_canonical_atm_euclidean,
2793,a891a4aa-b7cd-521d-928f-f58da9655ef5,2023-08-25,0.0029067723,0,Hyderabad,nearest_canonical_atm_euclidean,
2794,7c8fbbb0-7633-546c-b927-1accdba2044a,2023-03-10,0.0029029243,0,Chennai,nearest_canonical_atm_euclidean,
2795,9d88e52f-9303-5776-9acc-390b8ece126d,2023-10-06,0.0029011914,0,Chennai,nearest_canonical_atm_euclidean,
2796,800f26bb-ab13-53a8-8329-4e07a6b7cf1d,2023-06-30,0.0028996926,0,Mumbai,nearest_canonical_atm_euclidean,
2797,bbdf6837-aab5-5b4e-839e-9ee61eaea352,2023-03-03,0.0028988682,0,Mumbai,nearest_canonical_atm_euclidean,
2798,1af29445-7edb-54fb-a987-f6ba18f4dcc3,2023-03-10,0.0028987539,0,Bengaluru,nearest_canonical_atm_euclidean,
2799,bbdf6837-aab5-5b4e-839e-9ee61eaea352,2023-06-16,0.0028934896,0,Mumbai,nearest_canonical_atm_euclidean,
2800,de2d188a-a433-5f4b-869a-2ffe30dfc6ab,2023-11-10,0.0028919713,0,Ahmedabad,nearest_canonical_atm_euclidean,
2801,fbbc3df5-4722-57b4-9788-6244a82eaa45,2023-05-12,0.0028911876,0,Chennai,nearest_canonical_atm_euclidean,
2802,7aee3f20-61f3-58df-bbd1-af7d2ad4f502,2023-11-03,0.0028870662,0,Mumbai,nearest_canonical_atm_euclidean,
2803,38ef268a-dcd0-56f8-8c8f-954520b5c33b,2023-07-14,0.002885727,0,Ahmedabad,nearest_canonical_atm_euclidean,
2804,83a48d15-e769-5c36-ba85-663466038d79,2023-10-13,0.002884229,0,Kolkata,nearest_canonical_atm_euclidean,
2805,46d959a8-3a7a-51b4-a5d0-e6489f19d5ab,2023-06-02,0.002884092,0,Ahmedabad,nearest_canonical_atm_euclidean,
2806,06c1e399-5422-598e-8078-2622bf0dc842,2023-11-17,0.0028826757,0,Jaipur,nearest_canonical_atm_euclidean,
2807,1b131b05-4df1-5564-b4fd-6cb5e09cfdd5,2023-07-28,0.002881245,0,Kolkata,nearest_canonical_atm_euclidean,
2808,38ef268a-dcd0-56f8-8c8f-954520b5c33b,2023-10-27,0.0028791996,0,Ahmedabad,nearest_canonical_atm_euclidean,
2809,422e93c8-7fc2-5abd-bd82-7b2eb566f6e6,2023-07-21,0.0028779197,0,Kolkata,nearest_canonical_atm_euclidean,
2810,422e93c8-7fc2-5abd-bd82-7b2eb566f6e6,2023-07-07,0.0028776692,0,Kolkata,nearest_canonical_atm_euclidean,
2811,14f26062-7d75-550d-ae7d-50ad61eb0e1b,2023-04-14,0.0028753867,0,Jaipur,nearest_canonical_atm_euclidean,
2812,863a1f8a-9358-5d83-a37a-ef1b3af72061,2023-05-26,0.002873834,0,New Delhi,nearest_canonical_atm_euclidean,
2813,d89b2703-b172-5529-922c-4af9eb48d45f,2023-02-24,0.0028720035,0,New Delhi,nearest_canonical_atm_euclidean,
2814,d3483408-08a1-5840-8a4f-e2a5d47c989b,2023-02-24,0.0028668942,0,Chennai,nearest_canonical_atm_euclidean,
2815,9e342a67-6e23-50e0-affc-c624e2da2f70,2023-09-01,0.0028657739,0,Mumbai,nearest_canonical_atm_euclidean,
2816,182ddc72-62c6-5f3b-b7ae-935c5b5e605b,2023-09-29,0.0028626553,0,Jaipur,nearest_canonical_atm_euclidean,
2817,cf923010-1ea8-516f-8a40-b3db95dce888,2023-05-05,0.0028624441,0,Chennai,nearest_canonical_atm_euclidean,
2818,67107270-efc6-529d-8ace-22395900dddc,2023-04-14,0.0028608455,0,Ahmedabad,nearest_canonical_atm_euclidean,
2819,aac4fab3-2fa2-532d-b442-87ce705ae9f3,2023-07-14,0.002858972,0,Bengaluru,nearest_canonical_atm_euclidean,
2820,1ceabaf4-936c-5e09-9db4-955f82fbe69e,2023-07-28,0.0028555614,0,Bengaluru,nearest_canonical_atm_euclidean,
2821,67107270-efc6-529d-8ace-22395900dddc,2023-04-28,0.002852013,0,Ahmedabad,nearest_canonical_atm_euclidean,
2822,f1f8d2d0-6ea3-5875-acce-a83a08547247,2023-01-27,0.0028456077,0,New Delhi,nearest_canonical_atm_euclidean,
2823,b3dc96a5-31cc-51a8-a4bc-4d47da6df377,2023-06-09,0.0028448396,0,New Delhi,nearest_canonical_atm_euclidean,
2824,9b0bfc62-59d8-573e-81b2-fee4669a409a,2023-06-16,0.0028421192,0,Hyderabad,nearest_canonical_atm_euclidean,
2825,c45eaf1f-d739-587d-8090-276bc5a6a01e,2023-08-11,0.0028409357,0,New Delhi,nearest_canonical_atm_euclidean,
2826,90bcf56f-15e8-5317-aff9-2bb508a1d03a,2023-08-18,0.002836526,0,Chennai,nearest_canonical_atm_euclidean,
2827,c45eaf1f-d739-587d-8090-276bc5a6a01e,2023-11-03,0.0028351073,0,New Delhi,nearest_canonical_atm_euclidean,
2828,94effd11-8fd8-50af-8f4c-b5a629d11375,2023-07-07,0.0028338134,0,Jaipur,nearest_canonical_atm_euclidean,
2829,2ec2dfb2-1938-5797-bf2d-736d604948cb,2023-07-14,0.0028331168,0,Mumbai,nearest_canonical_atm_euclidean,
2830,6e2eb94c-abea-566d-881f-33304c81d95b,2023-01-13,0.002830837,0,Hyderabad,nearest_canonical_atm_euclidean,
2831,8d9781e0-0f19-5e72-9add-8fe3b028bb83,2023-04-07,0.0028285217,0,Hyderabad,nearest_canonical_atm_euclidean,
2832,d5f219b1-03da-5f87-a5da-607ea7af6899,2023-10-20,0.002826755,0,Bengaluru,nearest_canonical_atm_euclidean,
2833,ab7406b4-42c4-5a64-a99f-ed1e9a1912a6,2023-02-24,0.0028219915,0,Kolkata,nearest_canonical_atm_euclidean,
2834,f1f8d2d0-6ea3-5875-acce-a83a08547247,2023-03-03,0.002818726,0,New Delhi,nearest_canonical_atm_euclidean,
2835,d05fbe4b-fcba-52a3-9d29-e0fce9ccdbd9,2023-03-24,0.0028173162,0,New Delhi,nearest_canonical_atm_euclidean,
2836,422e93c8-7fc2-5abd-bd82-7b2eb566f6e6,2023-12-01,0.00281375,0,Kolkata,nearest_canonical_atm_euclidean,
2837,1ca42a9a-50ec-5a1d-99e3-81bf7c579716,2023-01-20,0.0028134221,0,New Delhi,nearest_canonical_atm_euclidean,
2838,b41f1475-dca2-5dc1-938e-9543cd4de399,2023-02-03,0.0028131132,0,Ahmedabad,nearest_canonical_atm_euclidean,
2839,c991fb7a-f5c2-5464-b968-538bf5c140df,2023-05-05,0.002808936,0,Mumbai,nearest_canonical_atm_euclidean,
2840,051674e2-a8c4-5111-bf54-2c937a9c722a,2023-01-13,0.0028082498,0,New Delhi,nearest_canonical_atm_euclidean,
2841,6a5e8429-628a-5a7d-b3da-577e42cb4cd4,2023-10-27,0.002804076,0,Bengaluru,nearest_canonical_atm_euclidean,
2842,91abf21e-5b5e-5823-b4f0-c5d40f77d717,2023-09-15,0.0028036947,0,New Delhi,nearest_canonical_atm_euclidean,
2843,e789fbe5-81bc-554f-9309-2f60d40df893,2023-04-14,0.0028029054,0,Kolkata,nearest_canonical_atm_euclidean,
2844,37d50aaa-0ca6-52fd-ba0f-a0c734b03d34,2023-06-16,0.0028027177,0,Mumbai,nearest_canonical_atm_euclidean,
2845,1ceabaf4-936c-5e09-9db4-955f82fbe69e,2023-04-28,0.002799545,0,Bengaluru,nearest_canonical_atm_euclidean,
2846,0e83a772-d0c1-5d38-9f1f-4a51eb7ee575,2023-04-28,0.0027985228,0,Kolkata,nearest_canonical_atm_euclidean,
2847,9b0bfc62-59d8-573e-81b2-fee4669a409a,2023-01-13,0.0027952564,0,Hyderabad,nearest_canonical_atm_euclidean,
2848,051674e2-a8c4-5111-bf54-2c937a9c722a,2023-06-02,0.0027933868,0,New Delhi,nearest_canonical_atm_euclidean,
2849,0e83a772-d0c1-5d38-9f1f-4a51eb7ee575,2023-03-17,0.0027927908,0,Kolkata,nearest_canonical_atm_euclidean,
2850,ce707439-e5cd-56de-8ce2-b3a7f8a910c5,2023-11-24,0.002786748,0,Hyderabad,nearest_canonical_atm_euclidean,
2851,d3483408-08a1-5840-8a4f-e2a5d47c989b,2023-03-24,0.0027810466,0,Chennai,nearest_canonical_atm_euclidean,
2852,23f00f1f-a233-5e89-8069-27d2584ad221,2023-12-08,0.002780617,0,Hyderabad,nearest_canonical_atm_euclidean,
2853,9b0bfc62-59d8-573e-81b2-fee4669a409a,2023-03-03,0.0027715468,0,Hyderabad,nearest_canonical_atm_euclidean,
2854,ae9a45fc-c291-5efa-a2ad-8e3d969953d5,2023-08-25,0.0027707217,0,New Delhi,nearest_canonical_atm_euclidean,
2855,fbbc3df5-4722-57b4-9788-6244a82eaa45,2023-09-01,0.002769668,0,Chennai,nearest_canonical_atm_euclidean,
2856,9adf3d58-2b6f-5de3-8510-5cc671d1d2e8,2023-10-27,0.0027660828,0,Ahmedabad,nearest_canonical_atm_euclidean,
2857,869d900f-916d-59fb-a1c5-980ea46f3005,2023-07-21,0.0027636478,0,Chennai,nearest_canonical_atm_euclidean,
2858,a5676c6d-3d3e-517c-81a9-86b85c039df1,2023-10-06,0.0027589065,0,Ahmedabad,nearest_canonical_atm_euclidean,
2859,81a02119-b06c-5fc0-b634-9f212b95825a,2023-06-16,0.0027588303,0,Hyderabad,nearest_canonical_atm_euclidean,
2860,644ec086-7a2f-56c1-8890-a0cf1371bb8f,2023-05-19,0.0027574939,0,Jaipur,nearest_canonical_atm_euclidean,
2861,1ca42a9a-50ec-5a1d-99e3-81bf7c579716,2023-08-25,0.0027574426,0,New Delhi,nearest_canonical_atm_euclidean,
2862,a2bdeeac-87ea-5acb-a121-647dd81616e4,2023-06-16,0.00275275,0,Bengaluru,nearest_canonical_atm_euclidean,
2863,b3dc96a5-31cc-51a8-a4bc-4d47da6df377,2023-04-14,0.0027423745,0,New Delhi,nearest_canonical_atm_euclidean,
2864,34ff42c5-aa0c-58b5-b153-3aa920bff5c7,2023-05-12,0.0027368977,0,Chennai,nearest_canonical_atm_euclidean,
2865,f1f8d2d0-6ea3-5875-acce-a83a08547247,2023-09-08,0.0027289311,0,New Delhi,nearest_canonical_atm_euclidean,
2866,5737401f-13a5-5335-9e4c-336a9e870086,2023-05-19,0.0027276261,0,Kolkata,nearest_canonical_atm_euclidean,
2867,6ded4d28-8bc2-5507-85db-b9ec23a0756c,2023-09-22,0.002721697,0,Mumbai,nearest_canonical_atm_euclidean,
2868,d96fb612-761a-52d1-8bfd-a2368e7f9fd3,2023-07-07,0.0027183844,0,Jaipur,nearest_canonical_atm_euclidean,
2869,c1ef55eb-7ba3-5dca-9329-fa76b3327004,2023-10-27,0.0027183068,0,Chennai,nearest_canonical_atm_euclidean,
2870,ba44c170-601e-501e-a74f-77b6e98cae26,2023-01-13,0.002716291,0,Hyderabad,nearest_canonical_atm_euclidean,
2871,642f4235-82f6-5143-8ea5-5048e8f0d80a,2023-07-07,0.0027145424,0,Hyderabad,nearest_canonical_atm_euclidean,
2872,41adf9c7-e4f5-56f8-a964-fecf7428833b,2023-09-22,0.0027104702,0,Jaipur,nearest_canonical_atm_euclidean,
2873,5737401f-13a5-5335-9e4c-336a9e870086,2023-03-03,0.0027073117,0,Kolkata,nearest_canonical_atm_euclidean,
2874,b2e6f33c-17a1-547b-a103-0541efcaee5d,2023-01-20,0.002706403,0,Ahmedabad,nearest_canonical_atm_euclidean,
2875,59fb71b7-27d2-56ae-87ab-548765379b67,2023-06-09,0.002706153,0,Bengaluru,nearest_canonical_atm_euclidean,
2876,14e22c3d-5500-5971-b937-f612a3b05543,2023-04-28,0.0027049233,0,Chennai,nearest_canonical_atm_euclidean,
2877,14e22c3d-5500-5971-b937-f612a3b05543,2023-07-21,0.0027043584,1,Chennai,nearest_canonical_atm_euclidean,
2878,7c8a9fea-1f01-5794-b1f8-1f33bc77651b,2023-08-04,0.0027040306,0,New Delhi,nearest_canonical_atm_euclidean,
2879,1ca42a9a-50ec-5a1d-99e3-81bf7c579716,2023-10-20,0.0027037915,0,New Delhi,nearest_canonical_atm_euclidean,
2880,9d88e52f-9303-5776-9acc-390b8ece126d,2023-05-19,0.002696293,0,Chennai,nearest_canonical_atm_euclidean,
2881,38ef268a-dcd0-56f8-8c8f-954520b5c33b,2023-05-19,0.0026957248,0,Ahmedabad,nearest_canonical_atm_euclidean,
2882,ab7406b4-42c4-5a64-a99f-ed1e9a1912a6,2023-07-21,0.002684433,0,Kolkata,nearest_canonical_atm_euclidean,
2883,b76d9deb-4963-5298-b5ab-e7aa1216e9a4,2023-06-23,0.0026836658,0,Kolkata,nearest_canonical_atm_euclidean,
2884,5737401f-13a5-5335-9e4c-336a9e870086,2023-09-01,0.0026802374,0,Kolkata,nearest_canonical_atm_euclidean,
2885,2e751f5b-ebe1-5162-b43d-482303a259e3,2023-11-17,0.0026762865,0,Kolkata,nearest_canonical_atm_euclidean,
2886,34ff42c5-aa0c-58b5-b153-3aa920bff5c7,2023-09-01,0.0026756385,0,Chennai,nearest_canonical_atm_euclidean,
2887,9adf3d58-2b6f-5de3-8510-5cc671d1d2e8,2023-10-20,0.0026675113,0,Ahmedabad,nearest_canonical_atm_euclidean,
2888,d69d9b0a-1678-5866-b094-3f5f19c0c205,2023-06-23,0.0026659323,0,Ahmedabad,nearest_canonical_atm_euclidean,
2889,08c99329-0e59-5327-8796-9fef243ca011,2023-07-07,0.0026644391,0,Bengaluru,nearest_canonical_atm_euclidean,
2890,3b1e5d03-563a-5430-87b7-e281fa8f8af4,2023-09-29,0.0026641707,0,Mumbai,nearest_canonical_atm_euclidean,
2891,ab7406b4-42c4-5a64-a99f-ed1e9a1912a6,2023-05-26,0.0026605874,0,Kolkata,nearest_canonical_atm_euclidean,
2892,a5676c6d-3d3e-517c-81a9-86b85c039df1,2023-01-20,0.0026591227,0,Ahmedabad,nearest_canonical_atm_euclidean,
2893,3e2afad7-44dc-5833-9826-b036621dee60,2023-11-24,0.0026558733,0,Jaipur,nearest_canonical_atm_euclidean,
2894,1af29445-7edb-54fb-a987-f6ba18f4dcc3,2023-03-17,0.002655127,0,Bengaluru,nearest_canonical_atm_euclidean,
2895,4407e36e-71bc-5526-9a73-9f76e801cc45,2023-11-17,0.0026521853,0,Kolkata,nearest_canonical_atm_euclidean,
2896,b8864095-68a2-5748-a216-676e811b321c,2023-05-12,0.002650581,0,Chennai,nearest_canonical_atm_euclidean,
2897,5cbba4d0-3c52-5f68-9295-d2058d5ea946,2023-03-31,0.0026452872,0,Mumbai,nearest_canonical_atm_euclidean,
2898,f1f8d2d0-6ea3-5875-acce-a83a08547247,2023-05-19,0.002642624,0,New Delhi,nearest_canonical_atm_euclidean,
2899,5cbba4d0-3c52-5f68-9295-d2058d5ea946,2023-04-07,0.0026402648,0,Mumbai,nearest_canonical_atm_euclidean,
2900,869d900f-916d-59fb-a1c5-980ea46f3005,2023-03-31,0.0026380734,0,Chennai,nearest_canonical_atm_euclidean,
2901,ae9a45fc-c291-5efa-a2ad-8e3d969953d5,2023-07-21,0.0026370764,0,New Delhi,nearest_canonical_atm_euclidean,
2902,1af29445-7edb-54fb-a987-f6ba18f4dcc3,2023-08-04,0.0026360205,0,Bengaluru,nearest_canonical_atm_euclidean,
2903,0949a9d8-1c2f-5d53-bc48-6050d92fe35b,2023-01-20,0.0026334994,0,Bengaluru,nearest_canonical_atm_euclidean,
2904,4407e36e-71bc-5526-9a73-9f76e801cc45,2023-09-01,0.0026306303,0,Kolkata,nearest_canonical_atm_euclidean,
2905,642f4235-82f6-5143-8ea5-5048e8f0d80a,2023-08-04,0.0026297672,0,Hyderabad,nearest_canonical_atm_euclidean,
2906,328c3398-026a-5b82-ad02-8598a7d943ba,2023-08-18,0.0026294822,0,Bengaluru,nearest_canonical_atm_euclidean,
2907,aac4fab3-2fa2-532d-b442-87ce705ae9f3,2023-03-24,0.002629191,0,Bengaluru,nearest_canonical_atm_euclidean,
2908,46d959a8-3a7a-51b4-a5d0-e6489f19d5ab,2023-05-19,0.0026287094,0,Ahmedabad,nearest_canonical_atm_euclidean,
2909,de2d188a-a433-5f4b-869a-2ffe30dfc6ab,2023-03-10,0.0026248954,0,Ahmedabad,nearest_canonical_atm_euclidean,
2910,0e83a772-d0c1-5d38-9f1f-4a51eb7ee575,2023-06-09,0.0026235436,0,Kolkata,nearest_canonical_atm_euclidean,
2911,91abf21e-5b5e-5823-b4f0-c5d40f77d717,2023-12-08,0.0026190395,0,New Delhi,nearest_canonical_atm_euclidean,
2912,94effd11-8fd8-50af-8f4c-b5a629d11375,2023-01-27,0.0026155156,0,Jaipur,nearest_canonical_atm_euclidean,
2913,e2c14eb0-27b2-5683-922f-22f075a86d45,2023-01-27,0.002612972,0,Kolkata,nearest_canonical_atm_euclidean,
2914,0e83a772-d0c1-5d38-9f1f-4a51eb7ee575,2023-03-10,0.0026079835,0,Kolkata,nearest_canonical_atm_euclidean,
2915,b3dc96a5-31cc-51a8-a4bc-4d47da6df377,2023-03-24,0.0026078841,0,New Delhi,nearest_canonical_atm_euclidean,
2916,d3483408-08a1-5840-8a4f-e2a5d47c989b,2023-02-10,0.0026035432,0,Chennai,nearest_canonical_atm_euclidean,
2917,ba44c170-601e-501e-a74f-77b6e98cae26,2023-02-03,0.0026018978,0,Hyderabad,nearest_canonical_atm_euclidean,
2918,4407e36e-71bc-5526-9a73-9f76e801cc45,2023-12-15,0.0025923525,0,Kolkata,nearest_canonical_atm_euclidean,
2919,46d959a8-3a7a-51b4-a5d0-e6489f19d5ab,2023-09-01,0.0025914465,0,Ahmedabad,nearest_canonical_atm_euclidean,
2920,1b131b05-4df1-5564-b4fd-6cb5e09cfdd5,2023-02-10,0.0025878462,0,Kolkata,nearest_canonical_atm_euclidean,
2921,0949a9d8-1c2f-5d53-bc48-6050d92fe35b,2023-06-02,0.0025872444,0,Bengaluru,nearest_canonical_atm_euclidean,
2922,9b0bfc62-59d8-573e-81b2-fee4669a409a,2023-08-18,0.0025870993,0,Hyderabad,nearest_canonical_atm_euclidean,
2923,14e22c3d-5500-5971-b937-f612a3b05543,2023-01-06,0.0025855151,0,Chennai,nearest_canonical_atm_euclidean,
2924,65a9af02-f38e-5bc1-a908-6a3a653df0fc,2023-09-29,0.0025814837,0,Ahmedabad,nearest_canonical_atm_euclidean,
2925,c45eaf1f-d739-587d-8090-276bc5a6a01e,2023-05-19,0.0025804793,0,New Delhi,nearest_canonical_atm_euclidean,
2926,1ceabaf4-936c-5e09-9db4-955f82fbe69e,2023-05-19,0.0025777353,0,Bengaluru,nearest_canonical_atm_euclidean,
2927,b41f1475-dca2-5dc1-938e-9543cd4de399,2023-03-31,0.0025754783,0,Ahmedabad,nearest_canonical_atm_euclidean,
2928,3aa4e1f6-58c6-5cbb-a302-28689bbca879,2023-03-17,0.0025737723,0,Bengaluru,nearest_canonical_atm_euclidean,
2929,37d50aaa-0ca6-52fd-ba0f-a0c734b03d34,2023-07-07,0.0025729206,0,Mumbai,nearest_canonical_atm_euclidean,
2930,0e83a772-d0c1-5d38-9f1f-4a51eb7ee575,2023-08-18,0.0025717497,0,Kolkata,nearest_canonical_atm_euclidean,
2931,1d7d8374-7d25-5244-9349-2dba7c91bf60,2023-02-03,0.0025709427,0,Ahmedabad,nearest_canonical_atm_euclidean,
2932,b76d9deb-4963-5298-b5ab-e7aa1216e9a4,2023-08-25,0.0025683003,0,Kolkata,nearest_canonical_atm_euclidean,
2933,07b1cb4d-de17-5ac2-a00b-02cf9e672ff0,2023-11-03,0.0025654582,0,Ahmedabad,nearest_canonical_atm_euclidean,
2934,59fb71b7-27d2-56ae-87ab-548765379b67,2022-12-30,0.002564232,0,Bengaluru,nearest_canonical_atm_euclidean,
2935,47b40f44-e493-5f2d-b12c-8a7eb6ccd6f4,2023-05-05,0.002562774,0,Jaipur,nearest_canonical_atm_euclidean,
2936,d3483408-08a1-5840-8a4f-e2a5d47c989b,2023-07-07,0.0025626032,0,Chennai,nearest_canonical_atm_euclidean,
2937,9adf3d58-2b6f-5de3-8510-5cc671d1d2e8,2023-02-03,0.002560649,0,Ahmedabad,nearest_canonical_atm_euclidean,
2938,9b0bfc62-59d8-573e-81b2-fee4669a409a,2023-11-10,0.0025554455,0,Hyderabad,nearest_canonical_atm_euclidean,
2939,8d9781e0-0f19-5e72-9add-8fe3b028bb83,2023-08-18,0.0025538076,0,Hyderabad,nearest_canonical_atm_euclidean,
2940,7c8a9fea-1f01-5794-b1f8-1f33bc77651b,2023-11-10,0.0025509368,0,New Delhi,nearest_canonical_atm_euclidean,
2941,0e0b8e6c-f46a-5dce-b705-93abfbcedab7,2023-09-08,0.0025432317,0,New Delhi,nearest_canonical_atm_euclidean,
2942,c991fb7a-f5c2-5464-b968-538bf5c140df,2023-06-23,0.0025371632,0,Mumbai,nearest_canonical_atm_euclidean,
2943,94effd11-8fd8-50af-8f4c-b5a629d11375,2023-06-23,0.0025328973,0,Jaipur,nearest_canonical_atm_euclidean,
2944,a5676c6d-3d3e-517c-81a9-86b85c039df1,2023-07-07,0.002532424,0,Ahmedabad,nearest_canonical_atm_euclidean,
2945,328c3398-026a-5b82-ad02-8598a7d943ba,2022-12-30,0.0025309992,0,Bengaluru,nearest_canonical_atm_euclidean,
2946,b73cca25-bce0-5c18-8339-4e08c62ff897,2023-02-24,0.0025304216,0,Kolkata,nearest_canonical_atm_euclidean,
2947,c45eaf1f-d739-587d-8090-276bc5a6a01e,2023-11-10,0.0025301196,0,New Delhi,nearest_canonical_atm_euclidean,
2948,422e93c8-7fc2-5abd-bd82-7b2eb566f6e6,2023-09-29,0.002528623,0,Kolkata,nearest_canonical_atm_euclidean,
2949,51f7f7da-0718-5063-91b2-d743096e78e1,2023-05-12,0.0025259228,0,Bengaluru,nearest_canonical_atm_euclidean,
2950,9d88e52f-9303-5776-9acc-390b8ece126d,2023-02-10,0.0025257969,0,Chennai,nearest_canonical_atm_euclidean,
2951,9b0bfc62-59d8-573e-81b2-fee4669a409a,2023-10-06,0.0025097558,0,Hyderabad,nearest_canonical_atm_euclidean,
2952,869d900f-916d-59fb-a1c5-980ea46f3005,2023-07-14,0.0025088643,0,Chennai,nearest_canonical_atm_euclidean,
2953,0e83a772-d0c1-5d38-9f1f-4a51eb7ee575,2023-05-05,0.0025084694,0,Kolkata,nearest_canonical_atm_euclidean,
2954,1b131b05-4df1-5564-b4fd-6cb5e09cfdd5,2023-09-22,0.0025070475,0,Kolkata,nearest_canonical_atm_euclidean,
2955,65a9af02-f38e-5bc1-a908-6a3a653df0fc,2023-04-21,0.002506895,0,Ahmedabad,nearest_canonical_atm_euclidean,
2956,d69d9b0a-1678-5866-b094-3f5f19c0c205,2023-09-01,0.0025068603,0,Ahmedabad,nearest_canonical_atm_euclidean,
2957,3b1e5d03-563a-5430-87b7-e281fa8f8af4,2023-08-04,0.0025040873,0,Mumbai,nearest_canonical_atm_euclidean,
2958,46d959a8-3a7a-51b4-a5d0-e6489f19d5ab,2023-09-08,0.0025025238,0,Ahmedabad,nearest_canonical_atm_euclidean,
2959,d3483408-08a1-5840-8a4f-e2a5d47c989b,2023-05-05,0.0024976495,0,Chennai,nearest_canonical_atm_euclidean,
2960,81a02119-b06c-5fc0-b634-9f212b95825a,2023-05-12,0.0024965757,0,Hyderabad,nearest_canonical_atm_euclidean,
2961,644ec086-7a2f-56c1-8890-a0cf1371bb8f,2023-04-28,0.0024927622,0,Jaipur,nearest_canonical_atm_euclidean,
2962,ce707439-e5cd-56de-8ce2-b3a7f8a910c5,2023-04-28,0.0024848862,0,Hyderabad,nearest_canonical_atm_euclidean,
2963,94effd11-8fd8-50af-8f4c-b5a629d11375,2023-05-12,0.0024845211,0,Jaipur,nearest_canonical_atm_euclidean,
2964,051674e2-a8c4-5111-bf54-2c937a9c722a,2023-08-18,0.0024829851,0,New Delhi,nearest_canonical_atm_euclidean,
2965,6a5e8429-628a-5a7d-b3da-577e42cb4cd4,2023-05-05,0.0024829593,0,Bengaluru,nearest_canonical_atm_euclidean,
2966,328c3398-026a-5b82-ad02-8598a7d943ba,2023-06-09,0.0024826617,0,Bengaluru,nearest_canonical_atm_euclidean,
2967,ae9a45fc-c291-5efa-a2ad-8e3d969953d5,2023-06-23,0.0024796876,0,New Delhi,nearest_canonical_atm_euclidean,
2968,14e22c3d-5500-5971-b937-f612a3b05543,2023-04-14,0.0024792205,0,Chennai,nearest_canonical_atm_euclidean,
2969,0e0b8e6c-f46a-5dce-b705-93abfbcedab7,2023-10-06,0.0024764473,0,New Delhi,nearest_canonical_atm_euclidean,
2970,0949a9d8-1c2f-5d53-bc48-6050d92fe35b,2023-11-03,0.0024743034,0,Bengaluru,nearest_canonical_atm_euclidean,
2971,c991fb7a-f5c2-5464-b968-538bf5c140df,2023-08-04,0.0024659564,0,Mumbai,nearest_canonical_atm_euclidean,
2972,81697ea2-f5de-540b-a729-ead84b45e611,2023-02-24,0.002465913,0,Mumbai,nearest_canonical_atm_euclidean,
2973,7bb876b7-d98c-59b9-bfe7-5d6d8706898d,2023-09-01,0.0024653466,0,New Delhi,nearest_canonical_atm_euclidean,
2974,d05fbe4b-fcba-52a3-9d29-e0fce9ccdbd9,2023-03-17,0.002464091,0,New Delhi,nearest_canonical_atm_euclidean,
2975,f41c7ddd-7008-5aeb-99eb-f05a1845a016,2023-03-03,0.0024629813,0,Bengaluru,nearest_canonical_atm_euclidean,
2976,4407e36e-71bc-5526-9a73-9f76e801cc45,2023-08-04,0.0024598576,0,Kolkata,nearest_canonical_atm_euclidean,
2977,7bb876b7-d98c-59b9-bfe7-5d6d8706898d,2023-08-18,0.0024548233,0,New Delhi,nearest_canonical_atm_euclidean,
2978,e59ea14d-6014-54fe-bc4f-daf0d4c133e3,2023-02-17,0.0024445052,0,Ahmedabad,nearest_canonical_atm_euclidean,
2979,8df3fb3f-36b9-5e62-b1aa-54e0ed960822,2023-05-26,0.0024439401,0,Mumbai,nearest_canonical_atm_euclidean,
2980,0949a9d8-1c2f-5d53-bc48-6050d92fe35b,2023-10-27,0.0024437879,0,Bengaluru,nearest_canonical_atm_euclidean,
2981,2ec2dfb2-1938-5797-bf2d-736d604948cb,2023-09-15,0.0024422468,0,Mumbai,nearest_canonical_atm_euclidean,
2982,a5676c6d-3d3e-517c-81a9-86b85c039df1,2023-11-17,0.0024404144,0,Ahmedabad,nearest_canonical_atm_euclidean,
2983,863a1f8a-9358-5d83-a37a-ef1b3af72061,2023-11-17,0.0024324015,0,New Delhi,nearest_canonical_atm_euclidean,
2984,a5676c6d-3d3e-517c-81a9-86b85c039df1,2023-08-11,0.0024308895,0,Ahmedabad,nearest_canonical_atm_euclidean,
2985,1af29445-7edb-54fb-a987-f6ba18f4dcc3,2023-11-24,0.0024291247,0,Bengaluru,nearest_canonical_atm_euclidean,
2986,b3dc96a5-31cc-51a8-a4bc-4d47da6df377,2023-12-08,0.0024291074,0,New Delhi,nearest_canonical_atm_euclidean,
2987,964994af-c467-5422-8727-4914e98a9b1b,2023-11-03,0.0024287687,0,Hyderabad,nearest_canonical_atm_euclidean,
2988,0949a9d8-1c2f-5d53-bc48-6050d92fe35b,2023-01-27,0.0024267999,0,Bengaluru,nearest_canonical_atm_euclidean,
2989,bbdf6837-aab5-5b4e-839e-9ee61eaea352,2023-09-01,0.0024258797,0,Mumbai,nearest_canonical_atm_euclidean,
2990,b3dc96a5-31cc-51a8-a4bc-4d47da6df377,2023-01-20,0.002425634,0,New Delhi,nearest_canonical_atm_euclidean,
2991,47b40f44-e493-5f2d-b12c-8a7eb6ccd6f4,2023-12-08,0.0024256087,0,Jaipur,nearest_canonical_atm_euclidean,
2992,65a9af02-f38e-5bc1-a908-6a3a653df0fc,2023-08-11,0.0024236343,0,Ahmedabad,nearest_canonical_atm_euclidean,
2993,800f26bb-ab13-53a8-8329-4e07a6b7cf1d,2023-07-28,0.0024212315,0,Mumbai,nearest_canonical_atm_euclidean,
2994,a891a4aa-b7cd-521d-928f-f58da9655ef5,2023-10-06,0.00241905,0,Hyderabad,nearest_canonical_atm_euclidean,
2995,41adf9c7-e4f5-56f8-a964-fecf7428833b,2023-05-12,0.0024183714,0,Jaipur,nearest_canonical_atm_euclidean,
2996,34ff42c5-aa0c-58b5-b153-3aa920bff5c7,2023-12-15,0.0024150594,0,Chennai,nearest_canonical_atm_euclidean,
2997,de2d188a-a433-5f4b-869a-2ffe30dfc6ab,2023-04-07,0.002413773,0,Ahmedabad,nearest_canonical_atm_euclidean,
2998,dce0c68a-90eb-5756-908b-549f801f0816,2023-05-05,0.0024136594,0,Hyderabad,nearest_canonical_atm_euclidean,
2999,eade7219-66ba-5894-8964-9eff10228818,2023-04-21,0.002412244,0,Jaipur,nearest_canonical_atm_euclidean,
3000,1ca42a9a-50ec-5a1d-99e3-81bf7c579716,2023-06-09,0.0024100097,0,New Delhi,nearest_canonical_atm_euclidean,
3001,14f26062-7d75-550d-ae7d-50ad61eb0e1b,2023-06-23,0.002407592,0,Jaipur,nearest_canonical_atm_euclidean,
3002,5cbba4d0-3c52-5f68-9295-d2058d5ea946,2023-02-03,0.0024030062,0,Mumbai,nearest_canonical_atm_euclidean,
3003,ce707439-e5cd-56de-8ce2-b3a7f8a910c5,2023-09-22,0.0024027925,0,Hyderabad,nearest_canonical_atm_euclidean,
3004,b73cca25-bce0-5c18-8339-4e08c62ff897,2023-08-04,0.00240175,0,Kolkata,nearest_canonical_atm_euclidean,
3005,f9c8bdaf-f2d5-519b-81d4-759a53bf1015,2023-03-10,0.0024005533,0,Chennai,nearest_canonical_atm_euclidean,
3006,37d50aaa-0ca6-52fd-ba0f-a0c734b03d34,2023-09-15,0.002398139,0,Mumbai,nearest_canonical_atm_euclidean,
3007,5cbba4d0-3c52-5f68-9295-d2058d5ea946,2023-03-10,0.0023951011,0,Mumbai,nearest_canonical_atm_euclidean,
3008,f801c521-91da-5b20-88bb-185c236cf141,2023-05-19,0.0023946066,0,Jaipur,nearest_canonical_atm_euclidean,
3009,0949a9d8-1c2f-5d53-bc48-6050d92fe35b,2023-09-15,0.0023900045,0,Bengaluru,nearest_canonical_atm_euclidean,
3010,2e751f5b-ebe1-5162-b43d-482303a259e3,2023-02-10,0.002388644,0,Kolkata,nearest_canonical_atm_euclidean,
3011,14e22c3d-5500-5971-b937-f612a3b05543,2023-02-24,0.002382515,0,Chennai,nearest_canonical_atm_euclidean,
3012,6ded4d28-8bc2-5507-85db-b9ec23a0756c,2023-06-02,0.0023808042,0,Mumbai,nearest_canonical_atm_euclidean,
3013,0e0b8e6c-f46a-5dce-b705-93abfbcedab7,2023-10-20,0.0023777008,0,New Delhi,nearest_canonical_atm_euclidean,
3014,08c99329-0e59-5327-8796-9fef243ca011,2023-03-10,0.0023738784,0,Bengaluru,nearest_canonical_atm_euclidean,
3015,41adf9c7-e4f5-56f8-a964-fecf7428833b,2023-10-06,0.002372912,0,Jaipur,nearest_canonical_atm_euclidean,
3016,8279eaa3-c5e0-5a20-9db9-075ee86efeb4,2023-02-03,0.0023729098,0,Kolkata,nearest_canonical_atm_euclidean,
3017,90bcf56f-15e8-5317-aff9-2bb508a1d03a,2023-08-25,0.0023704749,0,Chennai,nearest_canonical_atm_euclidean,
3018,14e22c3d-5500-5971-b937-f612a3b05543,2023-02-17,0.002367261,0,Chennai,nearest_canonical_atm_euclidean,
3019,38ef268a-dcd0-56f8-8c8f-954520b5c33b,2023-04-28,0.0023608676,0,Ahmedabad,nearest_canonical_atm_euclidean,
3020,08c99329-0e59-5327-8796-9fef243ca011,2023-08-04,0.0023591095,0,Bengaluru,nearest_canonical_atm_euclidean,
3021,3aa4e1f6-58c6-5cbb-a302-28689bbca879,2023-11-17,0.0023579304,0,Bengaluru,nearest_canonical_atm_euclidean,
3022,14e22c3d-5500-5971-b937-f612a3b05543,2023-12-15,0.0023542852,0,Chennai,nearest_canonical_atm_euclidean,
3023,9f8333ec-0af9-502c-8e87-21bd0e5ef301,2023-12-15,0.0023538172,0,Kolkata,nearest_canonical_atm_euclidean,
3024,0949a9d8-1c2f-5d53-bc48-6050d92fe35b,2023-05-19,0.0023532887,0,Bengaluru,nearest_canonical_atm_euclidean,
3025,4cc4f0b0-6522-5752-8674-65bde1e7ee07,2023-02-03,0.0023524147,0,Hyderabad,nearest_canonical_atm_euclidean,
3026,1ceabaf4-936c-5e09-9db4-955f82fbe69e,2023-01-13,0.0023519725,0,Bengaluru,nearest_canonical_atm_euclidean,
3027,07b1cb4d-de17-5ac2-a00b-02cf9e672ff0,2023-06-16,0.002347947,0,Ahmedabad,nearest_canonical_atm_euclidean,
3028,ce707439-e5cd-56de-8ce2-b3a7f8a910c5,2023-03-17,0.0023475997,0,Hyderabad,nearest_canonical_atm_euclidean,
3029,a5676c6d-3d3e-517c-81a9-86b85c039df1,2023-09-01,0.002347142,0,Ahmedabad,nearest_canonical_atm_euclidean,
3030,3aa4e1f6-58c6-5cbb-a302-28689bbca879,2023-10-13,0.002346165,0,Bengaluru,nearest_canonical_atm_euclidean,
3031,4e782d22-24b2-5334-ad26-772dec5c36d3,2023-01-06,0.0023456607,0,Jaipur,nearest_canonical_atm_euclidean,
3032,4407e36e-71bc-5526-9a73-9f76e801cc45,2023-09-08,0.002344747,0,Kolkata,nearest_canonical_atm_euclidean,
3033,b7c4c3b5-15ff-512b-bc9b-d52f3797f893,2023-04-14,0.002344726,0,Chennai,nearest_canonical_atm_euclidean,
3034,06c1e399-5422-598e-8078-2622bf0dc842,2023-09-15,0.0023428213,0,Jaipur,nearest_canonical_atm_euclidean,
3035,9f8333ec-0af9-502c-8e87-21bd0e5ef301,2023-09-22,0.002342242,0,Kolkata,nearest_canonical_atm_euclidean,
3036,6e2eb94c-abea-566d-881f-33304c81d95b,2023-04-07,0.0023422253,0,Hyderabad,nearest_canonical_atm_euclidean,
3037,422e93c8-7fc2-5abd-bd82-7b2eb566f6e6,2023-10-20,0.0023405678,0,Kolkata,nearest_canonical_atm_euclidean,
3038,4aabdbdc-9536-5b73-bab4-7cbee9886fed,2023-09-22,0.002336894,0,Hyderabad,nearest_canonical_atm_euclidean,
3039,964994af-c467-5422-8727-4914e98a9b1b,2023-06-02,0.002336705,0,Hyderabad,nearest_canonical_atm_euclidean,
3040,65a9af02-f38e-5bc1-a908-6a3a653df0fc,2023-10-20,0.0023298664,0,Ahmedabad,nearest_canonical_atm_euclidean,
3041,f1f8d2d0-6ea3-5875-acce-a83a08547247,2022-12-30,0.0023294638,0,New Delhi,nearest_canonical_atm_euclidean,
3042,3aa4e1f6-58c6-5cbb-a302-28689bbca879,2023-05-12,0.002324938,0,Bengaluru,nearest_canonical_atm_euclidean,
3043,7af28f6a-7ed8-5ba7-97f0-f49875cbb077,2023-04-14,0.0023244394,0,Mumbai,nearest_canonical_atm_euclidean,
3044,14e22c3d-5500-5971-b937-f612a3b05543,2023-10-13,0.0023211718,0,Chennai,nearest_canonical_atm_euclidean,
3045,642f4235-82f6-5143-8ea5-5048e8f0d80a,2023-02-17,0.0023186356,0,Hyderabad,nearest_canonical_atm_euclidean,
3046,800f26bb-ab13-53a8-8329-4e07a6b7cf1d,2023-04-14,0.0023185022,0,Mumbai,nearest_canonical_atm_euclidean,
3047,7142d25c-5954-53f9-ba18-f95055901780,2023-11-03,0.002316976,0,Bengaluru,nearest_canonical_atm_euclidean,
3048,34ff42c5-aa0c-58b5-b153-3aa920bff5c7,2023-02-10,0.0023134153,0,Chennai,nearest_canonical_atm_euclidean,
3049,46d959a8-3a7a-51b4-a5d0-e6489f19d5ab,2022-12-30,0.0023096807,0,Ahmedabad,nearest_canonical_atm_euclidean,
3050,2e751f5b-ebe1-5162-b43d-482303a259e3,2023-04-14,0.0023085163,0,Kolkata,nearest_canonical_atm_euclidean,
3051,7142d25c-5954-53f9-ba18-f95055901780,2023-04-21,0.002307762,0,Bengaluru,nearest_canonical_atm_euclidean,
3052,9b0bfc62-59d8-573e-81b2-fee4669a409a,2023-05-05,0.0023008513,0,Hyderabad,nearest_canonical_atm_euclidean,
3053,08c99329-0e59-5327-8796-9fef243ca011,2023-10-06,0.0023006836,0,Bengaluru,nearest_canonical_atm_euclidean,
3054,7aee3f20-61f3-58df-bbd1-af7d2ad4f502,2023-10-13,0.0022967828,0,Mumbai,nearest_canonical_atm_euclidean,
3055,b76d9deb-4963-5298-b5ab-e7aa1216e9a4,2023-12-15,0.0022966429,0,Kolkata,nearest_canonical_atm_euclidean,
3056,ba44c170-601e-501e-a74f-77b6e98cae26,2023-04-21,0.002296421,0,Hyderabad,nearest_canonical_atm_euclidean,
3057,d69d9b0a-1678-5866-b094-3f5f19c0c205,2023-07-28,0.0022963174,0,Ahmedabad,nearest_canonical_atm_euclidean,
3058,8279eaa3-c5e0-5a20-9db9-075ee86efeb4,2023-07-28,0.002295046,0,Kolkata,nearest_canonical_atm_euclidean,
3059,f801c521-91da-5b20-88bb-185c236cf141,2023-12-01,0.002294329,0,Jaipur,nearest_canonical_atm_euclidean,
3060,59684263-0e01-5fc5-9de6-966d650e19e5,2023-09-08,0.0022919157,0,Mumbai,nearest_canonical_atm_euclidean,
3061,e789fbe5-81bc-554f-9309-2f60d40df893,2023-09-01,0.0022917402,0,Kolkata,nearest_canonical_atm_euclidean,
3062,7142d25c-5954-53f9-ba18-f95055901780,2023-09-01,0.0022872244,0,Bengaluru,nearest_canonical_atm_euclidean,
3063,ce707439-e5cd-56de-8ce2-b3a7f8a910c5,2023-12-15,0.00228486,0,Hyderabad,nearest_canonical_atm_euclidean,
3064,b2e6f33c-17a1-547b-a103-0541efcaee5d,2023-09-01,0.00228285,0,Ahmedabad,nearest_canonical_atm_euclidean,
3065,83a48d15-e769-5c36-ba85-663466038d79,2023-07-21,0.0022789596,0,Kolkata,nearest_canonical_atm_euclidean,
3066,3b1e5d03-563a-5430-87b7-e281fa8f8af4,2023-06-16,0.002278669,0,Mumbai,nearest_canonical_atm_euclidean,
3067,9d88e52f-9303-5776-9acc-390b8ece126d,2023-08-04,0.002274459,0,Chennai,nearest_canonical_atm_euclidean,
3068,08c99329-0e59-5327-8796-9fef243ca011,2023-04-21,0.002273874,0,Bengaluru,nearest_canonical_atm_euclidean,
3069,ae9a45fc-c291-5efa-a2ad-8e3d969953d5,2023-09-01,0.002272829,0,New Delhi,nearest_canonical_atm_euclidean,
3070,d69d9b0a-1678-5866-b094-3f5f19c0c205,2023-03-10,0.0022720548,0,Ahmedabad,nearest_canonical_atm_euclidean,
3071,c45eaf1f-d739-587d-8090-276bc5a6a01e,2023-04-07,0.0022705938,0,New Delhi,nearest_canonical_atm_euclidean,
3072,f9c8bdaf-f2d5-519b-81d4-759a53bf1015,2023-06-30,0.0022594386,0,Chennai,nearest_canonical_atm_euclidean,
3073,1ceabaf4-936c-5e09-9db4-955f82fbe69e,2023-07-14,0.002258393,0,Bengaluru,nearest_canonical_atm_euclidean,
3074,14e22c3d-5500-5971-b937-f612a3b05543,2023-11-24,0.0022578388,0,Chennai,nearest_canonical_atm_euclidean,
3075,0949a9d8-1c2f-5d53-bc48-6050d92fe35b,2023-08-18,0.0022552386,0,Bengaluru,nearest_canonical_atm_euclidean,
3076,fceef9b3-9818-5d9c-9786-aa1ba0a869e2,2023-12-15,0.0022518032,0,Mumbai,nearest_canonical_atm_euclidean,
3077,fceef9b3-9818-5d9c-9786-aa1ba0a869e2,2023-04-14,0.002251453,0,Mumbai,nearest_canonical_atm_euclidean,
3078,8df3fb3f-36b9-5e62-b1aa-54e0ed960822,2023-06-16,0.0022492358,0,Mumbai,nearest_canonical_atm_euclidean,
3079,47b40f44-e493-5f2d-b12c-8a7eb6ccd6f4,2023-07-14,0.0022487585,0,Jaipur,nearest_canonical_atm_euclidean,
3080,422e93c8-7fc2-5abd-bd82-7b2eb566f6e6,2023-09-22,0.0022483058,0,Kolkata,nearest_canonical_atm_euclidean,
3081,f9c8bdaf-f2d5-519b-81d4-759a53bf1015,2023-06-16,0.0022480385,0,Chennai,nearest_canonical_atm_euclidean,
3082,59fb71b7-27d2-56ae-87ab-548765379b67,2023-07-21,0.0022417083,0,Bengaluru,nearest_canonical_atm_euclidean,
3083,de2d188a-a433-5f4b-869a-2ffe30dfc6ab,2023-03-03,0.0022415952,0,Ahmedabad,nearest_canonical_atm_euclidean,
3084,9ec9c0ef-9209-5a42-84e8-2013032e9b9e,2023-04-21,0.0022398822,0,Chennai,nearest_canonical_atm_euclidean,
3085,67107270-efc6-529d-8ace-22395900dddc,2023-12-01,0.0022382203,0,Ahmedabad,nearest_canonical_atm_euclidean,
3086,7bb876b7-d98c-59b9-bfe7-5d6d8706898d,2023-11-03,0.0022331497,0,New Delhi,nearest_canonical_atm_euclidean,
3087,c4d45e66-af66-5d62-9ec1-a719ee0110b8,2023-06-30,0.0022329502,0,Bengaluru,nearest_canonical_atm_euclidean,
3088,6e2eb94c-abea-566d-881f-33304c81d95b,2023-11-03,0.0022301788,0,Hyderabad,nearest_canonical_atm_euclidean,
3089,7c8a9fea-1f01-5794-b1f8-1f33bc77651b,2023-05-12,0.0022296389,0,New Delhi,nearest_canonical_atm_euclidean,
3090,90bcf56f-15e8-5317-aff9-2bb508a1d03a,2023-07-21,0.0022278999,0,Chennai,nearest_canonical_atm_euclidean,
3091,ce707439-e5cd-56de-8ce2-b3a7f8a910c5,2023-08-25,0.0022179785,0,Hyderabad,nearest_canonical_atm_euclidean,
3092,41adf9c7-e4f5-56f8-a964-fecf7428833b,2023-05-26,0.002217669,0,Jaipur,nearest_canonical_atm_euclidean,
3093,47b40f44-e493-5f2d-b12c-8a7eb6ccd6f4,2023-12-15,0.0022170395,0,Jaipur,nearest_canonical_atm_euclidean,
3094,7142d25c-5954-53f9-ba18-f95055901780,2023-09-29,0.0022127589,0,Bengaluru,nearest_canonical_atm_euclidean,
3095,863a1f8a-9358-5d83-a37a-ef1b3af72061,2023-04-28,0.0022121987,0,New Delhi,nearest_canonical_atm_euclidean,
3096,9adf3d58-2b6f-5de3-8510-5cc671d1d2e8,2023-10-06,0.002212042,0,Ahmedabad,nearest_canonical_atm_euclidean,
3097,94effd11-8fd8-50af-8f4c-b5a629d11375,2023-01-13,0.0022109437,0,Jaipur,nearest_canonical_atm_euclidean,
3098,b76d9deb-4963-5298-b5ab-e7aa1216e9a4,2023-08-11,0.0022093735,0,Kolkata,nearest_canonical_atm_euclidean,
3099,d96fb612-761a-52d1-8bfd-a2368e7f9fd3,2023-01-27,0.0022055872,0,Jaipur,nearest_canonical_atm_euclidean,
3100,a891a4aa-b7cd-521d-928f-f58da9655ef5,2023-11-24,0.0022029947,0,Hyderabad,nearest_canonical_atm_euclidean,
3101,6110b5e8-c838-5a36-af9e-ceec51e0c409,2023-01-06,0.0022023346,0,New Delhi,nearest_canonical_atm_euclidean,
3102,d3483408-08a1-5840-8a4f-e2a5d47c989b,2023-07-14,0.0021984326,0,Chennai,nearest_canonical_atm_euclidean,
3103,de2d188a-a433-5f4b-869a-2ffe30dfc6ab,2023-11-03,0.0021983834,1,Ahmedabad,nearest_canonical_atm_euclidean,
3104,800f26bb-ab13-53a8-8329-4e07a6b7cf1d,2023-02-03,0.002196743,0,Mumbai,nearest_canonical_atm_euclidean,
3105,9f8333ec-0af9-502c-8e87-21bd0e5ef301,2023-02-17,0.002192539,0,Kolkata,nearest_canonical_atm_euclidean,
3106,9ec9c0ef-9209-5a42-84e8-2013032e9b9e,2023-03-31,0.0021910917,0,Chennai,nearest_canonical_atm_euclidean,
3107,f9c8bdaf-f2d5-519b-81d4-759a53bf1015,2023-09-01,0.0021905035,0,Chennai,nearest_canonical_atm_euclidean,
3108,d69d9b0a-1678-5866-b094-3f5f19c0c205,2023-01-06,0.002189521,0,Ahmedabad,nearest_canonical_atm_euclidean,
3109,d5f219b1-03da-5f87-a5da-607ea7af6899,2023-11-10,0.0021875228,0,Bengaluru,nearest_canonical_atm_euclidean,
3110,e2c14eb0-27b2-5683-922f-22f075a86d45,2023-12-15,0.0021849845,0,Kolkata,nearest_canonical_atm_euclidean,
3111,94effd11-8fd8-50af-8f4c-b5a629d11375,2023-09-08,0.0021841927,0,Jaipur,nearest_canonical_atm_euclidean,
3112,e59ea14d-6014-54fe-bc4f-daf0d4c133e3,2023-05-05,0.0021834713,0,Ahmedabad,nearest_canonical_atm_euclidean,
3113,d89b2703-b172-5529-922c-4af9eb48d45f,2023-03-17,0.0021831412,0,New Delhi,nearest_canonical_atm_euclidean,
3114,9d88e52f-9303-5776-9acc-390b8ece126d,2023-11-24,0.0021798334,0,Chennai,nearest_canonical_atm_euclidean,
3115,5cbba4d0-3c52-5f68-9295-d2058d5ea946,2023-07-28,0.002178073,0,Mumbai,nearest_canonical_atm_euclidean,
3116,b2e6f33c-17a1-547b-a103-0541efcaee5d,2023-01-27,0.0021776624,0,Ahmedabad,nearest_canonical_atm_euclidean,
3117,d3483408-08a1-5840-8a4f-e2a5d47c989b,2023-06-09,0.0021737763,0,Chennai,nearest_canonical_atm_euclidean,
3118,41174545-6f86-5ccc-94c0-7054225d58ad,2023-03-31,0.00217251,0,Chennai,nearest_canonical_atm_euclidean,
3119,0e0b8e6c-f46a-5dce-b705-93abfbcedab7,2023-07-21,0.0021705467,0,New Delhi,nearest_canonical_atm_euclidean,
3120,34ff42c5-aa0c-58b5-b153-3aa920bff5c7,2023-07-07,0.002170014,0,Chennai,nearest_canonical_atm_euclidean,
3121,e2c14eb0-27b2-5683-922f-22f075a86d45,2023-07-28,0.0021675536,0,Kolkata,nearest_canonical_atm_euclidean,
3122,e3c72b40-457d-5627-b578-4da7a09c1fc1,2023-03-03,0.0021674174,0,New Delhi,nearest_canonical_atm_euclidean,
3123,1af29445-7edb-54fb-a987-f6ba18f4dcc3,2023-04-07,0.0021614856,0,Bengaluru,nearest_canonical_atm_euclidean,
3124,9e342a67-6e23-50e0-affc-c624e2da2f70,2023-11-17,0.002160809,0,Mumbai,nearest_canonical_atm_euclidean,
3125,81697ea2-f5de-540b-a729-ead84b45e611,2023-01-27,0.0021582444,0,Mumbai,nearest_canonical_atm_euclidean,
3126,9e342a67-6e23-50e0-affc-c624e2da2f70,2023-06-16,0.0021519677,0,Mumbai,nearest_canonical_atm_euclidean,
3127,8d9781e0-0f19-5e72-9add-8fe3b028bb83,2023-10-20,0.002146803,0,Hyderabad,nearest_canonical_atm_euclidean,
3128,182ddc72-62c6-5f3b-b7ae-935c5b5e605b,2023-05-26,0.0021442275,0,Jaipur,nearest_canonical_atm_euclidean,
3129,051674e2-a8c4-5111-bf54-2c937a9c722a,2023-04-28,0.002142928,0,New Delhi,nearest_canonical_atm_euclidean,
3130,9ec9c0ef-9209-5a42-84e8-2013032e9b9e,2023-06-16,0.0021418517,0,Chennai,nearest_canonical_atm_euclidean,
3131,0e83a772-d0c1-5d38-9f1f-4a51eb7ee575,2023-06-30,0.002140414,0,Kolkata,nearest_canonical_atm_euclidean,
3132,3aa4e1f6-58c6-5cbb-a302-28689bbca879,2023-01-20,0.0021375366,0,Bengaluru,nearest_canonical_atm_euclidean,
3133,fbbc3df5-4722-57b4-9788-6244a82eaa45,2023-06-30,0.0021366614,0,Chennai,nearest_canonical_atm_euclidean,
3134,1d7d8374-7d25-5244-9349-2dba7c91bf60,2023-06-02,0.0021365639,0,Ahmedabad,nearest_canonical_atm_euclidean,
3135,422e93c8-7fc2-5abd-bd82-7b2eb566f6e6,2023-09-08,0.0021334784,0,Kolkata,nearest_canonical_atm_euclidean,
3136,c1ef55eb-7ba3-5dca-9329-fa76b3327004,2023-09-01,0.002127709,0,Chennai,nearest_canonical_atm_euclidean,
3137,fbbc3df5-4722-57b4-9788-6244a82eaa45,2023-02-03,0.00212521,0,Chennai,nearest_canonical_atm_euclidean,
3138,ae9a45fc-c291-5efa-a2ad-8e3d969953d5,2023-01-13,0.0021250572,0,New Delhi,nearest_canonical_atm_euclidean,
3139,14e22c3d-5500-5971-b937-f612a3b05543,2023-01-27,0.0021231116,0,Chennai,nearest_canonical_atm_euclidean,
3140,f1f8d2d0-6ea3-5875-acce-a83a08547247,2023-08-04,0.0021194445,0,New Delhi,nearest_canonical_atm_euclidean,
3141,0e83a772-d0c1-5d38-9f1f-4a51eb7ee575,2023-04-21,0.0021147332,0,Kolkata,nearest_canonical_atm_euclidean,
3142,8d9781e0-0f19-5e72-9add-8fe3b028bb83,2023-03-17,0.002112194,0,Hyderabad,nearest_canonical_atm_euclidean,
3143,9f8333ec-0af9-502c-8e87-21bd0e5ef301,2023-02-24,0.0021119607,0,Kolkata,nearest_canonical_atm_euclidean,
3144,a9c5b13b-e31b-5d61-b111-d30041fcd1e9,2023-12-15,0.0021093225,0,Ahmedabad,nearest_canonical_atm_euclidean,
3145,5cbba4d0-3c52-5f68-9295-d2058d5ea946,2023-12-15,0.0021084514,0,Mumbai,nearest_canonical_atm_euclidean,
3146,869d900f-916d-59fb-a1c5-980ea46f3005,2023-06-02,0.0021062111,0,Chennai,nearest_canonical_atm_euclidean,
3147,de2d188a-a433-5f4b-869a-2ffe30dfc6ab,2023-05-12,0.0021058575,0,Ahmedabad,nearest_canonical_atm_euclidean,
3148,91abf21e-5b5e-5823-b4f0-c5d40f77d717,2023-05-05,0.0021035702,0,New Delhi,nearest_canonical_atm_euclidean,
3149,b7c4c3b5-15ff-512b-bc9b-d52f3797f893,2023-12-01,0.0021020062,0,Chennai,nearest_canonical_atm_euclidean,
3150,6ded4d28-8bc2-5507-85db-b9ec23a0756c,2023-11-24,0.0021004134,0,Mumbai,nearest_canonical_atm_euclidean,
3151,9adf3d58-2b6f-5de3-8510-5cc671d1d2e8,2023-06-16,0.0020983487,0,Ahmedabad,nearest_canonical_atm_euclidean,
3152,6ded4d28-8bc2-5507-85db-b9ec23a0756c,2023-12-01,0.0020982737,0,Mumbai,nearest_canonical_atm_euclidean,
3153,6e2eb94c-abea-566d-881f-33304c81d95b,2023-08-18,0.0020974693,0,Hyderabad,nearest_canonical_atm_euclidean,
3154,6a5e8429-628a-5a7d-b3da-577e42cb4cd4,2023-06-16,0.0020972986,0,Bengaluru,nearest_canonical_atm_euclidean,
3155,59fb71b7-27d2-56ae-87ab-548765379b67,2023-09-29,0.0020956474,0,Bengaluru,nearest_canonical_atm_euclidean,
3156,8279eaa3-c5e0-5a20-9db9-075ee86efeb4,2023-01-20,0.0020933393,0,Kolkata,nearest_canonical_atm_euclidean,
3157,f69a2a75-085f-5b60-b0c2-9aebccd78b03,2023-03-24,0.0020912038,0,Hyderabad,nearest_canonical_atm_euclidean,
3158,91abf21e-5b5e-5823-b4f0-c5d40f77d717,2023-05-26,0.0020889135,0,New Delhi,nearest_canonical_atm_euclidean,
3159,a891a4aa-b7cd-521d-928f-f58da9655ef5,2023-12-01,0.002085102,0,Hyderabad,nearest_canonical_atm_euclidean,
3160,642f4235-82f6-5143-8ea5-5048e8f0d80a,2023-11-03,0.002079363,0,Hyderabad,nearest_canonical_atm_euclidean,
3161,cf923010-1ea8-516f-8a40-b3db95dce888,2023-10-06,0.0020790563,0,Chennai,nearest_canonical_atm_euclidean,
3162,b41f1475-dca2-5dc1-938e-9543cd4de399,2023-01-27,0.0020751166,0,Ahmedabad,nearest_canonical_atm_euclidean,
3163,41adf9c7-e4f5-56f8-a964-fecf7428833b,2023-11-24,0.002072544,0,Jaipur,nearest_canonical_atm_euclidean,
3164,1d7d8374-7d25-5244-9349-2dba7c91bf60,2023-06-09,0.0020722225,0,Ahmedabad,nearest_canonical_atm_euclidean,
3165,e2c14eb0-27b2-5683-922f-22f075a86d45,2023-03-24,0.0020697855,0,Kolkata,nearest_canonical_atm_euclidean,
3166,b7c4c3b5-15ff-512b-bc9b-d52f3797f893,2023-09-01,0.0020697038,0,Chennai,nearest_canonical_atm_euclidean,
3167,7c8fbbb0-7633-546c-b927-1accdba2044a,2023-10-13,0.0020696141,0,Chennai,nearest_canonical_atm_euclidean,
3168,8279eaa3-c5e0-5a20-9db9-075ee86efeb4,2023-10-20,0.0020691897,0,Kolkata,nearest_canonical_atm_euclidean,
3169,f801c521-91da-5b20-88bb-185c236cf141,2023-05-12,0.0020687426,0,Jaipur,nearest_canonical_atm_euclidean,
3170,0949a9d8-1c2f-5d53-bc48-6050d92fe35b,2023-09-01,0.0020685676,0,Bengaluru,nearest_canonical_atm_euclidean,
3171,0e0b8e6c-f46a-5dce-b705-93abfbcedab7,2023-06-02,0.0020652313,0,New Delhi,nearest_canonical_atm_euclidean,
3172,41174545-6f86-5ccc-94c0-7054225d58ad,2023-04-21,0.0020614758,0,Chennai,nearest_canonical_atm_euclidean,
3173,9b0bfc62-59d8-573e-81b2-fee4669a409a,2023-07-07,0.0020576261,0,Hyderabad,nearest_canonical_atm_euclidean,
3174,b76d9deb-4963-5298-b5ab-e7aa1216e9a4,2023-02-24,0.002056564,0,Kolkata,nearest_canonical_atm_euclidean,
3175,37d50aaa-0ca6-52fd-ba0f-a0c734b03d34,2022-12-30,0.0020562205,0,Mumbai,nearest_canonical_atm_euclidean,
3176,ba44c170-601e-501e-a74f-77b6e98cae26,2023-06-16,0.0020557567,0,Hyderabad,nearest_canonical_atm_euclidean,
3177,14f26062-7d75-550d-ae7d-50ad61eb0e1b,2023-11-03,0.0020555211,0,Jaipur,nearest_canonical_atm_euclidean,
3178,f69a2a75-085f-5b60-b0c2-9aebccd78b03,2023-02-03,0.0020549705,0,Hyderabad,nearest_canonical_atm_euclidean,
3179,6ded4d28-8bc2-5507-85db-b9ec23a0756c,2023-02-24,0.0020544797,0,Mumbai,nearest_canonical_atm_euclidean,
3180,b73cca25-bce0-5c18-8339-4e08c62ff897,2023-11-03,0.0020523202,0,Kolkata,nearest_canonical_atm_euclidean,
3181,51f7f7da-0718-5063-91b2-d743096e78e1,2023-06-23,0.0020517295,0,Bengaluru,nearest_canonical_atm_euclidean,
3182,8279eaa3-c5e0-5a20-9db9-075ee86efeb4,2022-12-30,0.002051547,0,Kolkata,nearest_canonical_atm_euclidean,
3183,642f4235-82f6-5143-8ea5-5048e8f0d80a,2023-07-14,0.0020495749,0,Hyderabad,nearest_canonical_atm_euclidean,
3184,6a5e8429-628a-5a7d-b3da-577e42cb4cd4,2023-08-25,0.002048236,0,Bengaluru,nearest_canonical_atm_euclidean,
3185,5773a83b-9871-5a2d-b54c-7edfa60ab72d,2023-11-17,0.0020452538,0,Jaipur,nearest_canonical_atm_euclidean,
3186,d96fb612-761a-52d1-8bfd-a2368e7f9fd3,2023-09-15,0.002042303,0,Jaipur,nearest_canonical_atm_euclidean,
3187,9d88e52f-9303-5776-9acc-390b8ece126d,2023-04-07,0.0020410887,0,Chennai,nearest_canonical_atm_euclidean,
3188,0949a9d8-1c2f-5d53-bc48-6050d92fe35b,2023-07-07,0.0020402388,0,Bengaluru,nearest_canonical_atm_euclidean,
3189,3aa4e1f6-58c6-5cbb-a302-28689bbca879,2023-05-05,0.0020398388,0,Bengaluru,nearest_canonical_atm_euclidean,
3190,ae9a45fc-c291-5efa-a2ad-8e3d969953d5,2023-02-24,0.0020385948,0,New Delhi,nearest_canonical_atm_euclidean,
3191,2e751f5b-ebe1-5162-b43d-482303a259e3,2023-03-17,0.0020346832,0,Kolkata,nearest_canonical_atm_euclidean,
3192,422e93c8-7fc2-5abd-bd82-7b2eb566f6e6,2023-05-26,0.0020336572,0,Kolkata,nearest_canonical_atm_euclidean,
3193,14f26062-7d75-550d-ae7d-50ad61eb0e1b,2023-02-10,0.0020313484,0,Jaipur,nearest_canonical_atm_euclidean,
3194,7c1562ed-0c51-50a9-b83b-049fcdfe12b4,2023-06-02,0.0020304294,0,Jaipur,nearest_canonical_atm_euclidean,
3195,2e751f5b-ebe1-5162-b43d-482303a259e3,2023-01-27,0.0020285586,0,Kolkata,nearest_canonical_atm_euclidean,
3196,5773a83b-9871-5a2d-b54c-7edfa60ab72d,2023-03-31,0.002027499,0,Jaipur,nearest_canonical_atm_euclidean,
3197,fceef9b3-9818-5d9c-9786-aa1ba0a869e2,2023-08-11,0.0020262732,0,Mumbai,nearest_canonical_atm_euclidean,
3198,9e342a67-6e23-50e0-affc-c624e2da2f70,2023-11-10,0.0020220533,0,Mumbai,nearest_canonical_atm_euclidean,
3199,c991fb7a-f5c2-5464-b968-538bf5c140df,2023-05-26,0.0020185558,0,Mumbai,nearest_canonical_atm_euclidean,
3200,c4d45e66-af66-5d62-9ec1-a719ee0110b8,2023-03-17,0.0020148312,0,Bengaluru,nearest_canonical_atm_euclidean,
3201,9d88e52f-9303-5776-9acc-390b8ece126d,2023-10-27,0.0020140526,0,Chennai,nearest_canonical_atm_euclidean,
3202,81a02119-b06c-5fc0-b634-9f212b95825a,2023-09-22,0.0020116896,0,Hyderabad,nearest_canonical_atm_euclidean,
3203,81697ea2-f5de-540b-a729-ead84b45e611,2023-05-19,0.002011145,0,Mumbai,nearest_canonical_atm_euclidean,
3204,f9c8bdaf-f2d5-519b-81d4-759a53bf1015,2023-10-06,0.002007607,0,Chennai,nearest_canonical_atm_euclidean,
3205,9adf3d58-2b6f-5de3-8510-5cc671d1d2e8,2023-09-29,0.0020042574,0,Ahmedabad,nearest_canonical_atm_euclidean,
3206,5737401f-13a5-5335-9e4c-336a9e870086,2023-11-10,0.0019962187,0,Kolkata,nearest_canonical_atm_euclidean,
3207,e2c14eb0-27b2-5683-922f-22f075a86d45,2023-10-27,0.001996042,0,Kolkata,nearest_canonical_atm_euclidean,
3208,4407e36e-71bc-5526-9a73-9f76e801cc45,2023-01-20,0.0019952604,0,Kolkata,nearest_canonical_atm_euclidean,
3209,ce707439-e5cd-56de-8ce2-b3a7f8a910c5,2023-03-03,0.0019946129,0,Hyderabad,nearest_canonical_atm_euclidean,
3210,b2e6f33c-17a1-547b-a103-0541efcaee5d,2023-07-07,0.0019911344,0,Ahmedabad,nearest_canonical_atm_euclidean,
3211,90bcf56f-15e8-5317-aff9-2bb508a1d03a,2023-03-17,0.001990955,0,Chennai,nearest_canonical_atm_euclidean,
3212,14e22c3d-5500-5971-b937-f612a3b05543,2023-05-12,0.001990472,0,Chennai,nearest_canonical_atm_euclidean,
3213,c4d45e66-af66-5d62-9ec1-a719ee0110b8,2023-01-27,0.001989579,0,Bengaluru,nearest_canonical_atm_euclidean,
3214,4e782d22-24b2-5334-ad26-772dec5c36d3,2023-12-01,0.0019863872,0,Jaipur,nearest_canonical_atm_euclidean,
3215,afecdedf-a580-5453-aee1-cce5a1fc6571,2023-03-03,0.00198476,0,Ahmedabad,nearest_canonical_atm_euclidean,
3216,46d959a8-3a7a-51b4-a5d0-e6489f19d5ab,2023-08-18,0.0019837958,0,Ahmedabad,nearest_canonical_atm_euclidean,
3217,0e0b8e6c-f46a-5dce-b705-93abfbcedab7,2023-03-17,0.0019835418,0,New Delhi,nearest_canonical_atm_euclidean,
3218,e2c14eb0-27b2-5683-922f-22f075a86d45,2023-08-04,0.0019804414,0,Kolkata,nearest_canonical_atm_euclidean,
3219,ae9a45fc-c291-5efa-a2ad-8e3d969953d5,2023-06-09,0.0019802926,0,New Delhi,nearest_canonical_atm_euclidean,
3220,6e2eb94c-abea-566d-881f-33304c81d95b,2023-07-07,0.0019787983,0,Hyderabad,nearest_canonical_atm_euclidean,
3221,1af29445-7edb-54fb-a987-f6ba18f4dcc3,2023-07-14,0.0019752956,0,Bengaluru,nearest_canonical_atm_euclidean,
3222,3b1e5d03-563a-5430-87b7-e281fa8f8af4,2023-09-01,0.001973638,0,Mumbai,nearest_canonical_atm_euclidean,
3223,d69d9b0a-1678-5866-b094-3f5f19c0c205,2023-08-11,0.0019715673,0,Ahmedabad,nearest_canonical_atm_euclidean,
3224,3aa4e1f6-58c6-5cbb-a302-28689bbca879,2023-07-28,0.0019615327,0,Bengaluru,nearest_canonical_atm_euclidean,
3225,81697ea2-f5de-540b-a729-ead84b45e611,2023-03-24,0.0019608112,0,Mumbai,nearest_canonical_atm_euclidean,
3226,67107270-efc6-529d-8ace-22395900dddc,2022-12-30,0.0019603027,0,Ahmedabad,nearest_canonical_atm_euclidean,
3227,d05fbe4b-fcba-52a3-9d29-e0fce9ccdbd9,2023-01-13,0.0019569257,0,New Delhi,nearest_canonical_atm_euclidean,
3228,b8864095-68a2-5748-a216-676e811b321c,2023-06-23,0.001956716,0,Chennai,nearest_canonical_atm_euclidean,
3229,b7c4c3b5-15ff-512b-bc9b-d52f3797f893,2023-11-17,0.0019549076,0,Chennai,nearest_canonical_atm_euclidean,
3230,8d9781e0-0f19-5e72-9add-8fe3b028bb83,2023-06-02,0.0019546675,0,Hyderabad,nearest_canonical_atm_euclidean,
3231,83a48d15-e769-5c36-ba85-663466038d79,2023-11-24,0.0019536624,0,Kolkata,nearest_canonical_atm_euclidean,
3232,a5676c6d-3d3e-517c-81a9-86b85c039df1,2023-02-24,0.0019508464,0,Ahmedabad,nearest_canonical_atm_euclidean,
3233,9ec9c0ef-9209-5a42-84e8-2013032e9b9e,2023-03-03,0.0019487842,0,Chennai,nearest_canonical_atm_euclidean,
3234,4e782d22-24b2-5334-ad26-772dec5c36d3,2023-01-13,0.0019484153,0,Jaipur,nearest_canonical_atm_euclidean,
3235,7bb876b7-d98c-59b9-bfe7-5d6d8706898d,2023-05-05,0.0019478804,0,New Delhi,nearest_canonical_atm_euclidean,
3236,81a02119-b06c-5fc0-b634-9f212b95825a,2023-09-08,0.0019474104,0,Hyderabad,nearest_canonical_atm_euclidean,
3237,0e83a772-d0c1-5d38-9f1f-4a51eb7ee575,2023-04-07,0.0019471704,0,Kolkata,nearest_canonical_atm_euclidean,
3238,9b0bfc62-59d8-573e-81b2-fee4669a409a,2023-01-20,0.001943358,0,Hyderabad,nearest_canonical_atm_euclidean,
3239,f3b246fb-34cb-5d78-af2d-6a294c2857ba,2023-08-25,0.0019417881,0,Kolkata,nearest_canonical_atm_euclidean,
3240,81697ea2-f5de-540b-a729-ead84b45e611,2023-10-27,0.0019409715,0,Mumbai,nearest_canonical_atm_euclidean,
3241,b8864095-68a2-5748-a216-676e811b321c,2023-07-28,0.001940253,0,Chennai,nearest_canonical_atm_euclidean,
3242,afecdedf-a580-5453-aee1-cce5a1fc6571,2023-10-06,0.0019341955,0,Ahmedabad,nearest_canonical_atm_euclidean,
3243,fbbc3df5-4722-57b4-9788-6244a82eaa45,2023-09-22,0.0019320208,0,Chennai,nearest_canonical_atm_euclidean,
3244,328c3398-026a-5b82-ad02-8598a7d943ba,2023-06-02,0.0019292525,0,Bengaluru,nearest_canonical_atm_euclidean,
3245,94effd11-8fd8-50af-8f4c-b5a629d11375,2023-05-26,0.0019262478,0,Jaipur,nearest_canonical_atm_euclidean,
3246,de2d188a-a433-5f4b-869a-2ffe30dfc6ab,2023-12-15,0.001926082,0,Ahmedabad,nearest_canonical_atm_euclidean,
3247,1d7d8374-7d25-5244-9349-2dba7c91bf60,2023-01-06,0.0019257878,0,Ahmedabad,nearest_canonical_atm_euclidean,
3248,c4d45e66-af66-5d62-9ec1-a719ee0110b8,2023-02-03,0.0019253157,0,Bengaluru,nearest_canonical_atm_euclidean,
3249,cf923010-1ea8-516f-8a40-b3db95dce888,2023-03-10,0.0019245335,0,Chennai,nearest_canonical_atm_euclidean,
3250,8d9781e0-0f19-5e72-9add-8fe3b028bb83,2023-11-03,0.0019155206,0,Hyderabad,nearest_canonical_atm_euclidean,
3251,9adf3d58-2b6f-5de3-8510-5cc671d1d2e8,2023-03-03,0.0019146841,0,Ahmedabad,nearest_canonical_atm_euclidean,
3252,b7c4c3b5-15ff-512b-bc9b-d52f3797f893,2023-04-07,0.0019139424,0,Chennai,nearest_canonical_atm_euclidean,
3253,de2d188a-a433-5f4b-869a-2ffe30dfc6ab,2023-06-02,0.0019123191,0,Ahmedabad,nearest_canonical_atm_euclidean,
3254,59fb71b7-27d2-56ae-87ab-548765379b67,2023-01-27,0.001911573,0,Bengaluru,nearest_canonical_atm_euclidean,
3255,90bcf56f-15e8-5317-aff9-2bb508a1d03a,2023-05-12,0.0019102524,0,Chennai,nearest_canonical_atm_euclidean,
3256,9f8333ec-0af9-502c-8e87-21bd0e5ef301,2023-04-28,0.001905401,0,Kolkata,nearest_canonical_atm_euclidean,
3257,08c99329-0e59-5327-8796-9fef243ca011,2023-09-01,0.0019050419,0,Bengaluru,nearest_canonical_atm_euclidean,
3258,3b1e5d03-563a-5430-87b7-e281fa8f8af4,2023-05-26,0.0019040104,0,Mumbai,nearest_canonical_atm_euclidean,
3259,863a1f8a-9358-5d83-a37a-ef1b3af72061,2023-05-12,0.0019023301,0,New Delhi,nearest_canonical_atm_euclidean,
3260,c45eaf1f-d739-587d-8090-276bc5a6a01e,2023-01-27,0.0018991051,0,New Delhi,nearest_canonical_atm_euclidean,
3261,1af29445-7edb-54fb-a987-f6ba18f4dcc3,2023-10-27,0.0018956962,0,Bengaluru,nearest_canonical_atm_euclidean,
3262,aac4fab3-2fa2-532d-b442-87ce705ae9f3,2023-02-24,0.0018940496,0,Bengaluru,nearest_canonical_atm_euclidean,
3263,dce0c68a-90eb-5756-908b-549f801f0816,2023-04-28,0.0018930321,0,Hyderabad,nearest_canonical_atm_euclidean,
3264,d3483408-08a1-5840-8a4f-e2a5d47c989b,2023-06-30,0.0018929302,0,Chennai,nearest_canonical_atm_euclidean,
3265,14e22c3d-5500-5971-b937-f612a3b05543,2023-03-17,0.0018923285,0,Chennai,nearest_canonical_atm_euclidean,
3266,a891a4aa-b7cd-521d-928f-f58da9655ef5,2023-12-08,0.0018915829,0,Hyderabad,nearest_canonical_atm_euclidean,
3267,ae9a45fc-c291-5efa-a2ad-8e3d969953d5,2023-11-24,0.0018900873,0,New Delhi,nearest_canonical_atm_euclidean,
3268,a5676c6d-3d3e-517c-81a9-86b85c039df1,2023-03-31,0.0018888885,0,Ahmedabad,nearest_canonical_atm_euclidean,
3269,81a02119-b06c-5fc0-b634-9f212b95825a,2023-06-30,0.0018878012,0,Hyderabad,nearest_canonical_atm_euclidean,
3270,9e342a67-6e23-50e0-affc-c624e2da2f70,2023-03-31,0.001886724,0,Mumbai,nearest_canonical_atm_euclidean,
3271,8d9781e0-0f19-5e72-9add-8fe3b028bb83,2023-12-01,0.0018859638,0,Hyderabad,nearest_canonical_atm_euclidean,
3272,06c1e399-5422-598e-8078-2622bf0dc842,2023-08-04,0.0018850189,0,Jaipur,nearest_canonical_atm_euclidean,
3273,4aabdbdc-9536-5b73-bab4-7cbee9886fed,2023-10-20,0.001883384,0,Hyderabad,nearest_canonical_atm_euclidean,
3274,0e0b8e6c-f46a-5dce-b705-93abfbcedab7,2023-02-17,0.0018818509,0,New Delhi,nearest_canonical_atm_euclidean,
3275,afecdedf-a580-5453-aee1-cce5a1fc6571,2023-04-21,0.0018796249,0,Ahmedabad,nearest_canonical_atm_euclidean,
3276,4e782d22-24b2-5334-ad26-772dec5c36d3,2023-06-02,0.0018791758,0,Jaipur,nearest_canonical_atm_euclidean,
3277,37d50aaa-0ca6-52fd-ba0f-a0c734b03d34,2023-06-09,0.0018779786,0,Mumbai,nearest_canonical_atm_euclidean,
3278,7142d25c-5954-53f9-ba18-f95055901780,2023-03-24,0.0018758195,0,Bengaluru,nearest_canonical_atm_euclidean,
3279,14e22c3d-5500-5971-b937-f612a3b05543,2023-09-29,0.0018753626,0,Chennai,nearest_canonical_atm_euclidean,
3280,a5676c6d-3d3e-517c-81a9-86b85c039df1,2023-10-20,0.001873348,0,Ahmedabad,nearest_canonical_atm_euclidean,
3281,7c1562ed-0c51-50a9-b83b-049fcdfe12b4,2023-10-06,0.0018682558,0,Jaipur,nearest_canonical_atm_euclidean,
3282,5773a83b-9871-5a2d-b54c-7edfa60ab72d,2023-07-28,0.0018676033,0,Jaipur,nearest_canonical_atm_euclidean,
3283,644ec086-7a2f-56c1-8890-a0cf1371bb8f,2023-09-22,0.0018670716,0,Jaipur,nearest_canonical_atm_euclidean,
3284,7c8a9fea-1f01-5794-b1f8-1f33bc77651b,2022-12-30,0.0018661409,0,New Delhi,nearest_canonical_atm_euclidean,
3285,964994af-c467-5422-8727-4914e98a9b1b,2023-10-06,0.0018637885,0,Hyderabad,nearest_canonical_atm_euclidean,
3286,642f4235-82f6-5143-8ea5-5048e8f0d80a,2023-02-03,0.0018609883,0,Hyderabad,nearest_canonical_atm_euclidean,
3287,f9c8bdaf-f2d5-519b-81d4-759a53bf1015,2023-07-28,0.0018605853,0,Chennai,nearest_canonical_atm_euclidean,
3288,ce707439-e5cd-56de-8ce2-b3a7f8a910c5,2023-06-23,0.0018560747,0,Hyderabad,nearest_canonical_atm_euclidean,
3289,e3c72b40-457d-5627-b578-4da7a09c1fc1,2023-09-01,0.0018554758,0,New Delhi,nearest_canonical_atm_euclidean,
3290,06c1e399-5422-598e-8078-2622bf0dc842,2023-10-27,0.0018542425,0,Jaipur,nearest_canonical_atm_euclidean,
3291,47b40f44-e493-5f2d-b12c-8a7eb6ccd6f4,2023-10-27,0.001848491,0,Jaipur,nearest_canonical_atm_euclidean,
3292,8d9781e0-0f19-5e72-9add-8fe3b028bb83,2023-09-15,0.0018459853,0,Hyderabad,nearest_canonical_atm_euclidean,
3293,fbbc3df5-4722-57b4-9788-6244a82eaa45,2023-06-09,0.0018433866,0,Chennai,nearest_canonical_atm_euclidean,
3294,59fb71b7-27d2-56ae-87ab-548765379b67,2023-03-17,0.0018432304,0,Bengaluru,nearest_canonical_atm_euclidean,
3295,e3c72b40-457d-5627-b578-4da7a09c1fc1,2023-07-28,0.0018413259,0,New Delhi,nearest_canonical_atm_euclidean,
3296,642f4235-82f6-5143-8ea5-5048e8f0d80a,2023-06-23,0.0018400521,0,Hyderabad,nearest_canonical_atm_euclidean,
3297,7142d25c-5954-53f9-ba18-f95055901780,2023-11-24,0.0018396841,0,Bengaluru,nearest_canonical_atm_euclidean,
3298,182ddc72-62c6-5f3b-b7ae-935c5b5e605b,2023-12-15,0.0018386171,0,Jaipur,nearest_canonical_atm_euclidean,
3299,a9c5b13b-e31b-5d61-b111-d30041fcd1e9,2023-01-06,0.0018385086,0,Ahmedabad,nearest_canonical_atm_euclidean,
3300,dce0c68a-90eb-5756-908b-549f801f0816,2023-11-17,0.0018365558,0,Hyderabad,nearest_canonical_atm_euclidean,
3301,6ded4d28-8bc2-5507-85db-b9ec23a0756c,2023-11-17,0.0018360557,0,Mumbai,nearest_canonical_atm_euclidean,
3302,b41f1475-dca2-5dc1-938e-9543cd4de399,2023-04-21,0.0018332893,0,Ahmedabad,nearest_canonical_atm_euclidean,
3303,14f26062-7d75-550d-ae7d-50ad61eb0e1b,2023-04-28,0.0018328303,0,Jaipur,nearest_canonical_atm_euclidean,
3304,bbdf6837-aab5-5b4e-839e-9ee61eaea352,2023-11-17,0.0018325556,0,Mumbai,nearest_canonical_atm_euclidean,
3305,6110b5e8-c838-5a36-af9e-ceec51e0c409,2023-03-17,0.0018313332,0,New Delhi,nearest_canonical_atm_euclidean,
3306,3aa4e1f6-58c6-5cbb-a302-28689bbca879,2023-12-01,0.0018309662,0,Bengaluru,nearest_canonical_atm_euclidean,
3307,e3c72b40-457d-5627-b578-4da7a09c1fc1,2023-07-21,0.0018299827,0,New Delhi,nearest_canonical_atm_euclidean,
3308,b76d9deb-4963-5298-b5ab-e7aa1216e9a4,2023-09-01,0.0018296813,0,Kolkata,nearest_canonical_atm_euclidean,
3309,4aabdbdc-9536-5b73-bab4-7cbee9886fed,2023-11-10,0.0018281658,0,Hyderabad,nearest_canonical_atm_euclidean,
3310,051674e2-a8c4-5111-bf54-2c937a9c722a,2023-09-29,0.0018260421,0,New Delhi,nearest_canonical_atm_euclidean,
3311,0e83a772-d0c1-5d38-9f1f-4a51eb7ee575,2023-06-02,0.0018254627,0,Kolkata,nearest_canonical_atm_euclidean,
3312,9d88e52f-9303-5776-9acc-390b8ece126d,2023-10-13,0.0018238107,0,Chennai,nearest_canonical_atm_euclidean,
3313,06c1e399-5422-598e-8078-2622bf0dc842,2023-03-31,0.0018224872,0,Jaipur,nearest_canonical_atm_euclidean,
3314,9b0bfc62-59d8-573e-81b2-fee4669a409a,2023-07-14,0.0018191411,0,Hyderabad,nearest_canonical_atm_euclidean,
3315,aac4fab3-2fa2-532d-b442-87ce705ae9f3,2023-07-07,0.0018189377,0,Bengaluru,nearest_canonical_atm_euclidean,
3316,b41f1475-dca2-5dc1-938e-9543cd4de399,2023-08-04,0.0018146442,0,Ahmedabad,nearest_canonical_atm_euclidean,
3317,65a9af02-f38e-5bc1-a908-6a3a653df0fc,2023-12-15,0.0018144394,0,Ahmedabad,nearest_canonical_atm_euclidean,
3318,7aee3f20-61f3-58df-bbd1-af7d2ad4f502,2023-04-14,0.0018137055,0,Mumbai,nearest_canonical_atm_euclidean,
3319,f3b246fb-34cb-5d78-af2d-6a294c2857ba,2023-06-02,0.0018110409,0,Kolkata,nearest_canonical_atm_euclidean,
3320,08c99329-0e59-5327-8796-9fef243ca011,2023-06-23,0.0018110098,0,Bengaluru,nearest_canonical_atm_euclidean,
3321,ab7406b4-42c4-5a64-a99f-ed1e9a1912a6,2022-12-30,0.0018083939,0,Kolkata,nearest_canonical_atm_euclidean,
3322,7c1562ed-0c51-50a9-b83b-049fcdfe12b4,2023-06-16,0.0018068256,0,Jaipur,nearest_canonical_atm_euclidean,
3323,d05fbe4b-fcba-52a3-9d29-e0fce9ccdbd9,2023-06-09,0.0018030496,0,New Delhi,nearest_canonical_atm_euclidean,
3324,ce707439-e5cd-56de-8ce2-b3a7f8a910c5,2023-06-30,0.0018017251,0,Hyderabad,nearest_canonical_atm_euclidean,
3325,65a9af02-f38e-5bc1-a908-6a3a653df0fc,2023-07-07,0.0018007093,0,Ahmedabad,nearest_canonical_atm_euclidean,
3326,fceef9b3-9818-5d9c-9786-aa1ba0a869e2,2022-12-30,0.0017998213,0,Mumbai,nearest_canonical_atm_euclidean,
3327,47b40f44-e493-5f2d-b12c-8a7eb6ccd6f4,2023-09-08,0.0017967442,0,Jaipur,nearest_canonical_atm_euclidean,
3328,a5676c6d-3d3e-517c-81a9-86b85c039df1,2023-03-03,0.0017957834,0,Ahmedabad,nearest_canonical_atm_euclidean,
3329,06c1e399-5422-598e-8078-2622bf0dc842,2023-03-24,0.0017944502,0,Jaipur,nearest_canonical_atm_euclidean,
3330,800f26bb-ab13-53a8-8329-4e07a6b7cf1d,2023-02-10,0.0017943897,0,Mumbai,nearest_canonical_atm_euclidean,
3331,9b0bfc62-59d8-573e-81b2-fee4669a409a,2023-05-19,0.0017934298,0,Hyderabad,nearest_canonical_atm_euclidean,
3332,a5676c6d-3d3e-517c-81a9-86b85c039df1,2023-04-21,0.0017836516,0,Ahmedabad,nearest_canonical_atm_euclidean,
3333,6a5e8429-628a-5a7d-b3da-577e42cb4cd4,2023-06-09,0.0017801363,0,Bengaluru,nearest_canonical_atm_euclidean,
3334,7bb876b7-d98c-59b9-bfe7-5d6d8706898d,2023-05-26,0.0017793357,0,New Delhi,nearest_canonical_atm_euclidean,
3335,2ec2dfb2-1938-5797-bf2d-736d604948cb,2023-01-20,0.0017758165,0,Mumbai,nearest_canonical_atm_euclidean,
3336,bbdf6837-aab5-5b4e-839e-9ee61eaea352,2023-04-28,0.0017736305,0,Mumbai,nearest_canonical_atm_euclidean,
3337,9f8333ec-0af9-502c-8e87-21bd0e5ef301,2023-06-23,0.0017724548,0,Kolkata,nearest_canonical_atm_euclidean,
3338,f3b246fb-34cb-5d78-af2d-6a294c2857ba,2023-08-18,0.0017702668,0,Kolkata,nearest_canonical_atm_euclidean,
3339,38ef268a-dcd0-56f8-8c8f-954520b5c33b,2023-04-21,0.0017657602,0,Ahmedabad,nearest_canonical_atm_euclidean,
3340,34ff42c5-aa0c-58b5-b153-3aa920bff5c7,2023-09-08,0.0017647125,0,Chennai,nearest_canonical_atm_euclidean,
3341,a9c5b13b-e31b-5d61-b111-d30041fcd1e9,2023-01-13,0.0017630636,0,Ahmedabad,nearest_canonical_atm_euclidean,
3342,3aa4e1f6-58c6-5cbb-a302-28689bbca879,2023-10-06,0.0017605929,0,Bengaluru,nearest_canonical_atm_euclidean,
3343,182ddc72-62c6-5f3b-b7ae-935c5b5e605b,2023-08-18,0.0017593731,0,Jaipur,nearest_canonical_atm_euclidean,
3344,2e751f5b-ebe1-5162-b43d-482303a259e3,2023-04-07,0.0017572197,0,Kolkata,nearest_canonical_atm_euclidean,
3345,8279eaa3-c5e0-5a20-9db9-075ee86efeb4,2023-09-29,0.0017568986,0,Kolkata,nearest_canonical_atm_euclidean,
3346,e789fbe5-81bc-554f-9309-2f60d40df893,2023-02-17,0.0017562956,0,Kolkata,nearest_canonical_atm_euclidean,
3347,eade7219-66ba-5894-8964-9eff10228818,2023-05-19,0.0017529941,0,Jaipur,nearest_canonical_atm_euclidean,
3348,a9c5b13b-e31b-5d61-b111-d30041fcd1e9,2023-02-10,0.0017528664,0,Ahmedabad,nearest_canonical_atm_euclidean,
3349,d5f219b1-03da-5f87-a5da-607ea7af6899,2023-01-27,0.0017527447,0,Bengaluru,nearest_canonical_atm_euclidean,
3350,37d50aaa-0ca6-52fd-ba0f-a0c734b03d34,2023-11-17,0.0017526685,0,Mumbai,nearest_canonical_atm_euclidean,
3351,41174545-6f86-5ccc-94c0-7054225d58ad,2023-10-27,0.0017511009,0,Chennai,nearest_canonical_atm_euclidean,
3352,b73cca25-bce0-5c18-8339-4e08c62ff897,2023-10-13,0.00175088,0,Kolkata,nearest_canonical_atm_euclidean,
3353,f801c521-91da-5b20-88bb-185c236cf141,2023-02-17,0.0017493913,0,Jaipur,nearest_canonical_atm_euclidean,
3354,b2e6f33c-17a1-547b-a103-0541efcaee5d,2023-03-03,0.0017472359,0,Ahmedabad,nearest_canonical_atm_euclidean,
3355,e59ea14d-6014-54fe-bc4f-daf0d4c133e3,2023-04-21,0.0017428119,0,Ahmedabad,nearest_canonical_atm_euclidean,
3356,59684263-0e01-5fc5-9de6-966d650e19e5,2023-03-17,0.0017384165,0,Mumbai,nearest_canonical_atm_euclidean,
3357,328c3398-026a-5b82-ad02-8598a7d943ba,2023-02-10,0.0017370408,0,Bengaluru,nearest_canonical_atm_euclidean,
3358,ea588019-c786-57ab-8c8d-be7ada3e3273,2023-04-21,0.0017361192,0,Hyderabad,nearest_canonical_atm_euclidean,
3359,3b1e5d03-563a-5430-87b7-e281fa8f8af4,2023-02-24,0.0017355697,0,Mumbai,nearest_canonical_atm_euclidean,
3360,51f7f7da-0718-5063-91b2-d743096e78e1,2023-10-27,0.0017307559,0,Bengaluru,nearest_canonical_atm_euclidean,
3361,bbdf6837-aab5-5b4e-839e-9ee61eaea352,2023-08-04,0.0017302112,0,Mumbai,nearest_canonical_atm_euclidean,
3362,83a48d15-e769-5c36-ba85-663466038d79,2023-04-14,0.0017291567,0,Kolkata,nearest_canonical_atm_euclidean,
3363,0e83a772-d0c1-5d38-9f1f-4a51eb7ee575,2023-09-15,0.001729132,0,Kolkata,nearest_canonical_atm_euclidean,
3364,81697ea2-f5de-540b-a729-ead84b45e611,2023-04-14,0.0017260202,0,Mumbai,nearest_canonical_atm_euclidean,
3365,9adf3d58-2b6f-5de3-8510-5cc671d1d2e8,2023-09-22,0.001725694,0,Ahmedabad,nearest_canonical_atm_euclidean,
3366,67107270-efc6-529d-8ace-22395900dddc,2023-04-21,0.0017256128,0,Ahmedabad,nearest_canonical_atm_euclidean,
3367,ab7406b4-42c4-5a64-a99f-ed1e9a1912a6,2023-05-12,0.0017249417,0,Kolkata,nearest_canonical_atm_euclidean,
3368,91abf21e-5b5e-5823-b4f0-c5d40f77d717,2023-12-15,0.0017213622,0,New Delhi,nearest_canonical_atm_euclidean,
3369,7bb876b7-d98c-59b9-bfe7-5d6d8706898d,2023-04-14,0.0017172447,0,New Delhi,nearest_canonical_atm_euclidean,
3370,14f26062-7d75-550d-ae7d-50ad61eb0e1b,2023-10-27,0.0017143805,0,Jaipur,nearest_canonical_atm_euclidean,
3371,47b40f44-e493-5f2d-b12c-8a7eb6ccd6f4,2023-08-11,0.0017140971,0,Jaipur,nearest_canonical_atm_euclidean,
3372,1af29445-7edb-54fb-a987-f6ba18f4dcc3,2023-03-24,0.0017130449,0,Bengaluru,nearest_canonical_atm_euclidean,
3373,8d9781e0-0f19-5e72-9add-8fe3b028bb83,2023-10-06,0.0017115428,0,Hyderabad,nearest_canonical_atm_euclidean,
3374,2e751f5b-ebe1-5162-b43d-482303a259e3,2023-09-15,0.0017112299,0,Kolkata,nearest_canonical_atm_euclidean,
3375,7c1562ed-0c51-50a9-b83b-049fcdfe12b4,2023-05-19,0.0017112292,0,Jaipur,nearest_canonical_atm_euclidean,
3376,14f26062-7d75-550d-ae7d-50ad61eb0e1b,2023-07-07,0.0017112022,0,Jaipur,nearest_canonical_atm_euclidean,
3377,6110b5e8-c838-5a36-af9e-ceec51e0c409,2023-10-06,0.0017098066,0,New Delhi,nearest_canonical_atm_euclidean,
3378,47b40f44-e493-5f2d-b12c-8a7eb6ccd6f4,2023-08-04,0.0017093525,0,Jaipur,nearest_canonical_atm_euclidean,
3379,a891a4aa-b7cd-521d-928f-f58da9655ef5,2023-01-27,0.0017065314,0,Hyderabad,nearest_canonical_atm_euclidean,
3380,f9c8bdaf-f2d5-519b-81d4-759a53bf1015,2023-09-22,0.0017037513,0,Chennai,nearest_canonical_atm_euclidean,
3381,869d900f-916d-59fb-a1c5-980ea46f3005,2023-07-07,0.0016970912,0,Chennai,nearest_canonical_atm_euclidean,
3382,4cc4f0b0-6522-5752-8674-65bde1e7ee07,2023-09-01,0.0016935193,0,Hyderabad,nearest_canonical_atm_euclidean,
3383,8d9781e0-0f19-5e72-9add-8fe3b028bb83,2023-03-31,0.0016910504,0,Hyderabad,nearest_canonical_atm_euclidean,
3384,1ceabaf4-936c-5e09-9db4-955f82fbe69e,2023-08-11,0.0016910494,0,Bengaluru,nearest_canonical_atm_euclidean,
3385,964994af-c467-5422-8727-4914e98a9b1b,2023-10-20,0.0016906301,0,Hyderabad,nearest_canonical_atm_euclidean,
3386,47b40f44-e493-5f2d-b12c-8a7eb6ccd6f4,2023-10-13,0.0016872284,0,Jaipur,nearest_canonical_atm_euclidean,
3387,f801c521-91da-5b20-88bb-185c236cf141,2023-01-20,0.0016857849,0,Jaipur,nearest_canonical_atm_euclidean,
3388,59684263-0e01-5fc5-9de6-966d650e19e5,2023-10-13,0.0016851792,0,Mumbai,nearest_canonical_atm_euclidean,
3389,0e83a772-d0c1-5d38-9f1f-4a51eb7ee575,2023-09-29,0.0016841216,0,Kolkata,nearest_canonical_atm_euclidean,
3390,f9c8bdaf-f2d5-519b-81d4-759a53bf1015,2023-03-03,0.0016840918,0,Chennai,nearest_canonical_atm_euclidean,
3391,14f26062-7d75-550d-ae7d-50ad61eb0e1b,2023-01-27,0.0016799545,0,Jaipur,nearest_canonical_atm_euclidean,
3392,46d959a8-3a7a-51b4-a5d0-e6489f19d5ab,2023-01-20,0.0016788472,0,Ahmedabad,nearest_canonical_atm_euclidean,
3393,d69d9b0a-1678-5866-b094-3f5f19c0c205,2023-06-16,0.0016783734,0,Ahmedabad,nearest_canonical_atm_euclidean,
3394,81697ea2-f5de-540b-a729-ead84b45e611,2023-10-13,0.0016751415,0,Mumbai,nearest_canonical_atm_euclidean,
3395,34ff42c5-aa0c-58b5-b153-3aa920bff5c7,2023-09-15,0.0016747628,0,Chennai,nearest_canonical_atm_euclidean,
3396,b8864095-68a2-5748-a216-676e811b321c,2022-12-30,0.0016720521,0,Chennai,nearest_canonical_atm_euclidean,
3397,e59ea14d-6014-54fe-bc4f-daf0d4c133e3,2023-06-23,0.0016710995,0,Ahmedabad,nearest_canonical_atm_euclidean,
3398,f801c521-91da-5b20-88bb-185c236cf141,2023-11-24,0.0016708035,0,Jaipur,nearest_canonical_atm_euclidean,
3399,e2c14eb0-27b2-5683-922f-22f075a86d45,2023-06-02,0.0016706119,0,Kolkata,nearest_canonical_atm_euclidean,
3400,182ddc72-62c6-5f3b-b7ae-935c5b5e605b,2023-05-19,0.0016703526,0,Jaipur,nearest_canonical_atm_euclidean,
3401,65a9af02-f38e-5bc1-a908-6a3a653df0fc,2023-04-07,0.0016693217,0,Ahmedabad,nearest_canonical_atm_euclidean,
3402,81a02119-b06c-5fc0-b634-9f212b95825a,2023-01-27,0.0016677298,0,Hyderabad,nearest_canonical_atm_euclidean,
3403,06c1e399-5422-598e-8078-2622bf0dc842,2023-09-29,0.0016672132,0,Jaipur,nearest_canonical_atm_euclidean,
3404,6e2eb94c-abea-566d-881f-33304c81d95b,2023-06-23,0.0016649393,0,Hyderabad,nearest_canonical_atm_euclidean,
3405,cf923010-1ea8-516f-8a40-b3db95dce888,2023-05-12,0.0016619532,0,Chennai,nearest_canonical_atm_euclidean,
3406,bbdf6837-aab5-5b4e-839e-9ee61eaea352,2023-05-19,0.0016556034,0,Mumbai,nearest_canonical_atm_euclidean,
3407,fbbc3df5-4722-57b4-9788-6244a82eaa45,2023-06-23,0.0016534816,0,Chennai,nearest_canonical_atm_euclidean,
3408,964994af-c467-5422-8727-4914e98a9b1b,2023-11-10,0.0016531155,0,Hyderabad,nearest_canonical_atm_euclidean,
3409,dce0c68a-90eb-5756-908b-549f801f0816,2023-04-14,0.0016497507,0,Hyderabad,nearest_canonical_atm_euclidean,
3410,90bcf56f-15e8-5317-aff9-2bb508a1d03a,2023-12-01,0.0016475925,0,Chennai,nearest_canonical_atm_euclidean,
3411,38ef268a-dcd0-56f8-8c8f-954520b5c33b,2023-11-10,0.0016470655,0,Ahmedabad,nearest_canonical_atm_euclidean,
3412,bbdf6837-aab5-5b4e-839e-9ee61eaea352,2023-07-21,0.0016443846,0,Mumbai,nearest_canonical_atm_euclidean,
3413,b2e6f33c-17a1-547b-a103-0541efcaee5d,2023-06-16,0.0016405821,0,Ahmedabad,nearest_canonical_atm_euclidean,
3414,d69d9b0a-1678-5866-b094-3f5f19c0c205,2023-10-20,0.0016395412,0,Ahmedabad,nearest_canonical_atm_euclidean,
3415,83a48d15-e769-5c36-ba85-663466038d79,2023-05-19,0.0016385309,0,Kolkata,nearest_canonical_atm_euclidean,
3416,0e0b8e6c-f46a-5dce-b705-93abfbcedab7,2023-08-25,0.0016381246,0,New Delhi,nearest_canonical_atm_euclidean,
3417,ae9a45fc-c291-5efa-a2ad-8e3d969953d5,2023-10-20,0.0016365951,0,New Delhi,nearest_canonical_atm_euclidean,
3418,a2bdeeac-87ea-5acb-a121-647dd81616e4,2023-02-17,0.0016356278,0,Bengaluru,nearest_canonical_atm_euclidean,
3419,81a02119-b06c-5fc0-b634-9f212b95825a,2023-08-11,0.0016341179,0,Hyderabad,nearest_canonical_atm_euclidean,
3420,051674e2-a8c4-5111-bf54-2c937a9c722a,2023-12-01,0.0016338644,0,New Delhi,nearest_canonical_atm_euclidean,
3421,e2c14eb0-27b2-5683-922f-22f075a86d45,2023-09-08,0.0016313773,0,Kolkata,nearest_canonical_atm_euclidean,
3422,b8864095-68a2-5748-a216-676e811b321c,2023-03-24,0.0016288164,0,Chennai,nearest_canonical_atm_euclidean,
3423,aac4fab3-2fa2-532d-b442-87ce705ae9f3,2023-04-28,0.0016263786,0,Bengaluru,nearest_canonical_atm_euclidean,
3424,eade7219-66ba-5894-8964-9eff10228818,2023-08-18,0.0016197591,0,Jaipur,nearest_canonical_atm_euclidean,
3425,41174545-6f86-5ccc-94c0-7054225d58ad,2023-03-03,0.0016168717,0,Chennai,nearest_canonical_atm_euclidean,
3426,b8864095-68a2-5748-a216-676e811b321c,2023-01-27,0.0016151853,0,Chennai,nearest_canonical_atm_euclidean,
3427,5cbba4d0-3c52-5f68-9295-d2058d5ea946,2023-10-20,0.001614917,0,Mumbai,nearest_canonical_atm_euclidean,
3428,e59ea14d-6014-54fe-bc4f-daf0d4c133e3,2023-12-01,0.0016138102,0,Ahmedabad,nearest_canonical_atm_euclidean,
3429,a2bdeeac-87ea-5acb-a121-647dd81616e4,2023-05-26,0.0016132172,0,Bengaluru,nearest_canonical_atm_euclidean,
3430,c45eaf1f-d739-587d-8090-276bc5a6a01e,2023-09-01,0.0016122544,0,New Delhi,nearest_canonical_atm_euclidean,
3431,51f7f7da-0718-5063-91b2-d743096e78e1,2023-09-29,0.0016115729,0,Bengaluru,nearest_canonical_atm_euclidean,
3432,08c99329-0e59-5327-8796-9fef243ca011,2023-03-31,0.0016105735,0,Bengaluru,nearest_canonical_atm_euclidean,
3433,ab7406b4-42c4-5a64-a99f-ed1e9a1912a6,2023-12-15,0.0016095995,0,Kolkata,nearest_canonical_atm_euclidean,
3434,642f4235-82f6-5143-8ea5-5048e8f0d80a,2023-08-18,0.0016075769,0,Hyderabad,nearest_canonical_atm_euclidean,
3435,cf923010-1ea8-516f-8a40-b3db95dce888,2023-07-07,0.001604456,0,Chennai,nearest_canonical_atm_euclidean,
3436,7c1562ed-0c51-50a9-b83b-049fcdfe12b4,2023-09-08,0.0016029945,0,Jaipur,nearest_canonical_atm_euclidean,
3437,de2d188a-a433-5f4b-869a-2ffe30dfc6ab,2023-06-16,0.001601584,0,Ahmedabad,nearest_canonical_atm_euclidean,
3438,f801c521-91da-5b20-88bb-185c236cf141,2023-07-07,0.0016013532,0,Jaipur,nearest_canonical_atm_euclidean,
3439,ea588019-c786-57ab-8c8d-be7ada3e3273,2023-01-27,0.0015966668,0,Hyderabad,nearest_canonical_atm_euclidean,
3440,8d9781e0-0f19-5e72-9add-8fe3b028bb83,2023-04-28,0.0015966273,0,Hyderabad,nearest_canonical_atm_euclidean,
3441,b8864095-68a2-5748-a216-676e811b321c,2023-04-28,0.0015958021,0,Chennai,nearest_canonical_atm_euclidean,
3442,2e751f5b-ebe1-5162-b43d-482303a259e3,2023-05-19,0.0015944161,0,Kolkata,nearest_canonical_atm_euclidean,
3443,34ff42c5-aa0c-58b5-b153-3aa920bff5c7,2023-11-03,0.0015884013,0,Chennai,nearest_canonical_atm_euclidean,
3444,e3c72b40-457d-5627-b578-4da7a09c1fc1,2023-09-15,0.0015870513,0,New Delhi,nearest_canonical_atm_euclidean,
3445,1af29445-7edb-54fb-a987-f6ba18f4dcc3,2023-08-18,0.0015860966,0,Bengaluru,nearest_canonical_atm_euclidean,
3446,6110b5e8-c838-5a36-af9e-ceec51e0c409,2023-05-12,0.001586067,0,New Delhi,nearest_canonical_atm_euclidean,
3447,7c8a9fea-1f01-5794-b1f8-1f33bc77651b,2023-08-18,0.0015858911,0,New Delhi,nearest_canonical_atm_euclidean,
3448,b3dc96a5-31cc-51a8-a4bc-4d47da6df377,2023-05-05,0.0015849363,0,New Delhi,nearest_canonical_atm_euclidean,
3449,9e342a67-6e23-50e0-affc-c624e2da2f70,2023-12-15,0.0015836828,0,Mumbai,nearest_canonical_atm_euclidean,
3450,59684263-0e01-5fc5-9de6-966d650e19e5,2023-03-24,0.0015831912,0,Mumbai,nearest_canonical_atm_euclidean,
3451,07b1cb4d-de17-5ac2-a00b-02cf9e672ff0,2023-08-04,0.0015822283,0,Ahmedabad,nearest_canonical_atm_euclidean,
3452,4407e36e-71bc-5526-9a73-9f76e801cc45,2023-04-28,0.0015809311,0,Kolkata,nearest_canonical_atm_euclidean,
3453,863a1f8a-9358-5d83-a37a-ef1b3af72061,2023-03-10,0.0015806006,0,New Delhi,nearest_canonical_atm_euclidean,
3454,a2bdeeac-87ea-5acb-a121-647dd81616e4,2023-07-14,0.0015794452,0,Bengaluru,nearest_canonical_atm_euclidean,
3455,47b40f44-e493-5f2d-b12c-8a7eb6ccd6f4,2023-09-01,0.0015793858,0,Jaipur,nearest_canonical_atm_euclidean,
3456,6ded4d28-8bc2-5507-85db-b9ec23a0756c,2023-03-31,0.0015783665,0,Mumbai,nearest_canonical_atm_euclidean,
3457,6ded4d28-8bc2-5507-85db-b9ec23a0756c,2023-04-07,0.0015774972,0,Mumbai,nearest_canonical_atm_euclidean,
3458,91abf21e-5b5e-5823-b4f0-c5d40f77d717,2023-10-13,0.0015650048,0,New Delhi,nearest_canonical_atm_euclidean,
3459,7c1562ed-0c51-50a9-b83b-049fcdfe12b4,2023-11-03,0.0015642556,0,Jaipur,nearest_canonical_atm_euclidean,
3460,d3483408-08a1-5840-8a4f-e2a5d47c989b,2023-05-26,0.0015617494,0,Chennai,nearest_canonical_atm_euclidean,
3461,67107270-efc6-529d-8ace-22395900dddc,2023-10-20,0.0015602399,0,Ahmedabad,nearest_canonical_atm_euclidean,
3462,e3c72b40-457d-5627-b578-4da7a09c1fc1,2023-02-24,0.0015580916,0,New Delhi,nearest_canonical_atm_euclidean,
3463,f69a2a75-085f-5b60-b0c2-9aebccd78b03,2023-01-27,0.0015575902,0,Hyderabad,nearest_canonical_atm_euclidean,
3464,65a9af02-f38e-5bc1-a908-6a3a653df0fc,2023-11-17,0.0015571535,0,Ahmedabad,nearest_canonical_atm_euclidean,
3465,c4d45e66-af66-5d62-9ec1-a719ee0110b8,2023-04-14,0.0015546216,0,Bengaluru,nearest_canonical_atm_euclidean,
3466,34ff42c5-aa0c-58b5-b153-3aa920bff5c7,2023-01-06,0.0015510353,0,Chennai,nearest_canonical_atm_euclidean,
3467,b7c4c3b5-15ff-512b-bc9b-d52f3797f893,2023-07-14,0.0015481596,0,Chennai,nearest_canonical_atm_euclidean,
3468,1b131b05-4df1-5564-b4fd-6cb5e09cfdd5,2023-03-17,0.0015471058,0,Kolkata,nearest_canonical_atm_euclidean,
3469,ce707439-e5cd-56de-8ce2-b3a7f8a910c5,2023-07-28,0.0015450309,0,Hyderabad,nearest_canonical_atm_euclidean,
3470,afecdedf-a580-5453-aee1-cce5a1fc6571,2023-10-20,0.0015447713,0,Ahmedabad,nearest_canonical_atm_euclidean,
3471,a5676c6d-3d3e-517c-81a9-86b85c039df1,2023-04-14,0.0015446425,0,Ahmedabad,nearest_canonical_atm_euclidean,
3472,4cc4f0b0-6522-5752-8674-65bde1e7ee07,2023-06-16,0.001544555,0,Hyderabad,nearest_canonical_atm_euclidean,
3473,e3c72b40-457d-5627-b578-4da7a09c1fc1,2023-05-05,0.0015436515,0,New Delhi,nearest_canonical_atm_euclidean,
3474,8df3fb3f-36b9-5e62-b1aa-54e0ed960822,2023-03-17,0.001543642,0,Mumbai,nearest_canonical_atm_euclidean,
3475,cf923010-1ea8-516f-8a40-b3db95dce888,2023-01-06,0.0015431165,0,Chennai,nearest_canonical_atm_euclidean,
3476,ce707439-e5cd-56de-8ce2-b3a7f8a910c5,2022-12-30,0.0015428432,0,Hyderabad,nearest_canonical_atm_euclidean,
3477,7c1562ed-0c51-50a9-b83b-049fcdfe12b4,2023-09-22,0.0015414812,0,Jaipur,nearest_canonical_atm_euclidean,
3478,d69d9b0a-1678-5866-b094-3f5f19c0c205,2023-01-20,0.0015409976,0,Ahmedabad,nearest_canonical_atm_euclidean,
3479,328c3398-026a-5b82-ad02-8598a7d943ba,2023-03-24,0.0015404461,0,Bengaluru,nearest_canonical_atm_euclidean,
3480,4aabdbdc-9536-5b73-bab4-7cbee9886fed,2023-07-21,0.0015359401,0,Hyderabad,nearest_canonical_atm_euclidean,
3481,06c1e399-5422-598e-8078-2622bf0dc842,2023-04-07,0.0015323886,0,Jaipur,nearest_canonical_atm_euclidean,
3482,9b0bfc62-59d8-573e-81b2-fee4669a409a,2023-05-26,0.0015323726,0,Hyderabad,nearest_canonical_atm_euclidean,
3483,800f26bb-ab13-53a8-8329-4e07a6b7cf1d,2023-07-21,0.0015316572,0,Mumbai,nearest_canonical_atm_euclidean,
3484,81697ea2-f5de-540b-a729-ead84b45e611,2023-11-24,0.0015311089,0,Mumbai,nearest_canonical_atm_euclidean,
3485,4cc4f0b0-6522-5752-8674-65bde1e7ee07,2023-10-20,0.001530848,0,Hyderabad,nearest_canonical_atm_euclidean,
3486,59684263-0e01-5fc5-9de6-966d650e19e5,2023-06-02,0.00153056,0,Mumbai,nearest_canonical_atm_euclidean,
3487,644ec086-7a2f-56c1-8890-a0cf1371bb8f,2023-04-07,0.0015296472,0,Jaipur,nearest_canonical_atm_euclidean,
3488,1ceabaf4-936c-5e09-9db4-955f82fbe69e,2023-01-20,0.0015294709,0,Bengaluru,nearest_canonical_atm_euclidean,
3489,644ec086-7a2f-56c1-8890-a0cf1371bb8f,2023-10-06,0.0015284212,0,Jaipur,nearest_canonical_atm_euclidean,
3490,7c8fbbb0-7633-546c-b927-1accdba2044a,2023-01-27,0.0015265879,0,Chennai,nearest_canonical_atm_euclidean,
3491,a891a4aa-b7cd-521d-928f-f58da9655ef5,2023-05-26,0.00152545,0,Hyderabad,nearest_canonical_atm_euclidean,
3492,9d88e52f-9303-5776-9acc-390b8ece126d,2023-09-15,0.0015224281,0,Chennai,nearest_canonical_atm_euclidean,
3493,d69d9b0a-1678-5866-b094-3f5f19c0c205,2023-04-28,0.0015222332,0,Ahmedabad,nearest_canonical_atm_euclidean,
3494,b3dc96a5-31cc-51a8-a4bc-4d47da6df377,2023-09-15,0.0015202666,0,New Delhi,nearest_canonical_atm_euclidean,
3495,ea588019-c786-57ab-8c8d-be7ada3e3273,2023-07-21,0.0015195344,0,Hyderabad,nearest_canonical_atm_euclidean,
3496,b2e6f33c-17a1-547b-a103-0541efcaee5d,2023-08-25,0.0015181336,0,Ahmedabad,nearest_canonical_atm_euclidean,
3497,41adf9c7-e4f5-56f8-a964-fecf7428833b,2023-12-01,0.001517622,0,Jaipur,nearest_canonical_atm_euclidean,
3498,869d900f-916d-59fb-a1c5-980ea46f3005,2023-02-17,0.0015173437,0,Chennai,nearest_canonical_atm_euclidean,
3499,6110b5e8-c838-5a36-af9e-ceec51e0c409,2023-07-14,0.0015153224,0,New Delhi,nearest_canonical_atm_euclidean,
3500,f801c521-91da-5b20-88bb-185c236cf141,2023-03-24,0.001514769,0,Jaipur,nearest_canonical_atm_euclidean,
3501,3aa4e1f6-58c6-5cbb-a302-28689bbca879,2023-01-27,0.0015144849,0,Bengaluru,nearest_canonical_atm_euclidean,
3502,d89b2703-b172-5529-922c-4af9eb48d45f,2023-09-08,0.0015100245,0,New Delhi,nearest_canonical_atm_euclidean,
3503,c4d45e66-af66-5d62-9ec1-a719ee0110b8,2023-11-17,0.001509982,0,Bengaluru,nearest_canonical_atm_euclidean,
3504,b2e6f33c-17a1-547b-a103-0541efcaee5d,2023-10-06,0.001508856,0,Ahmedabad,nearest_canonical_atm_euclidean,
3505,9b0bfc62-59d8-573e-81b2-fee4669a409a,2023-03-10,0.0015076983,0,Hyderabad,nearest_canonical_atm_euclidean,
3506,41174545-6f86-5ccc-94c0-7054225d58ad,2023-09-22,0.001507544,0,Chennai,nearest_canonical_atm_euclidean,
3507,fceef9b3-9818-5d9c-9786-aa1ba0a869e2,2023-08-04,0.0015065768,0,Mumbai,nearest_canonical_atm_euclidean,
3508,7c8fbbb0-7633-546c-b927-1accdba2044a,2023-12-08,0.0015065116,0,Chennai,nearest_canonical_atm_euclidean,
3509,7142d25c-5954-53f9-ba18-f95055901780,2023-02-24,0.0015063208,0,Bengaluru,nearest_canonical_atm_euclidean,
3510,c45eaf1f-d739-587d-8090-276bc5a6a01e,2023-02-24,0.0015055628,0,New Delhi,nearest_canonical_atm_euclidean,
3511,41174545-6f86-5ccc-94c0-7054225d58ad,2023-11-17,0.0015054373,0,Chennai,nearest_canonical_atm_euclidean,
3512,f1f8d2d0-6ea3-5875-acce-a83a08547247,2023-04-28,0.0015051329,0,New Delhi,nearest_canonical_atm_euclidean,
3513,7142d25c-5954-53f9-ba18-f95055901780,2023-06-30,0.0015006042,0,Bengaluru,nearest_canonical_atm_euclidean,
3514,81a02119-b06c-5fc0-b634-9f212b95825a,2023-03-10,0.001493763,0,Hyderabad,nearest_canonical_atm_euclidean,
3515,8279eaa3-c5e0-5a20-9db9-075ee86efeb4,2023-07-07,0.0014928166,0,Kolkata,nearest_canonical_atm_euclidean,
3516,7af28f6a-7ed8-5ba7-97f0-f49875cbb077,2023-02-24,0.0014925401,0,Mumbai,nearest_canonical_atm_euclidean,
3517,964994af-c467-5422-8727-4914e98a9b1b,2023-04-28,0.0014898536,0,Hyderabad,nearest_canonical_atm_euclidean,
3518,6ded4d28-8bc2-5507-85db-b9ec23a0756c,2023-02-03,0.0014893437,0,Mumbai,nearest_canonical_atm_euclidean,
3519,f69a2a75-085f-5b60-b0c2-9aebccd78b03,2023-03-03,0.0014893154,0,Hyderabad,nearest_canonical_atm_euclidean,
3520,dce0c68a-90eb-5756-908b-549f801f0816,2023-01-06,0.00148772,0,Hyderabad,nearest_canonical_atm_euclidean,
3521,7142d25c-5954-53f9-ba18-f95055901780,2023-07-14,0.0014860838,0,Bengaluru,nearest_canonical_atm_euclidean,
3522,67107270-efc6-529d-8ace-22395900dddc,2023-04-07,0.0014857549,0,Ahmedabad,nearest_canonical_atm_euclidean,
3523,d69d9b0a-1678-5866-b094-3f5f19c0c205,2023-08-25,0.0014829144,0,Ahmedabad,nearest_canonical_atm_euclidean,
3524,6110b5e8-c838-5a36-af9e-ceec51e0c409,2023-09-15,0.0014820152,0,New Delhi,nearest_canonical_atm_euclidean,
3525,e3c72b40-457d-5627-b578-4da7a09c1fc1,2023-09-29,0.001480967,0,New Delhi,nearest_canonical_atm_euclidean,
3526,3e2afad7-44dc-5833-9826-b036621dee60,2023-05-19,0.0014800542,0,Jaipur,nearest_canonical_atm_euclidean,
3527,f801c521-91da-5b20-88bb-185c236cf141,2023-06-09,0.0014800223,0,Jaipur,nearest_canonical_atm_euclidean,
3528,c4d45e66-af66-5d62-9ec1-a719ee0110b8,2023-05-12,0.0014794674,0,Bengaluru,nearest_canonical_atm_euclidean,
3529,b73cca25-bce0-5c18-8339-4e08c62ff897,2023-07-21,0.0014731971,0,Kolkata,nearest_canonical_atm_euclidean,
3530,642f4235-82f6-5143-8ea5-5048e8f0d80a,2023-06-02,0.0014699734,0,Hyderabad,nearest_canonical_atm_euclidean,
3531,06c1e399-5422-598e-8078-2622bf0dc842,2023-11-03,0.0014688616,0,Jaipur,nearest_canonical_atm_euclidean,
3532,422e93c8-7fc2-5abd-bd82-7b2eb566f6e6,2023-02-03,0.001468379,0,Kolkata,nearest_canonical_atm_euclidean,
3533,ea588019-c786-57ab-8c8d-be7ada3e3273,2023-06-23,0.001467168,0,Hyderabad,nearest_canonical_atm_euclidean,
3534,5737401f-13a5-5335-9e4c-336a9e870086,2023-04-28,0.0014655462,0,Kolkata,nearest_canonical_atm_euclidean,
3535,0949a9d8-1c2f-5d53-bc48-6050d92fe35b,2023-02-03,0.0014640577,0,Bengaluru,nearest_canonical_atm_euclidean,
3536,8d9781e0-0f19-5e72-9add-8fe3b028bb83,2023-11-10,0.001463765,0,Hyderabad,nearest_canonical_atm_euclidean,
3537,de2d188a-a433-5f4b-869a-2ffe30dfc6ab,2023-01-20,0.0014620014,0,Ahmedabad,nearest_canonical_atm_euclidean,
3538,0949a9d8-1c2f-5d53-bc48-6050d92fe35b,2023-02-17,0.0014609373,0,Bengaluru,nearest_canonical_atm_euclidean,
3539,2ec2dfb2-1938-5797-bf2d-736d604948cb,2023-09-08,0.0014606223,0,Mumbai,nearest_canonical_atm_euclidean,
3540,fceef9b3-9818-5d9c-9786-aa1ba0a869e2,2023-07-28,0.0014573128,0,Mumbai,nearest_canonical_atm_euclidean,
3541,7aee3f20-61f3-58df-bbd1-af7d2ad4f502,2023-08-04,0.0014570429,0,Mumbai,nearest_canonical_atm_euclidean,
3542,869d900f-916d-59fb-a1c5-980ea46f3005,2023-12-01,0.0014568592,0,Chennai,nearest_canonical_atm_euclidean,
3543,51f7f7da-0718-5063-91b2-d743096e78e1,2023-08-04,0.0014568008,0,Bengaluru,nearest_canonical_atm_euclidean,
3544,9d88e52f-9303-5776-9acc-390b8ece126d,2023-06-09,0.0014562475,0,Chennai,nearest_canonical_atm_euclidean,
3545,34ff42c5-aa0c-58b5-b153-3aa920bff5c7,2023-04-21,0.0014553609,0,Chennai,nearest_canonical_atm_euclidean,
3546,34ff42c5-aa0c-58b5-b153-3aa920bff5c7,2023-06-09,0.0014538317,0,Chennai,nearest_canonical_atm_euclidean,
3547,b73cca25-bce0-5c18-8339-4e08c62ff897,2023-07-14,0.0014527391,0,Kolkata,nearest_canonical_atm_euclidean,
3548,51f7f7da-0718-5063-91b2-d743096e78e1,2023-05-19,0.0014420095,0,Bengaluru,nearest_canonical_atm_euclidean,
3549,b8864095-68a2-5748-a216-676e811b321c,2023-02-17,0.0014396763,0,Chennai,nearest_canonical_atm_euclidean,
3550,a9c5b13b-e31b-5d61-b111-d30041fcd1e9,2023-05-12,0.0014387169,0,Ahmedabad,nearest_canonical_atm_euclidean,
3551,67107270-efc6-529d-8ace-22395900dddc,2023-01-27,0.0014384647,0,Ahmedabad,nearest_canonical_atm_euclidean,
3552,4e782d22-24b2-5334-ad26-772dec5c36d3,2023-09-22,0.0014368964,0,Jaipur,nearest_canonical_atm_euclidean,
3553,e59ea14d-6014-54fe-bc4f-daf0d4c133e3,2023-02-03,0.0014354993,0,Ahmedabad,nearest_canonical_atm_euclidean,
3554,4aabdbdc-9536-5b73-bab4-7cbee9886fed,2023-03-10,0.0014353935,0,Hyderabad,nearest_canonical_atm_euclidean,
3555,7c8fbbb0-7633-546c-b927-1accdba2044a,2023-05-12,0.0014353435,0,Chennai,nearest_canonical_atm_euclidean,
3556,94effd11-8fd8-50af-8f4c-b5a629d11375,2023-01-20,0.001434607,0,Jaipur,nearest_canonical_atm_euclidean,
3557,f1f8d2d0-6ea3-5875-acce-a83a08547247,2023-04-14,0.0014338577,0,New Delhi,nearest_canonical_atm_euclidean,
3558,9b0bfc62-59d8-573e-81b2-fee4669a409a,2023-03-24,0.0014332782,0,Hyderabad,nearest_canonical_atm_euclidean,
3559,41174545-6f86-5ccc-94c0-7054225d58ad,2023-06-09,0.0014305196,0,Chennai,nearest_canonical_atm_euclidean,
3560,a891a4aa-b7cd-521d-928f-f58da9655ef5,2023-01-13,0.001429228,0,Hyderabad,nearest_canonical_atm_euclidean,
3561,9b0bfc62-59d8-573e-81b2-fee4669a409a,2023-02-17,0.0014290526,0,Hyderabad,nearest_canonical_atm_euclidean,
3562,23f00f1f-a233-5e89-8069-27d2584ad221,2023-09-08,0.0014269977,0,Hyderabad,nearest_canonical_atm_euclidean,
3563,b76d9deb-4963-5298-b5ab-e7aa1216e9a4,2023-08-04,0.0014268231,0,Kolkata,nearest_canonical_atm_euclidean,
3564,de2d188a-a433-5f4b-869a-2ffe30dfc6ab,2023-01-06,0.0014220544,0,Ahmedabad,nearest_canonical_atm_euclidean,
3565,e789fbe5-81bc-554f-9309-2f60d40df893,2023-03-31,0.0014213386,0,Kolkata,nearest_canonical_atm_euclidean,
3566,4407e36e-71bc-5526-9a73-9f76e801cc45,2023-06-02,0.0014209944,0,Kolkata,nearest_canonical_atm_euclidean,
3567,f69a2a75-085f-5b60-b0c2-9aebccd78b03,2023-03-31,0.0014165761,0,Hyderabad,nearest_canonical_atm_euclidean,
3568,de2d188a-a433-5f4b-869a-2ffe30dfc6ab,2023-03-31,0.0014160224,0,Ahmedabad,nearest_canonical_atm_euclidean,
3569,aac4fab3-2fa2-532d-b442-87ce705ae9f3,2023-08-18,0.0014151206,0,Bengaluru,nearest_canonical_atm_euclidean,
3570,c991fb7a-f5c2-5464-b968-538bf5c140df,2023-09-29,0.0014146179,0,Mumbai,nearest_canonical_atm_euclidean,
3571,7af28f6a-7ed8-5ba7-97f0-f49875cbb077,2023-04-28,0.0014145721,0,Mumbai,nearest_canonical_atm_euclidean,
3572,91abf21e-5b5e-5823-b4f0-c5d40f77d717,2023-11-17,0.0014132619,0,New Delhi,nearest_canonical_atm_euclidean,
3573,90bcf56f-15e8-5317-aff9-2bb508a1d03a,2023-04-21,0.0014128151,0,Chennai,nearest_canonical_atm_euclidean,
3574,46d959a8-3a7a-51b4-a5d0-e6489f19d5ab,2023-11-24,0.0014100865,0,Ahmedabad,nearest_canonical_atm_euclidean,
3575,e3c72b40-457d-5627-b578-4da7a09c1fc1,2023-12-08,0.0014087952,0,New Delhi,nearest_canonical_atm_euclidean,
3576,e59ea14d-6014-54fe-bc4f-daf0d4c133e3,2023-05-19,0.0014087785,0,Ahmedabad,nearest_canonical_atm_euclidean,
3577,8d9781e0-0f19-5e72-9add-8fe3b028bb83,2023-05-19,0.0014076763,0,Hyderabad,nearest_canonical_atm_euclidean,
3578,9ec9c0ef-9209-5a42-84e8-2013032e9b9e,2023-03-17,0.0014076415,0,Chennai,nearest_canonical_atm_euclidean,
3579,e3c72b40-457d-5627-b578-4da7a09c1fc1,2023-04-28,0.0014014856,0,New Delhi,nearest_canonical_atm_euclidean,
3580,59fb71b7-27d2-56ae-87ab-548765379b67,2023-08-25,0.0014010733,0,Bengaluru,nearest_canonical_atm_euclidean,
3581,14e22c3d-5500-5971-b937-f612a3b05543,2023-05-19,0.0013977195,0,Chennai,nearest_canonical_atm_euclidean,
3582,b41f1475-dca2-5dc1-938e-9543cd4de399,2023-11-24,0.0013949941,0,Ahmedabad,nearest_canonical_atm_euclidean,
3583,d05fbe4b-fcba-52a3-9d29-e0fce9ccdbd9,2023-07-14,0.0013946121,0,New Delhi,nearest_canonical_atm_euclidean,
3584,46d959a8-3a7a-51b4-a5d0-e6489f19d5ab,2023-09-15,0.0013940153,0,Ahmedabad,nearest_canonical_atm_euclidean,
3585,b8864095-68a2-5748-a216-676e811b321c,2023-03-10,0.001393461,0,Chennai,nearest_canonical_atm_euclidean,
3586,5737401f-13a5-5335-9e4c-336a9e870086,2023-12-15,0.0013917033,0,Kolkata,nearest_canonical_atm_euclidean,
3587,2ec2dfb2-1938-5797-bf2d-736d604948cb,2023-06-02,0.0013905182,0,Mumbai,nearest_canonical_atm_euclidean,
3588,f801c521-91da-5b20-88bb-185c236cf141,2023-10-06,0.0013903454,0,Jaipur,nearest_canonical_atm_euclidean,
3589,cf923010-1ea8-516f-8a40-b3db95dce888,2023-05-26,0.0013892653,0,Chennai,nearest_canonical_atm_euclidean,
3590,51f7f7da-0718-5063-91b2-d743096e78e1,2023-11-03,0.0013878953,0,Bengaluru,nearest_canonical_atm_euclidean,
3591,8df3fb3f-36b9-5e62-b1aa-54e0ed960822,2023-03-03,0.0013874737,0,Mumbai,nearest_canonical_atm_euclidean,
3592,38ef268a-dcd0-56f8-8c8f-954520b5c33b,2023-02-03,0.0013873818,0,Ahmedabad,nearest_canonical_atm_euclidean,
3593,91abf21e-5b5e-5823-b4f0-c5d40f77d717,2023-05-19,0.0013870695,0,New Delhi,nearest_canonical_atm_euclidean,
3594,a9c5b13b-e31b-5d61-b111-d30041fcd1e9,2023-06-02,0.0013870655,0,Ahmedabad,nearest_canonical_atm_euclidean,
3595,4407e36e-71bc-5526-9a73-9f76e801cc45,2023-11-03,0.0013863218,0,Kolkata,nearest_canonical_atm_euclidean,
3596,ba44c170-601e-501e-a74f-77b6e98cae26,2023-04-07,0.0013858038,0,Hyderabad,nearest_canonical_atm_euclidean,
3597,5737401f-13a5-5335-9e4c-336a9e870086,2023-11-17,0.0013853441,0,Kolkata,nearest_canonical_atm_euclidean,
3598,0e0b8e6c-f46a-5dce-b705-93abfbcedab7,2023-09-15,0.0013851488,0,New Delhi,nearest_canonical_atm_euclidean,
3599,7c1562ed-0c51-50a9-b83b-049fcdfe12b4,2023-04-21,0.0013829555,0,Jaipur,nearest_canonical_atm_euclidean,
3600,38ef268a-dcd0-56f8-8c8f-954520b5c33b,2023-06-02,0.0013820574,0,Ahmedabad,nearest_canonical_atm_euclidean,
3601,4407e36e-71bc-5526-9a73-9f76e801cc45,2023-03-31,0.001381668,0,Kolkata,nearest_canonical_atm_euclidean,
3602,bbdf6837-aab5-5b4e-839e-9ee61eaea352,2023-09-08,0.001380676,0,Mumbai,nearest_canonical_atm_euclidean,
3603,182ddc72-62c6-5f3b-b7ae-935c5b5e605b,2023-06-02,0.0013783487,0,Jaipur,nearest_canonical_atm_euclidean,
3604,b8864095-68a2-5748-a216-676e811b321c,2023-11-10,0.0013777872,0,Chennai,nearest_canonical_atm_euclidean,
3605,afecdedf-a580-5453-aee1-cce5a1fc6571,2023-10-27,0.001375648,0,Ahmedabad,nearest_canonical_atm_euclidean,
3606,7af28f6a-7ed8-5ba7-97f0-f49875cbb077,2023-12-08,0.0013745191,0,Mumbai,nearest_canonical_atm_euclidean,
3607,47b40f44-e493-5f2d-b12c-8a7eb6ccd6f4,2023-09-15,0.0013737816,0,Jaipur,nearest_canonical_atm_euclidean,
3608,ba44c170-601e-501e-a74f-77b6e98cae26,2023-01-06,0.0013733343,0,Hyderabad,nearest_canonical_atm_euclidean,
3609,a2bdeeac-87ea-5acb-a121-647dd81616e4,2023-11-24,0.0013728524,0,Bengaluru,nearest_canonical_atm_euclidean,
3610,6ded4d28-8bc2-5507-85db-b9ec23a0756c,2023-08-18,0.001371326,0,Mumbai,nearest_canonical_atm_euclidean,
3611,a9c5b13b-e31b-5d61-b111-d30041fcd1e9,2023-10-13,0.0013707099,0,Ahmedabad,nearest_canonical_atm_euclidean,
3612,c1ef55eb-7ba3-5dca-9329-fa76b3327004,2023-09-29,0.0013677725,0,Chennai,nearest_canonical_atm_euclidean,
3613,2e751f5b-ebe1-5162-b43d-482303a259e3,2023-06-09,0.001366261,0,Kolkata,nearest_canonical_atm_euclidean,
3614,d05fbe4b-fcba-52a3-9d29-e0fce9ccdbd9,2023-10-13,0.0013661152,0,New Delhi,nearest_canonical_atm_euclidean,
3615,91abf21e-5b5e-5823-b4f0-c5d40f77d717,2023-07-14,0.0013630417,0,New Delhi,nearest_canonical_atm_euclidean,
3616,9adf3d58-2b6f-5de3-8510-5cc671d1d2e8,2023-07-14,0.001362773,0,Ahmedabad,nearest_canonical_atm_euclidean,
3617,08c99329-0e59-5327-8796-9fef243ca011,2023-10-20,0.0013625381,0,Bengaluru,nearest_canonical_atm_euclidean,
3618,d3483408-08a1-5840-8a4f-e2a5d47c989b,2023-04-14,0.0013614044,0,Chennai,nearest_canonical_atm_euclidean,
3619,06c1e399-5422-598e-8078-2622bf0dc842,2023-06-30,0.0013603417,0,Jaipur,nearest_canonical_atm_euclidean,
3620,c1ef55eb-7ba3-5dca-9329-fa76b3327004,2023-03-17,0.001359661,0,Chennai,nearest_canonical_atm_euclidean,
3621,b8864095-68a2-5748-a216-676e811b321c,2023-05-05,0.0013596339,0,Chennai,nearest_canonical_atm_euclidean,
3622,7bb876b7-d98c-59b9-bfe7-5d6d8706898d,2023-05-19,0.0013577453,0,New Delhi,nearest_canonical_atm_euclidean,
3623,7af28f6a-7ed8-5ba7-97f0-f49875cbb077,2023-05-12,0.0013567448,0,Mumbai,nearest_canonical_atm_euclidean,
3624,1af29445-7edb-54fb-a987-f6ba18f4dcc3,2023-04-21,0.0013561177,0,Bengaluru,nearest_canonical_atm_euclidean,
3625,b76d9deb-4963-5298-b5ab-e7aa1216e9a4,2023-01-06,0.0013547621,0,Kolkata,nearest_canonical_atm_euclidean,
3626,9adf3d58-2b6f-5de3-8510-5cc671d1d2e8,2023-11-10,0.0013539508,0,Ahmedabad,nearest_canonical_atm_euclidean,
3627,cf923010-1ea8-516f-8a40-b3db95dce888,2023-06-23,0.0013539114,0,Chennai,nearest_canonical_atm_euclidean,
3628,869d900f-916d-59fb-a1c5-980ea46f3005,2023-09-01,0.0013518493,0,Chennai,nearest_canonical_atm_euclidean,
3629,a891a4aa-b7cd-521d-928f-f58da9655ef5,2023-03-24,0.0013497852,0,Hyderabad,nearest_canonical_atm_euclidean,
3630,964994af-c467-5422-8727-4914e98a9b1b,2023-12-08,0.0013492698,0,Hyderabad,nearest_canonical_atm_euclidean,
3631,06c1e399-5422-598e-8078-2622bf0dc842,2023-08-11,0.001348506,0,Jaipur,nearest_canonical_atm_euclidean,
3632,964994af-c467-5422-8727-4914e98a9b1b,2023-01-20,0.0013466034,0,Hyderabad,nearest_canonical_atm_euclidean,
3633,c1ef55eb-7ba3-5dca-9329-fa76b3327004,2023-01-20,0.0013453631,0,Chennai,nearest_canonical_atm_euclidean,
3634,46d959a8-3a7a-51b4-a5d0-e6489f19d5ab,2023-06-23,0.0013445222,0,Ahmedabad,nearest_canonical_atm_euclidean,
3635,b2e6f33c-17a1-547b-a103-0541efcaee5d,2023-09-22,0.0013445056,0,Ahmedabad,nearest_canonical_atm_euclidean,
3636,7142d25c-5954-53f9-ba18-f95055901780,2022-12-30,0.0013432308,0,Bengaluru,nearest_canonical_atm_euclidean,
3637,b41f1475-dca2-5dc1-938e-9543cd4de399,2023-11-17,0.0013432148,0,Ahmedabad,nearest_canonical_atm_euclidean,
3638,1d7d8374-7d25-5244-9349-2dba7c91bf60,2023-08-04,0.0013422966,0,Ahmedabad,nearest_canonical_atm_euclidean,
3639,422e93c8-7fc2-5abd-bd82-7b2eb566f6e6,2023-03-10,0.0013421752,0,Kolkata,nearest_canonical_atm_euclidean,
3640,fbbc3df5-4722-57b4-9788-6244a82eaa45,2023-05-26,0.0013414519,0,Chennai,nearest_canonical_atm_euclidean,
3641,d69d9b0a-1678-5866-b094-3f5f19c0c205,2023-04-21,0.0013414166,0,Ahmedabad,nearest_canonical_atm_euclidean,
3642,4e782d22-24b2-5334-ad26-772dec5c36d3,2023-11-24,0.0013380151,0,Jaipur,nearest_canonical_atm_euclidean,
3643,4cc4f0b0-6522-5752-8674-65bde1e7ee07,2023-04-28,0.0013364995,0,Hyderabad,nearest_canonical_atm_euclidean,
3644,38ef268a-dcd0-56f8-8c8f-954520b5c33b,2023-11-03,0.0013357557,0,Ahmedabad,nearest_canonical_atm_euclidean,
3645,91abf21e-5b5e-5823-b4f0-c5d40f77d717,2023-09-01,0.0013356183,0,New Delhi,nearest_canonical_atm_euclidean,
3646,ab7406b4-42c4-5a64-a99f-ed1e9a1912a6,2023-07-07,0.0013348368,0,Kolkata,nearest_canonical_atm_euclidean,
3647,e59ea14d-6014-54fe-bc4f-daf0d4c133e3,2023-08-18,0.0013332411,0,Ahmedabad,nearest_canonical_atm_euclidean,
3648,4e782d22-24b2-5334-ad26-772dec5c36d3,2023-01-27,0.0013328196,0,Jaipur,nearest_canonical_atm_euclidean,
3649,a891a4aa-b7cd-521d-928f-f58da9655ef5,2023-11-03,0.0013313537,0,Hyderabad,nearest_canonical_atm_euclidean,
3650,de2d188a-a433-5f4b-869a-2ffe30dfc6ab,2023-09-29,0.001331088,0,Ahmedabad,nearest_canonical_atm_euclidean,
3651,1d7d8374-7d25-5244-9349-2dba7c91bf60,2023-06-16,0.0013305544,0,Ahmedabad,nearest_canonical_atm_euclidean,
3652,90bcf56f-15e8-5317-aff9-2bb508a1d03a,2023-04-28,0.0013293688,0,Chennai,nearest_canonical_atm_euclidean,
3653,51f7f7da-0718-5063-91b2-d743096e78e1,2023-06-09,0.0013293315,0,Bengaluru,nearest_canonical_atm_euclidean,
3654,ab7406b4-42c4-5a64-a99f-ed1e9a1912a6,2023-07-14,0.001328372,0,Kolkata,nearest_canonical_atm_euclidean,
3655,9e342a67-6e23-50e0-affc-c624e2da2f70,2023-08-18,0.0013282361,0,Mumbai,nearest_canonical_atm_euclidean,
3656,ba44c170-601e-501e-a74f-77b6e98cae26,2023-03-31,0.001325985,0,Hyderabad,nearest_canonical_atm_euclidean,
3657,4cc4f0b0-6522-5752-8674-65bde1e7ee07,2023-04-14,0.0013245334,0,Hyderabad,nearest_canonical_atm_euclidean,
3658,fbbc3df5-4722-57b4-9788-6244a82eaa45,2023-05-19,0.0013228763,0,Chennai,nearest_canonical_atm_euclidean,
3659,14f26062-7d75-550d-ae7d-50ad61eb0e1b,2023-02-24,0.0013198459,0,Jaipur,nearest_canonical_atm_euclidean,
3660,51f7f7da-0718-5063-91b2-d743096e78e1,2023-12-08,0.0013196995,0,Bengaluru,nearest_canonical_atm_euclidean,
3661,41adf9c7-e4f5-56f8-a964-fecf7428833b,2023-03-03,0.0013181462,0,Jaipur,nearest_canonical_atm_euclidean,
3662,bbdf6837-aab5-5b4e-839e-9ee61eaea352,2023-08-18,0.0013174635,0,Mumbai,nearest_canonical_atm_euclidean,
3663,81a02119-b06c-5fc0-b634-9f212b95825a,2023-02-03,0.0013126251,0,Hyderabad,nearest_canonical_atm_euclidean,
3664,37d50aaa-0ca6-52fd-ba0f-a0c734b03d34,2023-04-07,0.001306867,0,Mumbai,nearest_canonical_atm_euclidean,
3665,7aee3f20-61f3-58df-bbd1-af7d2ad4f502,2023-10-06,0.0013063728,0,Mumbai,nearest_canonical_atm_euclidean,
3666,37d50aaa-0ca6-52fd-ba0f-a0c734b03d34,2023-05-26,0.0013053524,0,Mumbai,nearest_canonical_atm_euclidean,
3667,7c8fbbb0-7633-546c-b927-1accdba2044a,2023-05-19,0.0013049433,0,Chennai,nearest_canonical_atm_euclidean,
3668,8279eaa3-c5e0-5a20-9db9-075ee86efeb4,2023-05-19,0.0013042476,0,Kolkata,nearest_canonical_atm_euclidean,
3669,dce0c68a-90eb-5756-908b-549f801f0816,2023-12-01,0.0012960822,0,Hyderabad,nearest_canonical_atm_euclidean,
3670,38ef268a-dcd0-56f8-8c8f-954520b5c33b,2023-12-08,0.0012935225,0,Ahmedabad,nearest_canonical_atm_euclidean,
3671,4e782d22-24b2-5334-ad26-772dec5c36d3,2023-03-24,0.0012932054,0,Jaipur,nearest_canonical_atm_euclidean,
3672,a2bdeeac-87ea-5acb-a121-647dd81616e4,2023-06-30,0.001293105,0,Bengaluru,nearest_canonical_atm_euclidean,
3673,182ddc72-62c6-5f3b-b7ae-935c5b5e605b,2023-01-13,0.0012919485,0,Jaipur,nearest_canonical_atm_euclidean,
3674,1d7d8374-7d25-5244-9349-2dba7c91bf60,2023-09-29,0.0012907598,0,Ahmedabad,nearest_canonical_atm_euclidean,
3675,e59ea14d-6014-54fe-bc4f-daf0d4c133e3,2023-02-10,0.0012905464,0,Ahmedabad,nearest_canonical_atm_euclidean,
3676,8d9781e0-0f19-5e72-9add-8fe3b028bb83,2023-02-03,0.0012895112,0,Hyderabad,nearest_canonical_atm_euclidean,
3677,f9c8bdaf-f2d5-519b-81d4-759a53bf1015,2023-12-01,0.0012888047,0,Chennai,nearest_canonical_atm_euclidean,
3678,f9c8bdaf-f2d5-519b-81d4-759a53bf1015,2023-01-27,0.0012878629,0,Chennai,nearest_canonical_atm_euclidean,
3679,08c99329-0e59-5327-8796-9fef243ca011,2023-06-16,0.001285587,0,Bengaluru,nearest_canonical_atm_euclidean,
3680,1d7d8374-7d25-5244-9349-2dba7c91bf60,2023-05-19,0.0012845069,0,Ahmedabad,nearest_canonical_atm_euclidean,
3681,5773a83b-9871-5a2d-b54c-7edfa60ab72d,2023-03-17,0.001283267,0,Jaipur,nearest_canonical_atm_euclidean,
3682,07b1cb4d-de17-5ac2-a00b-02cf9e672ff0,2023-08-25,0.0012811371,0,Ahmedabad,nearest_canonical_atm_euclidean,
3683,7c8a9fea-1f01-5794-b1f8-1f33bc77651b,2023-01-20,0.0012801016,0,New Delhi,nearest_canonical_atm_euclidean,
3684,b41f1475-dca2-5dc1-938e-9543cd4de399,2023-04-14,0.0012792856,0,Ahmedabad,nearest_canonical_atm_euclidean,
3685,d69d9b0a-1678-5866-b094-3f5f19c0c205,2023-04-14,0.0012791253,0,Ahmedabad,nearest_canonical_atm_euclidean,
3686,90bcf56f-15e8-5317-aff9-2bb508a1d03a,2023-09-22,0.001278995,0,Chennai,nearest_canonical_atm_euclidean,
3687,9b0bfc62-59d8-573e-81b2-fee4669a409a,2023-10-13,0.0012775516,0,Hyderabad,nearest_canonical_atm_euclidean,
3688,ea588019-c786-57ab-8c8d-be7ada3e3273,2022-12-30,0.0012772938,0,Hyderabad,nearest_canonical_atm_euclidean,
3689,d05fbe4b-fcba-52a3-9d29-e0fce9ccdbd9,2023-05-05,0.0012771399,0,New Delhi,nearest_canonical_atm_euclidean,
3690,47b40f44-e493-5f2d-b12c-8a7eb6ccd6f4,2023-05-12,0.0012770073,0,Jaipur,nearest_canonical_atm_euclidean,
3691,de2d188a-a433-5f4b-869a-2ffe30dfc6ab,2023-02-10,0.0012765542,0,Ahmedabad,nearest_canonical_atm_euclidean,
3692,9ec9c0ef-9209-5a42-84e8-2013032e9b9e,2023-02-03,0.0012744088,0,Chennai,nearest_canonical_atm_euclidean,
3693,aac4fab3-2fa2-532d-b442-87ce705ae9f3,2023-10-20,0.0012730288,0,Bengaluru,nearest_canonical_atm_euclidean,
3694,8279eaa3-c5e0-5a20-9db9-075ee86efeb4,2023-06-02,0.0012682907,0,Kolkata,nearest_canonical_atm_euclidean,
3695,6110b5e8-c838-5a36-af9e-ceec51e0c409,2023-04-14,0.0012682568,0,New Delhi,nearest_canonical_atm_euclidean,
3696,d05fbe4b-fcba-52a3-9d29-e0fce9ccdbd9,2023-10-27,0.0012679332,0,New Delhi,nearest_canonical_atm_euclidean,
3697,d69d9b0a-1678-5866-b094-3f5f19c0c205,2023-06-02,0.0012667201,0,Ahmedabad,nearest_canonical_atm_euclidean,
3698,41174545-6f86-5ccc-94c0-7054225d58ad,2023-02-10,0.0012659174,0,Chennai,nearest_canonical_atm_euclidean,
3699,9b0bfc62-59d8-573e-81b2-fee4669a409a,2023-06-23,0.0012657534,0,Hyderabad,nearest_canonical_atm_euclidean,
3700,d3483408-08a1-5840-8a4f-e2a5d47c989b,2023-01-13,0.0012648742,0,Chennai,nearest_canonical_atm_euclidean,
3701,b2e6f33c-17a1-547b-a103-0541efcaee5d,2023-03-31,0.0012641439,0,Ahmedabad,nearest_canonical_atm_euclidean,
3702,81697ea2-f5de-540b-a729-ead84b45e611,2023-04-28,0.0012625314,0,Mumbai,nearest_canonical_atm_euclidean,
3703,1b131b05-4df1-5564-b4fd-6cb5e09cfdd5,2023-04-07,0.0012619958,0,Kolkata,nearest_canonical_atm_euclidean,
3704,ab7406b4-42c4-5a64-a99f-ed1e9a1912a6,2023-07-28,0.0012595796,0,Kolkata,nearest_canonical_atm_euclidean,
3705,14e22c3d-5500-5971-b937-f612a3b05543,2023-06-30,0.0012587035,0,Chennai,nearest_canonical_atm_euclidean,
3706,dce0c68a-90eb-5756-908b-549f801f0816,2023-12-08,0.0012586387,0,Hyderabad,nearest_canonical_atm_euclidean,
3707,1ceabaf4-936c-5e09-9db4-955f82fbe69e,2023-04-21,0.0012586147,0,Bengaluru,nearest_canonical_atm_euclidean,
3708,b7c4c3b5-15ff-512b-bc9b-d52f3797f893,2023-10-13,0.0012580197,0,Chennai,nearest_canonical_atm_euclidean,
3709,3aa4e1f6-58c6-5cbb-a302-28689bbca879,2023-09-15,0.0012580042,0,Bengaluru,nearest_canonical_atm_euclidean,
3710,7c8a9fea-1f01-5794-b1f8-1f33bc77651b,2023-04-14,0.0012573213,0,New Delhi,nearest_canonical_atm_euclidean,
3711,0e83a772-d0c1-5d38-9f1f-4a51eb7ee575,2023-12-08,0.0012551431,0,Kolkata,nearest_canonical_atm_euclidean,
3712,e2c14eb0-27b2-5683-922f-22f075a86d45,2023-05-26,0.0012538878,0,Kolkata,nearest_canonical_atm_euclidean,
3713,b3dc96a5-31cc-51a8-a4bc-4d47da6df377,2023-10-06,0.0012538824,0,New Delhi,nearest_canonical_atm_euclidean,
3714,c1ef55eb-7ba3-5dca-9329-fa76b3327004,2023-06-02,0.0012533726,0,Chennai,nearest_canonical_atm_euclidean,
3715,8d9781e0-0f19-5e72-9add-8fe3b028bb83,2023-05-05,0.0012521615,0,Hyderabad,nearest_canonical_atm_euclidean,
3716,ab7406b4-42c4-5a64-a99f-ed1e9a1912a6,2023-11-10,0.001250572,0,Kolkata,nearest_canonical_atm_euclidean,
3717,de2d188a-a433-5f4b-869a-2ffe30dfc6ab,2023-05-26,0.0012496184,0,Ahmedabad,nearest_canonical_atm_euclidean,
3718,dce0c68a-90eb-5756-908b-549f801f0816,2023-01-27,0.0012495856,1,Hyderabad,nearest_canonical_atm_euclidean,
3719,a5676c6d-3d3e-517c-81a9-86b85c039df1,2023-09-22,0.0012459953,0,Ahmedabad,nearest_canonical_atm_euclidean,
3720,ba44c170-601e-501e-a74f-77b6e98cae26,2023-02-24,0.0012459946,0,Hyderabad,nearest_canonical_atm_euclidean,
3721,800f26bb-ab13-53a8-8329-4e07a6b7cf1d,2023-08-11,0.0012439076,0,Mumbai,nearest_canonical_atm_euclidean,
3722,dce0c68a-90eb-5756-908b-549f801f0816,2023-08-11,0.001243715,0,Hyderabad,nearest_canonical_atm_euclidean,
3723,422e93c8-7fc2-5abd-bd82-7b2eb566f6e6,2023-07-28,0.0012435261,0,Kolkata,nearest_canonical_atm_euclidean,
3724,aac4fab3-2fa2-532d-b442-87ce705ae9f3,2023-11-03,0.0012430152,0,Bengaluru,nearest_canonical_atm_euclidean,
3725,1ceabaf4-936c-5e09-9db4-955f82fbe69e,2023-05-12,0.0012430128,0,Bengaluru,nearest_canonical_atm_euclidean,
3726,9f8333ec-0af9-502c-8e87-21bd0e5ef301,2023-03-31,0.0012423842,0,Kolkata,nearest_canonical_atm_euclidean,
3727,d96fb612-761a-52d1-8bfd-a2368e7f9fd3,2023-11-10,0.0012411842,0,Jaipur,nearest_canonical_atm_euclidean,
3728,f69a2a75-085f-5b60-b0c2-9aebccd78b03,2023-11-24,0.0012405029,0,Hyderabad,nearest_canonical_atm_euclidean,
3729,1d7d8374-7d25-5244-9349-2dba7c91bf60,2023-11-24,0.0012400841,0,Ahmedabad,nearest_canonical_atm_euclidean,
3730,422e93c8-7fc2-5abd-bd82-7b2eb566f6e6,2023-08-11,0.0012368644,0,Kolkata,nearest_canonical_atm_euclidean,
3731,d69d9b0a-1678-5866-b094-3f5f19c0c205,2023-09-15,0.0012355326,0,Ahmedabad,nearest_canonical_atm_euclidean,
3732,4aabdbdc-9536-5b73-bab4-7cbee9886fed,2023-01-06,0.001234545,0,Hyderabad,nearest_canonical_atm_euclidean,
3733,182ddc72-62c6-5f3b-b7ae-935c5b5e605b,2023-05-05,0.0012341348,0,Jaipur,nearest_canonical_atm_euclidean,
3734,328c3398-026a-5b82-ad02-8598a7d943ba,2023-01-20,0.0012323486,0,Bengaluru,nearest_canonical_atm_euclidean,
3735,5cbba4d0-3c52-5f68-9295-d2058d5ea946,2023-03-17,0.0012317783,0,Mumbai,nearest_canonical_atm_euclidean,
3736,afecdedf-a580-5453-aee1-cce5a1fc6571,2023-11-17,0.0012290844,0,Ahmedabad,nearest_canonical_atm_euclidean,
3737,a891a4aa-b7cd-521d-928f-f58da9655ef5,2023-04-28,0.0012281301,0,Hyderabad,nearest_canonical_atm_euclidean,
3738,964994af-c467-5422-8727-4914e98a9b1b,2023-02-03,0.0012263142,0,Hyderabad,nearest_canonical_atm_euclidean,
3739,a891a4aa-b7cd-521d-928f-f58da9655ef5,2023-11-10,0.0012253112,0,Hyderabad,nearest_canonical_atm_euclidean,
3740,328c3398-026a-5b82-ad02-8598a7d943ba,2023-07-07,0.001225243,0,Bengaluru,nearest_canonical_atm_euclidean,
3741,fbbc3df5-4722-57b4-9788-6244a82eaa45,2023-02-10,0.0012240036,0,Chennai,nearest_canonical_atm_euclidean,
3742,1d7d8374-7d25-5244-9349-2dba7c91bf60,2023-10-06,0.0012227311,0,Ahmedabad,nearest_canonical_atm_euclidean,
3743,182ddc72-62c6-5f3b-b7ae-935c5b5e605b,2023-02-10,0.001221578,0,Jaipur,nearest_canonical_atm_euclidean,
3744,8df3fb3f-36b9-5e62-b1aa-54e0ed960822,2023-01-13,0.0012215059,0,Mumbai,nearest_canonical_atm_euclidean,
3745,a9c5b13b-e31b-5d61-b111-d30041fcd1e9,2023-02-17,0.0012211668,0,Ahmedabad,nearest_canonical_atm_euclidean,
3746,d3483408-08a1-5840-8a4f-e2a5d47c989b,2023-03-31,0.0012201918,0,Chennai,nearest_canonical_atm_euclidean,
3747,d05fbe4b-fcba-52a3-9d29-e0fce9ccdbd9,2023-07-21,0.0012196156,0,New Delhi,nearest_canonical_atm_euclidean,
3748,aac4fab3-2fa2-532d-b442-87ce705ae9f3,2023-03-31,0.0012194581,0,Bengaluru,nearest_canonical_atm_euclidean,
3749,59684263-0e01-5fc5-9de6-966d650e19e5,2023-09-01,0.0012192654,0,Mumbai,nearest_canonical_atm_euclidean,
3750,b7c4c3b5-15ff-512b-bc9b-d52f3797f893,2023-10-27,0.0012189761,0,Chennai,nearest_canonical_atm_euclidean,
3751,7c8a9fea-1f01-5794-b1f8-1f33bc77651b,2023-12-15,0.0012170724,0,New Delhi,nearest_canonical_atm_euclidean,
3752,9adf3d58-2b6f-5de3-8510-5cc671d1d2e8,2023-11-24,0.0012167305,0,Ahmedabad,nearest_canonical_atm_euclidean,
3753,3e2afad7-44dc-5833-9826-b036621dee60,2023-07-07,0.0012165178,0,Jaipur,nearest_canonical_atm_euclidean,
3754,06c1e399-5422-598e-8078-2622bf0dc842,2023-12-08,0.001214347,0,Jaipur,nearest_canonical_atm_euclidean,
3755,a891a4aa-b7cd-521d-928f-f58da9655ef5,2023-12-15,0.0012140607,0,Hyderabad,nearest_canonical_atm_euclidean,
3756,b2e6f33c-17a1-547b-a103-0541efcaee5d,2023-07-14,0.0012111069,0,Ahmedabad,nearest_canonical_atm_euclidean,
3757,b73cca25-bce0-5c18-8339-4e08c62ff897,2023-05-05,0.0012097919,0,Kolkata,nearest_canonical_atm_euclidean,
3758,6a5e8429-628a-5a7d-b3da-577e42cb4cd4,2023-03-31,0.0012069201,0,Bengaluru,nearest_canonical_atm_euclidean,
3759,8df3fb3f-36b9-5e62-b1aa-54e0ed960822,2023-12-08,0.0012052003,0,Mumbai,nearest_canonical_atm_euclidean,
3760,afecdedf-a580-5453-aee1-cce5a1fc6571,2023-06-09,0.0012045365,0,Ahmedabad,nearest_canonical_atm_euclidean,
3761,6e2eb94c-abea-566d-881f-33304c81d95b,2023-12-15,0.0012040059,0,Hyderabad,nearest_canonical_atm_euclidean,
3762,9e342a67-6e23-50e0-affc-c624e2da2f70,2023-04-14,0.0012025646,0,Mumbai,nearest_canonical_atm_euclidean,
3763,65a9af02-f38e-5bc1-a908-6a3a653df0fc,2023-04-14,0.0012022171,0,Ahmedabad,nearest_canonical_atm_euclidean,
3764,34ff42c5-aa0c-58b5-b153-3aa920bff5c7,2023-04-14,0.0012016819,0,Chennai,nearest_canonical_atm_euclidean,
3765,65a9af02-f38e-5bc1-a908-6a3a653df0fc,2023-05-19,0.0012003896,0,Ahmedabad,nearest_canonical_atm_euclidean,
3766,c45eaf1f-d739-587d-8090-276bc5a6a01e,2023-08-04,0.0011982939,0,New Delhi,nearest_canonical_atm_euclidean,
3767,91abf21e-5b5e-5823-b4f0-c5d40f77d717,2023-12-01,0.0011947141,0,New Delhi,nearest_canonical_atm_euclidean,
3768,94effd11-8fd8-50af-8f4c-b5a629d11375,2023-12-08,0.0011936091,0,Jaipur,nearest_canonical_atm_euclidean,
3769,cf923010-1ea8-516f-8a40-b3db95dce888,2023-10-20,0.0011910542,0,Chennai,nearest_canonical_atm_euclidean,
3770,9d88e52f-9303-5776-9acc-390b8ece126d,2023-04-28,0.0011900455,0,Chennai,nearest_canonical_atm_euclidean,
3771,c45eaf1f-d739-587d-8090-276bc5a6a01e,2023-06-02,0.0011900153,0,New Delhi,nearest_canonical_atm_euclidean,
3772,b3dc96a5-31cc-51a8-a4bc-4d47da6df377,2023-04-21,0.0011887454,0,New Delhi,nearest_canonical_atm_euclidean,
3773,81a02119-b06c-5fc0-b634-9f212b95825a,2023-03-03,0.0011864133,0,Hyderabad,nearest_canonical_atm_euclidean,
3774,f3b246fb-34cb-5d78-af2d-6a294c2857ba,2023-11-24,0.0011852257,0,Kolkata,nearest_canonical_atm_euclidean,
3775,59684263-0e01-5fc5-9de6-966d650e19e5,2023-07-14,0.0011836574,0,Mumbai,nearest_canonical_atm_euclidean,
3776,7aee3f20-61f3-58df-bbd1-af7d2ad4f502,2023-12-01,0.0011805035,0,Mumbai,nearest_canonical_atm_euclidean,
3777,642f4235-82f6-5143-8ea5-5048e8f0d80a,2023-03-31,0.0011795885,0,Hyderabad,nearest_canonical_atm_euclidean,
3778,7c1562ed-0c51-50a9-b83b-049fcdfe12b4,2023-03-24,0.001179434,0,Jaipur,nearest_canonical_atm_euclidean,
3779,1b131b05-4df1-5564-b4fd-6cb5e09cfdd5,2023-01-13,0.0011779447,0,Kolkata,nearest_canonical_atm_euclidean,
3780,eade7219-66ba-5894-8964-9eff10228818,2023-06-30,0.0011758002,0,Jaipur,nearest_canonical_atm_euclidean,
3781,ab7406b4-42c4-5a64-a99f-ed1e9a1912a6,2023-08-04,0.0011755527,0,Kolkata,nearest_canonical_atm_euclidean,
3782,9d88e52f-9303-5776-9acc-390b8ece126d,2022-12-30,0.001175205,0,Chennai,nearest_canonical_atm_euclidean,
3783,c1ef55eb-7ba3-5dca-9329-fa76b3327004,2023-10-20,0.0011751832,0,Chennai,nearest_canonical_atm_euclidean,
3784,ce707439-e5cd-56de-8ce2-b3a7f8a910c5,2023-08-11,0.0011748867,0,Hyderabad,nearest_canonical_atm_euclidean,
3785,46d959a8-3a7a-51b4-a5d0-e6489f19d5ab,2023-07-14,0.0011743887,0,Ahmedabad,nearest_canonical_atm_euclidean,
3786,f9c8bdaf-f2d5-519b-81d4-759a53bf1015,2023-10-27,0.0011736025,0,Chennai,nearest_canonical_atm_euclidean,
3787,9d88e52f-9303-5776-9acc-390b8ece126d,2023-06-23,0.0011734243,0,Chennai,nearest_canonical_atm_euclidean,
3788,182ddc72-62c6-5f3b-b7ae-935c5b5e605b,2023-10-20,0.0011728018,0,Jaipur,nearest_canonical_atm_euclidean,
3789,d3483408-08a1-5840-8a4f-e2a5d47c989b,2023-05-19,0.001170892,0,Chennai,nearest_canonical_atm_euclidean,
3790,c4d45e66-af66-5d62-9ec1-a719ee0110b8,2023-09-22,0.0011706327,0,Bengaluru,nearest_canonical_atm_euclidean,
3791,800f26bb-ab13-53a8-8329-4e07a6b7cf1d,2023-09-22,0.001170413,0,Mumbai,nearest_canonical_atm_euclidean,
3792,c45eaf1f-d739-587d-8090-276bc5a6a01e,2023-06-16,0.0011694155,0,New Delhi,nearest_canonical_atm_euclidean,
3793,06c1e399-5422-598e-8078-2622bf0dc842,2023-01-20,0.0011681804,0,Jaipur,nearest_canonical_atm_euclidean,
3794,38ef268a-dcd0-56f8-8c8f-954520b5c33b,2023-04-07,0.0011680385,0,Ahmedabad,nearest_canonical_atm_euclidean,
3795,afecdedf-a580-5453-aee1-cce5a1fc6571,2023-05-19,0.0011672911,0,Ahmedabad,nearest_canonical_atm_euclidean,
3796,ab7406b4-42c4-5a64-a99f-ed1e9a1912a6,2023-04-14,0.0011671704,0,Kolkata,nearest_canonical_atm_euclidean,
3797,3aa4e1f6-58c6-5cbb-a302-28689bbca879,2023-02-17,0.0011668468,0,Bengaluru,nearest_canonical_atm_euclidean,
3798,cf923010-1ea8-516f-8a40-b3db95dce888,2023-04-28,0.0011653417,0,Chennai,nearest_canonical_atm_euclidean,
3799,6e2eb94c-abea-566d-881f-33304c81d95b,2023-10-20,0.0011640149,0,Hyderabad,nearest_canonical_atm_euclidean,
3800,b7c4c3b5-15ff-512b-bc9b-d52f3797f893,2023-01-27,0.001163372,0,Chennai,nearest_canonical_atm_euclidean,
3801,2ec2dfb2-1938-5797-bf2d-736d604948cb,2023-11-10,0.0011628108,0,Mumbai,nearest_canonical_atm_euclidean,
3802,91abf21e-5b5e-5823-b4f0-c5d40f77d717,2023-03-31,0.0011625068,0,New Delhi,nearest_canonical_atm_euclidean,
3803,0949a9d8-1c2f-5d53-bc48-6050d92fe35b,2023-01-13,0.0011611135,0,Bengaluru,nearest_canonical_atm_euclidean,
3804,1af29445-7edb-54fb-a987-f6ba18f4dcc3,2023-07-07,0.0011596915,0,Bengaluru,nearest_canonical_atm_euclidean,
3805,3aa4e1f6-58c6-5cbb-a302-28689bbca879,2023-09-01,0.001157493,0,Bengaluru,nearest_canonical_atm_euclidean,
3806,ab7406b4-42c4-5a64-a99f-ed1e9a1912a6,2023-06-16,0.0011563655,0,Kolkata,nearest_canonical_atm_euclidean,
3807,59684263-0e01-5fc5-9de6-966d650e19e5,2023-07-07,0.0011542966,0,Mumbai,nearest_canonical_atm_euclidean,
3808,7c8fbbb0-7633-546c-b927-1accdba2044a,2023-01-13,0.0011532613,0,Chennai,nearest_canonical_atm_euclidean,
3809,644ec086-7a2f-56c1-8890-a0cf1371bb8f,2023-01-20,0.0011524755,0,Jaipur,nearest_canonical_atm_euclidean,
3810,9d88e52f-9303-5776-9acc-390b8ece126d,2023-04-14,0.0011515926,0,Chennai,nearest_canonical_atm_euclidean,
3811,47b40f44-e493-5f2d-b12c-8a7eb6ccd6f4,2023-03-10,0.0011515395,0,Jaipur,nearest_canonical_atm_euclidean,
3812,3aa4e1f6-58c6-5cbb-a302-28689bbca879,2023-09-08,0.0011510827,0,Bengaluru,nearest_canonical_atm_euclidean,
3813,7aee3f20-61f3-58df-bbd1-af7d2ad4f502,2023-08-25,0.0011502863,0,Mumbai,nearest_canonical_atm_euclidean,
3814,051674e2-a8c4-5111-bf54-2c937a9c722a,2023-06-23,0.0011499155,0,New Delhi,nearest_canonical_atm_euclidean,
3815,a9c5b13b-e31b-5d61-b111-d30041fcd1e9,2023-09-15,0.0011496044,0,Ahmedabad,nearest_canonical_atm_euclidean,
3816,d69d9b0a-1678-5866-b094-3f5f19c0c205,2023-06-09,0.0011485334,0,Ahmedabad,nearest_canonical_atm_euclidean,
3817,90bcf56f-15e8-5317-aff9-2bb508a1d03a,2023-10-13,0.0011480334,0,Chennai,nearest_canonical_atm_euclidean,
3818,5773a83b-9871-5a2d-b54c-7edfa60ab72d,2023-05-26,0.0011478608,0,Jaipur,nearest_canonical_atm_euclidean,
3819,b8864095-68a2-5748-a216-676e811b321c,2023-04-14,0.0011463495,0,Chennai,nearest_canonical_atm_euclidean,
3820,41174545-6f86-5ccc-94c0-7054225d58ad,2023-12-08,0.0011455985,0,Chennai,nearest_canonical_atm_euclidean,
3821,f9c8bdaf-f2d5-519b-81d4-759a53bf1015,2023-08-25,0.001143565,0,Chennai,nearest_canonical_atm_euclidean,
3822,07b1cb4d-de17-5ac2-a00b-02cf9e672ff0,2023-07-21,0.0011433123,0,Ahmedabad,nearest_canonical_atm_euclidean,
3823,dce0c68a-90eb-5756-908b-549f801f0816,2023-01-13,0.0011422418,0,Hyderabad,nearest_canonical_atm_euclidean,
3824,47b40f44-e493-5f2d-b12c-8a7eb6ccd6f4,2023-02-10,0.0011417392,0,Jaipur,nearest_canonical_atm_euclidean,
3825,23f00f1f-a233-5e89-8069-27d2584ad221,2023-07-21,0.0011417075,0,Hyderabad,nearest_canonical_atm_euclidean,
3826,2ec2dfb2-1938-5797-bf2d-736d604948cb,2023-05-12,0.0011411438,0,Mumbai,nearest_canonical_atm_euclidean,
3827,5cbba4d0-3c52-5f68-9295-d2058d5ea946,2023-09-22,0.0011386675,0,Mumbai,nearest_canonical_atm_euclidean,
3828,2e751f5b-ebe1-5162-b43d-482303a259e3,2023-05-26,0.0011368732,0,Kolkata,nearest_canonical_atm_euclidean,
3829,2e751f5b-ebe1-5162-b43d-482303a259e3,2023-02-24,0.0011368261,0,Kolkata,nearest_canonical_atm_euclidean,
3830,ce707439-e5cd-56de-8ce2-b3a7f8a910c5,2023-09-29,0.0011362069,0,Hyderabad,nearest_canonical_atm_euclidean,
3831,9b0bfc62-59d8-573e-81b2-fee4669a409a,2023-10-20,0.0011349681,0,Hyderabad,nearest_canonical_atm_euclidean,
3832,14f26062-7d75-550d-ae7d-50ad61eb0e1b,2023-03-31,0.0011349542,0,Jaipur,nearest_canonical_atm_euclidean,
3833,5cbba4d0-3c52-5f68-9295-d2058d5ea946,2023-08-04,0.00113406,0,Mumbai,nearest_canonical_atm_euclidean,
3834,e789fbe5-81bc-554f-9309-2f60d40df893,2023-03-24,0.0011336111,0,Kolkata,nearest_canonical_atm_euclidean,
3835,4407e36e-71bc-5526-9a73-9f76e801cc45,2023-05-19,0.0011321909,0,Kolkata,nearest_canonical_atm_euclidean,
3836,07b1cb4d-de17-5ac2-a00b-02cf9e672ff0,2023-06-02,0.0011321079,0,Ahmedabad,nearest_canonical_atm_euclidean,
3837,5cbba4d0-3c52-5f68-9295-d2058d5ea946,2023-03-24,0.0011318496,0,Mumbai,nearest_canonical_atm_euclidean,
3838,b8864095-68a2-5748-a216-676e811b321c,2023-09-01,0.00112938,0,Chennai,nearest_canonical_atm_euclidean,
3839,59fb71b7-27d2-56ae-87ab-548765379b67,2023-04-21,0.0011287851,0,Bengaluru,nearest_canonical_atm_euclidean,
3840,f1f8d2d0-6ea3-5875-acce-a83a08547247,2023-07-14,0.0011282299,0,New Delhi,nearest_canonical_atm_euclidean,
3841,90bcf56f-15e8-5317-aff9-2bb508a1d03a,2023-10-06,0.0011273093,0,Chennai,nearest_canonical_atm_euclidean,
3842,b73cca25-bce0-5c18-8339-4e08c62ff897,2023-06-23,0.0011262697,0,Kolkata,nearest_canonical_atm_euclidean,
3843,5773a83b-9871-5a2d-b54c-7edfa60ab72d,2023-01-13,0.0011231824,0,Jaipur,nearest_canonical_atm_euclidean,
3844,b8864095-68a2-5748-a216-676e811b321c,2023-11-03,0.0011226566,0,Chennai,nearest_canonical_atm_euclidean,
3845,b3dc96a5-31cc-51a8-a4bc-4d47da6df377,2023-07-28,0.0011175355,0,New Delhi,nearest_canonical_atm_euclidean,
3846,964994af-c467-5422-8727-4914e98a9b1b,2023-05-26,0.0011175089,0,Hyderabad,nearest_canonical_atm_euclidean,
3847,182ddc72-62c6-5f3b-b7ae-935c5b5e605b,2023-04-21,0.0011173844,0,Jaipur,nearest_canonical_atm_euclidean,
3848,9adf3d58-2b6f-5de3-8510-5cc671d1d2e8,2023-08-11,0.0011154684,0,Ahmedabad,nearest_canonical_atm_euclidean,
3849,6ded4d28-8bc2-5507-85db-b9ec23a0756c,2023-05-12,0.0011142837,0,Mumbai,nearest_canonical_atm_euclidean,
3850,90bcf56f-15e8-5317-aff9-2bb508a1d03a,2023-07-14,0.0011129233,0,Chennai,nearest_canonical_atm_euclidean,
3851,d05fbe4b-fcba-52a3-9d29-e0fce9ccdbd9,2023-05-19,0.001112795,0,New Delhi,nearest_canonical_atm_euclidean,
3852,3aa4e1f6-58c6-5cbb-a302-28689bbca879,2023-06-16,0.0011124056,0,Bengaluru,nearest_canonical_atm_euclidean,
3853,81697ea2-f5de-540b-a729-ead84b45e611,2023-06-02,0.0011119541,0,Mumbai,nearest_canonical_atm_euclidean,
3854,07b1cb4d-de17-5ac2-a00b-02cf9e672ff0,2023-02-10,0.0011114358,0,Ahmedabad,nearest_canonical_atm_euclidean,
3855,ba44c170-601e-501e-a74f-77b6e98cae26,2023-10-27,0.0011110541,0,Hyderabad,nearest_canonical_atm_euclidean,
3856,bbdf6837-aab5-5b4e-839e-9ee61eaea352,2023-05-26,0.0011107377,0,Mumbai,nearest_canonical_atm_euclidean,
3857,5737401f-13a5-5335-9e4c-336a9e870086,2023-05-05,0.0011100179,0,Kolkata,nearest_canonical_atm_euclidean,
3858,f9c8bdaf-f2d5-519b-81d4-759a53bf1015,2023-01-20,0.0011088612,0,Chennai,nearest_canonical_atm_euclidean,
3859,800f26bb-ab13-53a8-8329-4e07a6b7cf1d,2023-10-13,0.0011077448,0,Mumbai,nearest_canonical_atm_euclidean,
3860,f1f8d2d0-6ea3-5875-acce-a83a08547247,2023-07-21,0.0011065012,0,New Delhi,nearest_canonical_atm_euclidean,
3861,051674e2-a8c4-5111-bf54-2c937a9c722a,2023-06-16,0.0011060749,0,New Delhi,nearest_canonical_atm_euclidean,
3862,07b1cb4d-de17-5ac2-a00b-02cf9e672ff0,2023-05-12,0.0011014842,0,Ahmedabad,nearest_canonical_atm_euclidean,
3863,ae9a45fc-c291-5efa-a2ad-8e3d969953d5,2023-03-24,0.0011002414,0,New Delhi,nearest_canonical_atm_euclidean,
3864,c4d45e66-af66-5d62-9ec1-a719ee0110b8,2023-10-06,0.0010969281,0,Bengaluru,nearest_canonical_atm_euclidean,
3865,c991fb7a-f5c2-5464-b968-538bf5c140df,2023-02-17,0.0010962517,0,Mumbai,nearest_canonical_atm_euclidean,
3866,c1ef55eb-7ba3-5dca-9329-fa76b3327004,2023-01-06,0.0010959436,0,Chennai,nearest_canonical_atm_euclidean,
3867,d96fb612-761a-52d1-8bfd-a2368e7f9fd3,2023-02-03,0.0010955794,0,Jaipur,nearest_canonical_atm_euclidean,
3868,c1ef55eb-7ba3-5dca-9329-fa76b3327004,2023-09-15,0.0010952877,0,Chennai,nearest_canonical_atm_euclidean,
3869,afecdedf-a580-5453-aee1-cce5a1fc6571,2023-03-24,0.0010949095,0,Ahmedabad,nearest_canonical_atm_euclidean,
3870,06c1e399-5422-598e-8078-2622bf0dc842,2023-09-01,0.0010945101,0,Jaipur,nearest_canonical_atm_euclidean,
3871,f3b246fb-34cb-5d78-af2d-6a294c2857ba,2023-07-28,0.001094373,0,Kolkata,nearest_canonical_atm_euclidean,
3872,07b1cb4d-de17-5ac2-a00b-02cf9e672ff0,2023-11-10,0.0010937711,0,Ahmedabad,nearest_canonical_atm_euclidean,
3873,1d7d8374-7d25-5244-9349-2dba7c91bf60,2023-05-26,0.0010917776,0,Ahmedabad,nearest_canonical_atm_euclidean,
3874,9ec9c0ef-9209-5a42-84e8-2013032e9b9e,2023-02-24,0.0010864685,0,Chennai,nearest_canonical_atm_euclidean,
3875,f9c8bdaf-f2d5-519b-81d4-759a53bf1015,2023-03-17,0.0010862714,0,Chennai,nearest_canonical_atm_euclidean,
3876,7bb876b7-d98c-59b9-bfe7-5d6d8706898d,2023-07-21,0.0010859801,0,New Delhi,nearest_canonical_atm_euclidean,
3877,6e2eb94c-abea-566d-881f-33304c81d95b,2023-08-25,0.0010857934,0,Hyderabad,nearest_canonical_atm_euclidean,
3878,ea588019-c786-57ab-8c8d-be7ada3e3273,2023-09-22,0.0010852448,0,Hyderabad,nearest_canonical_atm_euclidean,
3879,b3dc96a5-31cc-51a8-a4bc-4d47da6df377,2023-05-19,0.0010835577,0,New Delhi,nearest_canonical_atm_euclidean,
3880,65a9af02-f38e-5bc1-a908-6a3a653df0fc,2023-10-27,0.0010824316,0,Ahmedabad,nearest_canonical_atm_euclidean,
3881,d96fb612-761a-52d1-8bfd-a2368e7f9fd3,2023-09-22,0.0010817734,0,Jaipur,nearest_canonical_atm_euclidean,
3882,14f26062-7d75-550d-ae7d-50ad61eb0e1b,2023-07-14,0.0010817734,0,Jaipur,nearest_canonical_atm_euclidean,
3883,d3483408-08a1-5840-8a4f-e2a5d47c989b,2023-06-02,0.0010808484,0,Chennai,nearest_canonical_atm_euclidean,
3884,46d959a8-3a7a-51b4-a5d0-e6489f19d5ab,2023-02-24,0.0010807599,0,Ahmedabad,nearest_canonical_atm_euclidean,
3885,4aabdbdc-9536-5b73-bab4-7cbee9886fed,2022-12-30,0.0010794855,0,Hyderabad,nearest_canonical_atm_euclidean,
3886,a2bdeeac-87ea-5acb-a121-647dd81616e4,2023-11-03,0.0010781073,0,Bengaluru,nearest_canonical_atm_euclidean,
3887,4407e36e-71bc-5526-9a73-9f76e801cc45,2023-03-17,0.0010764104,0,Kolkata,nearest_canonical_atm_euclidean,
3888,90bcf56f-15e8-5317-aff9-2bb508a1d03a,2023-12-08,0.0010762941,0,Chennai,nearest_canonical_atm_euclidean,
3889,91abf21e-5b5e-5823-b4f0-c5d40f77d717,2023-11-10,0.0010755506,0,New Delhi,nearest_canonical_atm_euclidean,
3890,c1ef55eb-7ba3-5dca-9329-fa76b3327004,2023-03-31,0.0010727487,0,Chennai,nearest_canonical_atm_euclidean,
3891,9adf3d58-2b6f-5de3-8510-5cc671d1d2e8,2023-03-10,0.0010713501,0,Ahmedabad,nearest_canonical_atm_euclidean,
3892,5773a83b-9871-5a2d-b54c-7edfa60ab72d,2023-04-07,0.0010707685,0,Jaipur,nearest_canonical_atm_euclidean,
3893,07b1cb4d-de17-5ac2-a00b-02cf9e672ff0,2023-02-03,0.0010698339,0,Ahmedabad,nearest_canonical_atm_euclidean,
3894,cf923010-1ea8-516f-8a40-b3db95dce888,2023-10-27,0.0010693988,0,Chennai,nearest_canonical_atm_euclidean,
3895,41adf9c7-e4f5-56f8-a964-fecf7428833b,2023-04-14,0.0010680554,0,Jaipur,nearest_canonical_atm_euclidean,
3896,3aa4e1f6-58c6-5cbb-a302-28689bbca879,2023-08-04,0.0010668742,0,Bengaluru,nearest_canonical_atm_euclidean,
3897,c1ef55eb-7ba3-5dca-9329-fa76b3327004,2023-10-13,0.001061025,0,Chennai,nearest_canonical_atm_euclidean,
3898,ae9a45fc-c291-5efa-a2ad-8e3d969953d5,2023-07-07,0.0010576214,0,New Delhi,nearest_canonical_atm_euclidean,
3899,e59ea14d-6014-54fe-bc4f-daf0d4c133e3,2023-11-17,0.0010546062,0,Ahmedabad,nearest_canonical_atm_euclidean,
3900,7c8fbbb0-7633-546c-b927-1accdba2044a,2023-11-10,0.0010539271,0,Chennai,nearest_canonical_atm_euclidean,
3901,a9c5b13b-e31b-5d61-b111-d30041fcd1e9,2023-10-20,0.0010532667,0,Ahmedabad,nearest_canonical_atm_euclidean,
3902,9ec9c0ef-9209-5a42-84e8-2013032e9b9e,2023-12-01,0.0010522773,0,Chennai,nearest_canonical_atm_euclidean,
3903,7142d25c-5954-53f9-ba18-f95055901780,2023-07-07,0.0010506515,0,Bengaluru,nearest_canonical_atm_euclidean,
3904,b8864095-68a2-5748-a216-676e811b321c,2023-03-31,0.0010495231,0,Chennai,nearest_canonical_atm_euclidean,
3905,182ddc72-62c6-5f3b-b7ae-935c5b5e605b,2023-09-15,0.0010477618,0,Jaipur,nearest_canonical_atm_euclidean,
3906,46d959a8-3a7a-51b4-a5d0-e6489f19d5ab,2023-01-13,0.0010471357,0,Ahmedabad,nearest_canonical_atm_euclidean,
3907,f801c521-91da-5b20-88bb-185c236cf141,2023-09-22,0.0010465767,0,Jaipur,nearest_canonical_atm_euclidean,
3908,41174545-6f86-5ccc-94c0-7054225d58ad,2023-12-15,0.001044893,0,Chennai,nearest_canonical_atm_euclidean,
3909,38ef268a-dcd0-56f8-8c8f-954520b5c33b,2023-05-26,0.0010441297,0,Ahmedabad,nearest_canonical_atm_euclidean,
3910,ce707439-e5cd-56de-8ce2-b3a7f8a910c5,2023-09-08,0.0010439081,0,Hyderabad,nearest_canonical_atm_euclidean,
3911,869d900f-916d-59fb-a1c5-980ea46f3005,2023-11-24,0.0010437767,0,Chennai,nearest_canonical_atm_euclidean,
3912,a891a4aa-b7cd-521d-928f-f58da9655ef5,2023-04-07,0.0010412525,0,Hyderabad,nearest_canonical_atm_euclidean,
3913,2ec2dfb2-1938-5797-bf2d-736d604948cb,2023-11-24,0.0010402843,0,Mumbai,nearest_canonical_atm_euclidean,
3914,14e22c3d-5500-5971-b937-f612a3b05543,2023-06-02,0.0010395126,0,Chennai,nearest_canonical_atm_euclidean,
3915,07b1cb4d-de17-5ac2-a00b-02cf9e672ff0,2023-06-09,0.0010385757,0,Ahmedabad,nearest_canonical_atm_euclidean,
3916,a9c5b13b-e31b-5d61-b111-d30041fcd1e9,2023-02-24,0.0010385024,0,Ahmedabad,nearest_canonical_atm_euclidean,
3917,47b40f44-e493-5f2d-b12c-8a7eb6ccd6f4,2023-11-03,0.0010383782,0,Jaipur,nearest_canonical_atm_euclidean,
3918,1af29445-7edb-54fb-a987-f6ba18f4dcc3,2023-11-17,0.001037302,0,Bengaluru,nearest_canonical_atm_euclidean,
3919,47b40f44-e493-5f2d-b12c-8a7eb6ccd6f4,2023-01-06,0.0010368965,0,Jaipur,nearest_canonical_atm_euclidean,
3920,b41f1475-dca2-5dc1-938e-9543cd4de399,2023-01-13,0.0010364174,0,Ahmedabad,nearest_canonical_atm_euclidean,
3921,b41f1475-dca2-5dc1-938e-9543cd4de399,2023-09-29,0.0010356121,0,Ahmedabad,nearest_canonical_atm_euclidean,
3922,65a9af02-f38e-5bc1-a908-6a3a653df0fc,2023-10-13,0.0010332646,0,Ahmedabad,nearest_canonical_atm_euclidean,
3923,f801c521-91da-5b20-88bb-185c236cf141,2023-05-26,0.0010317867,0,Jaipur,nearest_canonical_atm_euclidean,
3924,d69d9b0a-1678-5866-b094-3f5f19c0c205,2023-08-04,0.0010316122,0,Ahmedabad,nearest_canonical_atm_euclidean,
3925,3b1e5d03-563a-5430-87b7-e281fa8f8af4,2023-08-18,0.0010310644,0,Mumbai,nearest_canonical_atm_euclidean,
3926,f1f8d2d0-6ea3-5875-acce-a83a08547247,2023-12-15,0.0010307265,0,New Delhi,nearest_canonical_atm_euclidean,
3927,8df3fb3f-36b9-5e62-b1aa-54e0ed960822,2023-07-28,0.0010298284,0,Mumbai,nearest_canonical_atm_euclidean,
3928,ba44c170-601e-501e-a74f-77b6e98cae26,2022-12-30,0.0010291865,0,Hyderabad,nearest_canonical_atm_euclidean,
3929,328c3398-026a-5b82-ad02-8598a7d943ba,2023-06-23,0.0010236582,0,Bengaluru,nearest_canonical_atm_euclidean,
3930,0e83a772-d0c1-5d38-9f1f-4a51eb7ee575,2023-11-17,0.001022508,0,Kolkata,nearest_canonical_atm_euclidean,
3931,7c8a9fea-1f01-5794-b1f8-1f33bc77651b,2023-02-10,0.0010223849,0,New Delhi,nearest_canonical_atm_euclidean,
3932,81697ea2-f5de-540b-a729-ead84b45e611,2023-03-10,0.0010222698,0,Mumbai,nearest_canonical_atm_euclidean,
3933,b7c4c3b5-15ff-512b-bc9b-d52f3797f893,2023-06-23,0.0010216122,0,Chennai,nearest_canonical_atm_euclidean,
3934,422e93c8-7fc2-5abd-bd82-7b2eb566f6e6,2023-08-04,0.0010188528,0,Kolkata,nearest_canonical_atm_euclidean,
3935,07b1cb4d-de17-5ac2-a00b-02cf9e672ff0,2023-07-07,0.0010187707,0,Ahmedabad,nearest_canonical_atm_euclidean,
3936,7c1562ed-0c51-50a9-b83b-049fcdfe12b4,2023-04-28,0.0010171245,0,Jaipur,nearest_canonical_atm_euclidean,
3937,90bcf56f-15e8-5317-aff9-2bb508a1d03a,2023-01-13,0.0010166536,0,Chennai,nearest_canonical_atm_euclidean,
3938,8279eaa3-c5e0-5a20-9db9-075ee86efeb4,2023-01-06,0.0010141607,0,Kolkata,nearest_canonical_atm_euclidean,
3939,ea588019-c786-57ab-8c8d-be7ada3e3273,2023-01-20,0.0010129918,0,Hyderabad,nearest_canonical_atm_euclidean,
3940,7c8a9fea-1f01-5794-b1f8-1f33bc77651b,2023-02-03,0.0010120181,0,New Delhi,nearest_canonical_atm_euclidean,
3941,a891a4aa-b7cd-521d-928f-f58da9655ef5,2023-05-05,0.0010114796,0,Hyderabad,nearest_canonical_atm_euclidean,
3942,a9c5b13b-e31b-5d61-b111-d30041fcd1e9,2023-06-23,0.0010107162,0,Ahmedabad,nearest_canonical_atm_euclidean,
3943,34ff42c5-aa0c-58b5-b153-3aa920bff5c7,2023-11-17,0.001010015,0,Chennai,nearest_canonical_atm_euclidean,
3944,4407e36e-71bc-5526-9a73-9f76e801cc45,2023-10-13,0.0010099361,0,Kolkata,nearest_canonical_atm_euclidean,
3945,1d7d8374-7d25-5244-9349-2dba7c91bf60,2023-06-23,0.0010085934,0,Ahmedabad,nearest_canonical_atm_euclidean,
3946,7c8fbbb0-7633-546c-b927-1accdba2044a,2023-03-17,0.0010076525,0,Chennai,nearest_canonical_atm_euclidean,
3947,f3b246fb-34cb-5d78-af2d-6a294c2857ba,2023-12-15,0.0010057718,0,Kolkata,nearest_canonical_atm_euclidean,
3948,7c8fbbb0-7633-546c-b927-1accdba2044a,2023-12-01,0.0010045801,0,Chennai,nearest_canonical_atm_euclidean,
3949,b76d9deb-4963-5298-b5ab-e7aa1216e9a4,2023-01-13,0.0010044153,0,Kolkata,nearest_canonical_atm_euclidean,
3950,34ff42c5-aa0c-58b5-b153-3aa920bff5c7,2023-03-31,0.001003993,0,Chennai,nearest_canonical_atm_euclidean,
3951,182ddc72-62c6-5f3b-b7ae-935c5b5e605b,2023-08-04,0.0010038405,0,Jaipur,nearest_canonical_atm_euclidean,
3952,869d900f-916d-59fb-a1c5-980ea46f3005,2023-08-25,0.0010037869,0,Chennai,nearest_canonical_atm_euclidean,
3953,de2d188a-a433-5f4b-869a-2ffe30dfc6ab,2023-04-21,0.0010027875,0,Ahmedabad,nearest_canonical_atm_euclidean,
3954,0e83a772-d0c1-5d38-9f1f-4a51eb7ee575,2023-09-22,0.00100215,0,Kolkata,nearest_canonical_atm_euclidean,
3955,4aabdbdc-9536-5b73-bab4-7cbee9886fed,2023-08-25,0.0009992355,0,Hyderabad,nearest_canonical_atm_euclidean,
3956,f69a2a75-085f-5b60-b0c2-9aebccd78b03,2023-11-17,0.0009987035,0,Hyderabad,nearest_canonical_atm_euclidean,
3957,14e22c3d-5500-5971-b937-f612a3b05543,2023-07-28,0.0009973662,0,Chennai,nearest_canonical_atm_euclidean,
3958,9d88e52f-9303-5776-9acc-390b8ece126d,2023-03-10,0.0009963652,0,Chennai,nearest_canonical_atm_euclidean,
3959,6110b5e8-c838-5a36-af9e-ceec51e0c409,2023-08-18,0.0009958498,0,New Delhi,nearest_canonical_atm_euclidean,
3960,fbbc3df5-4722-57b4-9788-6244a82eaa45,2023-03-03,0.000994278,0,Chennai,nearest_canonical_atm_euclidean,
3961,a9c5b13b-e31b-5d61-b111-d30041fcd1e9,2023-03-10,0.0009939626,0,Ahmedabad,nearest_canonical_atm_euclidean,
3962,67107270-efc6-529d-8ace-22395900dddc,2023-01-06,0.0009901621,0,Ahmedabad,nearest_canonical_atm_euclidean,
3963,59fb71b7-27d2-56ae-87ab-548765379b67,2023-07-07,0.0009893413,0,Bengaluru,nearest_canonical_atm_euclidean,
3964,47b40f44-e493-5f2d-b12c-8a7eb6ccd6f4,2023-02-17,0.0009862216,0,Jaipur,nearest_canonical_atm_euclidean,
3965,06c1e399-5422-598e-8078-2622bf0dc842,2023-10-06,0.0009844083,0,Jaipur,nearest_canonical_atm_euclidean,
3966,07b1cb4d-de17-5ac2-a00b-02cf9e672ff0,2023-05-26,0.0009817737,0,Ahmedabad,nearest_canonical_atm_euclidean,
3967,2e751f5b-ebe1-5162-b43d-482303a259e3,2023-05-12,0.0009813977,0,Kolkata,nearest_canonical_atm_euclidean,
3968,ab7406b4-42c4-5a64-a99f-ed1e9a1912a6,2023-04-28,0.0009799901,0,Kolkata,nearest_canonical_atm_euclidean,
3969,d05fbe4b-fcba-52a3-9d29-e0fce9ccdbd9,2023-11-17,0.0009798262,0,New Delhi,nearest_canonical_atm_euclidean,
3970,4cc4f0b0-6522-5752-8674-65bde1e7ee07,2023-09-15,0.0009795076,0,Hyderabad,nearest_canonical_atm_euclidean,
3971,a2bdeeac-87ea-5acb-a121-647dd81616e4,2023-05-05,0.0009784745,0,Bengaluru,nearest_canonical_atm_euclidean,
3972,38ef268a-dcd0-56f8-8c8f-954520b5c33b,2023-11-24,0.0009773606,0,Ahmedabad,nearest_canonical_atm_euclidean,
3973,dce0c68a-90eb-5756-908b-549f801f0816,2023-03-10,0.00097653875,0,Hyderabad,nearest_canonical_atm_euclidean,
3974,051674e2-a8c4-5111-bf54-2c937a9c722a,2023-01-06,0.0009744453,0,New Delhi,nearest_canonical_atm_euclidean,
3975,c1ef55eb-7ba3-5dca-9329-fa76b3327004,2023-02-10,0.0009699802,0,Chennai,nearest_canonical_atm_euclidean,
3976,b8864095-68a2-5748-a216-676e811b321c,2023-08-11,0.00096986885,0,Chennai,nearest_canonical_atm_euclidean,
3977,cf923010-1ea8-516f-8a40-b3db95dce888,2023-10-13,0.0009691649,0,Chennai,nearest_canonical_atm_euclidean,
3978,7c1562ed-0c51-50a9-b83b-049fcdfe12b4,2023-05-05,0.00096815807,0,Jaipur,nearest_canonical_atm_euclidean,
3979,f1f8d2d0-6ea3-5875-acce-a83a08547247,2023-08-25,0.0009673366,0,New Delhi,nearest_canonical_atm_euclidean,
3980,e59ea14d-6014-54fe-bc4f-daf0d4c133e3,2023-05-26,0.0009667837,0,Ahmedabad,nearest_canonical_atm_euclidean,
3981,1d7d8374-7d25-5244-9349-2dba7c91bf60,2023-11-17,0.0009632748,0,Ahmedabad,nearest_canonical_atm_euclidean,
3982,81697ea2-f5de-540b-a729-ead84b45e611,2023-10-06,0.0009631165,0,Mumbai,nearest_canonical_atm_euclidean,
3983,46d959a8-3a7a-51b4-a5d0-e6489f19d5ab,2023-08-11,0.0009618647,0,Ahmedabad,nearest_canonical_atm_euclidean,
3984,51f7f7da-0718-5063-91b2-d743096e78e1,2023-10-06,0.00096131413,0,Bengaluru,nearest_canonical_atm_euclidean,
3985,1b131b05-4df1-5564-b4fd-6cb5e09cfdd5,2023-12-15,0.00096105813,0,Kolkata,nearest_canonical_atm_euclidean,
3986,a5676c6d-3d3e-517c-81a9-86b85c039df1,2023-08-18,0.0009583219,0,Ahmedabad,nearest_canonical_atm_euclidean,
3987,9b0bfc62-59d8-573e-81b2-fee4669a409a,2023-06-02,0.0009580188,0,Hyderabad,nearest_canonical_atm_euclidean,
3988,90bcf56f-15e8-5317-aff9-2bb508a1d03a,2023-06-23,0.00095747825,0,Chennai,nearest_canonical_atm_euclidean,
3989,51f7f7da-0718-5063-91b2-d743096e78e1,2023-09-22,0.0009573555,0,Bengaluru,nearest_canonical_atm_euclidean,
3990,afecdedf-a580-5453-aee1-cce5a1fc6571,2023-01-20,0.0009553426,0,Ahmedabad,nearest_canonical_atm_euclidean,
3991,7c8fbbb0-7633-546c-b927-1accdba2044a,2023-12-15,0.0009550524,0,Chennai,nearest_canonical_atm_euclidean,
3992,51f7f7da-0718-5063-91b2-d743096e78e1,2022-12-30,0.00095481996,0,Bengaluru,nearest_canonical_atm_euclidean,
3993,67107270-efc6-529d-8ace-22395900dddc,2023-10-27,0.00095404923,0,Ahmedabad,nearest_canonical_atm_euclidean,
3994,9d88e52f-9303-5776-9acc-390b8ece126d,2023-03-03,0.0009531457,0,Chennai,nearest_canonical_atm_euclidean,
3995,9ec9c0ef-9209-5a42-84e8-2013032e9b9e,2023-09-08,0.0009517509,0,Chennai,nearest_canonical_atm_euclidean,
3996,c45eaf1f-d739-587d-8090-276bc5a6a01e,2023-06-09,0.00095132715,0,New Delhi,nearest_canonical_atm_euclidean,
3997,f3b246fb-34cb-5d78-af2d-6a294c2857ba,2023-05-26,0.00094929984,0,Kolkata,nearest_canonical_atm_euclidean,
3998,de2d188a-a433-5f4b-869a-2ffe30dfc6ab,2023-08-11,0.00094913837,0,Ahmedabad,nearest_canonical_atm_euclidean,
3999,7142d25c-5954-53f9-ba18-f95055901780,2023-02-17,0.00094898336,0,Bengaluru,nearest_canonical_atm_euclidean,
4000,07b1cb4d-de17-5ac2-a00b-02cf9e672ff0,2023-08-11,0.00094854896,0,Ahmedabad,nearest_canonical_atm_euclidean,
4001,f3b246fb-34cb-5d78-af2d-6a294c2857ba,2023-08-11,0.0009477116,0,Kolkata,nearest_canonical_atm_euclidean,
4002,1af29445-7edb-54fb-a987-f6ba18f4dcc3,2023-04-28,0.00094523304,0,Bengaluru,nearest_canonical_atm_euclidean,
4003,f801c521-91da-5b20-88bb-185c236cf141,2023-04-14,0.00094503775,0,Jaipur,nearest_canonical_atm_euclidean,
4004,9d88e52f-9303-5776-9acc-390b8ece126d,2023-09-29,0.00094469835,0,Chennai,nearest_canonical_atm_euclidean,
4005,a891a4aa-b7cd-521d-928f-f58da9655ef5,2023-09-29,0.00094456907,0,Hyderabad,nearest_canonical_atm_euclidean,
4006,1d7d8374-7d25-5244-9349-2dba7c91bf60,2023-01-13,0.0009440271,0,Ahmedabad,nearest_canonical_atm_euclidean,
4007,d89b2703-b172-5529-922c-4af9eb48d45f,2023-07-21,0.00094392995,0,New Delhi,nearest_canonical_atm_euclidean,
4008,ce707439-e5cd-56de-8ce2-b3a7f8a910c5,2023-07-07,0.0009435685,0,Hyderabad,nearest_canonical_atm_euclidean,
4009,4cc4f0b0-6522-5752-8674-65bde1e7ee07,2023-03-24,0.0009410599,0,Hyderabad,nearest_canonical_atm_euclidean,
4010,f801c521-91da-5b20-88bb-185c236cf141,2023-04-21,0.0009383525,0,Jaipur,nearest_canonical_atm_euclidean,
4011,a891a4aa-b7cd-521d-928f-f58da9655ef5,2023-08-11,0.00093828625,0,Hyderabad,nearest_canonical_atm_euclidean,
4012,9ec9c0ef-9209-5a42-84e8-2013032e9b9e,2023-07-07,0.0009381544,0,Chennai,nearest_canonical_atm_euclidean,
4013,7142d25c-5954-53f9-ba18-f95055901780,2023-01-27,0.0009379252,0,Bengaluru,nearest_canonical_atm_euclidean,
4014,b73cca25-bce0-5c18-8339-4e08c62ff897,2023-03-10,0.0009376331,0,Kolkata,nearest_canonical_atm_euclidean,
4015,9ec9c0ef-9209-5a42-84e8-2013032e9b9e,2023-02-17,0.00093334715,0,Chennai,nearest_canonical_atm_euclidean,
4016,7aee3f20-61f3-58df-bbd1-af7d2ad4f502,2023-09-29,0.00093275023,0,Mumbai,nearest_canonical_atm_euclidean,
4017,6110b5e8-c838-5a36-af9e-ceec51e0c409,2023-06-23,0.000932627,0,New Delhi,nearest_canonical_atm_euclidean,
4018,81a02119-b06c-5fc0-b634-9f212b95825a,2023-12-08,0.0009321128,0,Hyderabad,nearest_canonical_atm_euclidean,
4019,644ec086-7a2f-56c1-8890-a0cf1371bb8f,2023-09-08,0.0009315486,0,Jaipur,nearest_canonical_atm_euclidean,
4020,81697ea2-f5de-540b-a729-ead84b45e611,2023-11-17,0.0009311479,0,Mumbai,nearest_canonical_atm_euclidean,
4021,59fb71b7-27d2-56ae-87ab-548765379b67,2023-09-01,0.00093101396,0,Bengaluru,nearest_canonical_atm_euclidean,
4022,38ef268a-dcd0-56f8-8c8f-954520b5c33b,2023-01-27,0.00093060685,0,Ahmedabad,nearest_canonical_atm_euclidean,
4023,7c1562ed-0c51-50a9-b83b-049fcdfe12b4,2023-05-12,0.0009302212,0,Jaipur,nearest_canonical_atm_euclidean,
4024,59684263-0e01-5fc5-9de6-966d650e19e5,2023-03-10,0.00092948595,0,Mumbai,nearest_canonical_atm_euclidean,
4025,3e2afad7-44dc-5833-9826-b036621dee60,2023-05-26,0.00092871534,0,Jaipur,nearest_canonical_atm_euclidean,
4026,b7c4c3b5-15ff-512b-bc9b-d52f3797f893,2023-03-17,0.0009282897,0,Chennai,nearest_canonical_atm_euclidean,
4027,6e2eb94c-abea-566d-881f-33304c81d95b,2023-07-28,0.0009277168,0,Hyderabad,nearest_canonical_atm_euclidean,
4028,c4d45e66-af66-5d62-9ec1-a719ee0110b8,2023-02-24,0.0009263579,0,Bengaluru,nearest_canonical_atm_euclidean,
4029,863a1f8a-9358-5d83-a37a-ef1b3af72061,2023-01-20,0.0009259608,0,New Delhi,nearest_canonical_atm_euclidean,
4030,b73cca25-bce0-5c18-8339-4e08c62ff897,2023-04-07,0.000925444,0,Kolkata,nearest_canonical_atm_euclidean,
4031,fbbc3df5-4722-57b4-9788-6244a82eaa45,2023-03-31,0.00092515786,0,Chennai,nearest_canonical_atm_euclidean,
4032,c4d45e66-af66-5d62-9ec1-a719ee0110b8,2023-09-29,0.000924756,0,Bengaluru,nearest_canonical_atm_euclidean,
4033,7c8a9fea-1f01-5794-b1f8-1f33bc77651b,2023-01-13,0.00092369574,0,New Delhi,nearest_canonical_atm_euclidean,
4034,3e2afad7-44dc-5833-9826-b036621dee60,2023-12-01,0.00092251983,0,Jaipur,nearest_canonical_atm_euclidean,
4035,83a48d15-e769-5c36-ba85-663466038d79,2023-01-13,0.00092124357,0,Kolkata,nearest_canonical_atm_euclidean,
4036,2e751f5b-ebe1-5162-b43d-482303a259e3,2023-02-03,0.0009192869,0,Kolkata,nearest_canonical_atm_euclidean,
4037,ab7406b4-42c4-5a64-a99f-ed1e9a1912a6,2023-09-22,0.00091843074,0,Kolkata,nearest_canonical_atm_euclidean,
4038,b73cca25-bce0-5c18-8339-4e08c62ff897,2023-06-02,0.00091794686,0,Kolkata,nearest_canonical_atm_euclidean,
4039,9adf3d58-2b6f-5de3-8510-5cc671d1d2e8,2023-01-27,0.00091780914,0,Ahmedabad,nearest_canonical_atm_euclidean,
4040,41adf9c7-e4f5-56f8-a964-fecf7428833b,2023-04-21,0.00091721857,0,Jaipur,nearest_canonical_atm_euclidean,
4041,cf923010-1ea8-516f-8a40-b3db95dce888,2023-09-22,0.00091705745,0,Chennai,nearest_canonical_atm_euclidean,
4042,2e751f5b-ebe1-5162-b43d-482303a259e3,2023-07-21,0.000916576,0,Kolkata,nearest_canonical_atm_euclidean,
4043,6110b5e8-c838-5a36-af9e-ceec51e0c409,2023-09-01,0.00091597106,0,New Delhi,nearest_canonical_atm_euclidean,
4044,869d900f-916d-59fb-a1c5-980ea46f3005,2023-04-21,0.0009147292,0,Chennai,nearest_canonical_atm_euclidean,
4045,9adf3d58-2b6f-5de3-8510-5cc671d1d2e8,2023-04-21,0.00091242115,0,Ahmedabad,nearest_canonical_atm_euclidean,
4046,06c1e399-5422-598e-8078-2622bf0dc842,2023-11-10,0.00091154175,0,Jaipur,nearest_canonical_atm_euclidean,
4047,7c1562ed-0c51-50a9-b83b-049fcdfe12b4,2023-08-11,0.00091152836,0,Jaipur,nearest_canonical_atm_euclidean,
4048,91abf21e-5b5e-5823-b4f0-c5d40f77d717,2023-04-07,0.0009102915,0,New Delhi,nearest_canonical_atm_euclidean,
4049,81a02119-b06c-5fc0-b634-9f212b95825a,2023-06-23,0.0009084152,0,Hyderabad,nearest_canonical_atm_euclidean,
4050,b76d9deb-4963-5298-b5ab-e7aa1216e9a4,2023-09-22,0.00090645,0,Kolkata,nearest_canonical_atm_euclidean,
4051,afecdedf-a580-5453-aee1-cce5a1fc6571,2023-11-10,0.0009046398,0,Ahmedabad,nearest_canonical_atm_euclidean,
4052,94effd11-8fd8-50af-8f4c-b5a629d11375,2023-12-01,0.0009025223,0,Jaipur,nearest_canonical_atm_euclidean,
4053,3b1e5d03-563a-5430-87b7-e281fa8f8af4,2023-07-07,0.00090188876,0,Mumbai,nearest_canonical_atm_euclidean,
4054,6110b5e8-c838-5a36-af9e-ceec51e0c409,2023-08-25,0.0009013669,0,New Delhi,nearest_canonical_atm_euclidean,
4055,c1ef55eb-7ba3-5dca-9329-fa76b3327004,2023-01-27,0.0009011818,0,Chennai,nearest_canonical_atm_euclidean,
4056,b41f1475-dca2-5dc1-938e-9543cd4de399,2023-04-07,0.0009011471,0,Ahmedabad,nearest_canonical_atm_euclidean,
4057,d3483408-08a1-5840-8a4f-e2a5d47c989b,2023-07-21,0.00090096757,0,Chennai,nearest_canonical_atm_euclidean,
4058,b41f1475-dca2-5dc1-938e-9543cd4de399,2023-09-08,0.0009002523,0,Ahmedabad,nearest_canonical_atm_euclidean,
4059,8d9781e0-0f19-5e72-9add-8fe3b028bb83,2023-06-23,0.0008994777,0,Hyderabad,nearest_canonical_atm_euclidean,
4060,a5676c6d-3d3e-517c-81a9-86b85c039df1,2023-03-24,0.00089793163,0,Ahmedabad,nearest_canonical_atm_euclidean,
4061,34ff42c5-aa0c-58b5-b153-3aa920bff5c7,2023-03-10,0.0008962144,0,Chennai,nearest_canonical_atm_euclidean,
4062,1af29445-7edb-54fb-a987-f6ba18f4dcc3,2023-01-06,0.00089586363,0,Bengaluru,nearest_canonical_atm_euclidean,
4063,4407e36e-71bc-5526-9a73-9f76e801cc45,2023-06-23,0.0008927721,0,Kolkata,nearest_canonical_atm_euclidean,
4064,9ec9c0ef-9209-5a42-84e8-2013032e9b9e,2023-06-30,0.0008925021,0,Chennai,nearest_canonical_atm_euclidean,
4065,dce0c68a-90eb-5756-908b-549f801f0816,2022-12-30,0.0008911471,0,Hyderabad,nearest_canonical_atm_euclidean,
4066,e2c14eb0-27b2-5683-922f-22f075a86d45,2023-06-09,0.00088785694,0,Kolkata,nearest_canonical_atm_euclidean,
4067,94effd11-8fd8-50af-8f4c-b5a629d11375,2023-08-18,0.00088768563,0,Jaipur,nearest_canonical_atm_euclidean,
4068,a5676c6d-3d3e-517c-81a9-86b85c039df1,2023-06-23,0.00088584074,0,Ahmedabad,nearest_canonical_atm_euclidean,
4069,2e751f5b-ebe1-5162-b43d-482303a259e3,2023-06-16,0.00088491617,0,Kolkata,nearest_canonical_atm_euclidean,
4070,c4d45e66-af66-5d62-9ec1-a719ee0110b8,2023-02-17,0.00088460837,0,Bengaluru,nearest_canonical_atm_euclidean,
4071,b3dc96a5-31cc-51a8-a4bc-4d47da6df377,2023-01-13,0.000883795,0,New Delhi,nearest_canonical_atm_euclidean,
4072,90bcf56f-15e8-5317-aff9-2bb508a1d03a,2023-03-03,0.0008821402,0,Chennai,nearest_canonical_atm_euclidean,
4073,7af28f6a-7ed8-5ba7-97f0-f49875cbb077,2023-10-13,0.0008812782,0,Mumbai,nearest_canonical_atm_euclidean,
4074,4407e36e-71bc-5526-9a73-9f76e801cc45,2023-05-12,0.00088007905,0,Kolkata,nearest_canonical_atm_euclidean,
4075,fceef9b3-9818-5d9c-9786-aa1ba0a869e2,2023-09-22,0.0008796821,0,Mumbai,nearest_canonical_atm_euclidean,
4076,1d7d8374-7d25-5244-9349-2dba7c91bf60,2023-12-15,0.0008777919,0,Ahmedabad,nearest_canonical_atm_euclidean,
4077,e789fbe5-81bc-554f-9309-2f60d40df893,2022-12-30,0.0008767128,0,Kolkata,nearest_canonical_atm_euclidean,
4078,7af28f6a-7ed8-5ba7-97f0-f49875cbb077,2023-07-07,0.00087628845,0,Mumbai,nearest_canonical_atm_euclidean,
4079,a2bdeeac-87ea-5acb-a121-647dd81616e4,2023-06-02,0.0008758106,0,Bengaluru,nearest_canonical_atm_euclidean,
4080,2e751f5b-ebe1-5162-b43d-482303a259e3,2023-05-05,0.0008752167,0,Kolkata,nearest_canonical_atm_euclidean,
4081,e789fbe5-81bc-554f-9309-2f60d40df893,2023-01-13,0.0008747777,0,Kolkata,nearest_canonical_atm_euclidean,
4082,9e342a67-6e23-50e0-affc-c624e2da2f70,2023-05-05,0.00087472063,0,Mumbai,nearest_canonical_atm_euclidean,
4083,34ff42c5-aa0c-58b5-b153-3aa920bff5c7,2023-10-27,0.00087430974,0,Chennai,nearest_canonical_atm_euclidean,
4084,6110b5e8-c838-5a36-af9e-ceec51e0c409,2023-05-05,0.00087392295,0,New Delhi,nearest_canonical_atm_euclidean,
4085,2ec2dfb2-1938-5797-bf2d-736d604948cb,2023-10-13,0.0008719425,0,Mumbai,nearest_canonical_atm_euclidean,
4086,422e93c8-7fc2-5abd-bd82-7b2eb566f6e6,2023-01-06,0.0008711203,0,Kolkata,nearest_canonical_atm_euclidean,
4087,4aabdbdc-9536-5b73-bab4-7cbee9886fed,2023-11-03,0.0008702737,0,Hyderabad,nearest_canonical_atm_euclidean,
4088,3aa4e1f6-58c6-5cbb-a302-28689bbca879,2022-12-30,0.000869287,0,Bengaluru,nearest_canonical_atm_euclidean,
4089,642f4235-82f6-5143-8ea5-5048e8f0d80a,2023-05-19,0.0008691851,0,Hyderabad,nearest_canonical_atm_euclidean,
4090,6ded4d28-8bc2-5507-85db-b9ec23a0756c,2023-05-19,0.00086877774,1,Mumbai,nearest_canonical_atm_euclidean,
4091,9e342a67-6e23-50e0-affc-c624e2da2f70,2023-04-07,0.0008665902,0,Mumbai,nearest_canonical_atm_euclidean,
4092,59684263-0e01-5fc5-9de6-966d650e19e5,2023-05-26,0.00086655095,0,Mumbai,nearest_canonical_atm_euclidean,
4093,0e83a772-d0c1-5d38-9f1f-4a51eb7ee575,2023-11-24,0.0008654249,0,Kolkata,nearest_canonical_atm_euclidean,
4094,dce0c68a-90eb-5756-908b-549f801f0816,2023-11-10,0.0008629375,0,Hyderabad,nearest_canonical_atm_euclidean,
4095,964994af-c467-5422-8727-4914e98a9b1b,2023-08-25,0.00085897837,0,Hyderabad,nearest_canonical_atm_euclidean,
4096,7aee3f20-61f3-58df-bbd1-af7d2ad4f502,2023-06-23,0.0008582334,0,Mumbai,nearest_canonical_atm_euclidean,
4097,a2bdeeac-87ea-5acb-a121-647dd81616e4,2023-09-22,0.00085782056,0,Bengaluru,nearest_canonical_atm_euclidean,
4098,800f26bb-ab13-53a8-8329-4e07a6b7cf1d,2023-08-18,0.0008553043,0,Mumbai,nearest_canonical_atm_euclidean,
4099,81697ea2-f5de-540b-a729-ead84b45e611,2023-05-12,0.0008549865,0,Mumbai,nearest_canonical_atm_euclidean,
4100,5773a83b-9871-5a2d-b54c-7edfa60ab72d,2023-07-07,0.0008543517,0,Jaipur,nearest_canonical_atm_euclidean,
4101,964994af-c467-5422-8727-4914e98a9b1b,2023-11-17,0.00085410825,0,Hyderabad,nearest_canonical_atm_euclidean,
4102,a2bdeeac-87ea-5acb-a121-647dd81616e4,2023-11-10,0.0008539362,0,Bengaluru,nearest_canonical_atm_euclidean,
4103,e59ea14d-6014-54fe-bc4f-daf0d4c133e3,2022-12-30,0.0008535542,0,Ahmedabad,nearest_canonical_atm_euclidean,
4104,b41f1475-dca2-5dc1-938e-9543cd4de399,2023-03-10,0.00085276127,0,Ahmedabad,nearest_canonical_atm_euclidean,
4105,bbdf6837-aab5-5b4e-839e-9ee61eaea352,2023-04-07,0.00085218495,0,Mumbai,nearest_canonical_atm_euclidean,
4106,f3b246fb-34cb-5d78-af2d-6a294c2857ba,2023-04-21,0.0008517802,0,Kolkata,nearest_canonical_atm_euclidean,
4107,81697ea2-f5de-540b-a729-ead84b45e611,2023-04-21,0.0008516073,0,Mumbai,nearest_canonical_atm_euclidean,
4108,4aabdbdc-9536-5b73-bab4-7cbee9886fed,2023-01-20,0.0008503748,0,Hyderabad,nearest_canonical_atm_euclidean,
4109,f9c8bdaf-f2d5-519b-81d4-759a53bf1015,2023-04-28,0.00084833533,0,Chennai,nearest_canonical_atm_euclidean,
4110,1d7d8374-7d25-5244-9349-2dba7c91bf60,2023-01-20,0.00084740133,0,Ahmedabad,nearest_canonical_atm_euclidean,
4111,41174545-6f86-5ccc-94c0-7054225d58ad,2023-08-25,0.0008468864,0,Chennai,nearest_canonical_atm_euclidean,
4112,b3dc96a5-31cc-51a8-a4bc-4d47da6df377,2023-04-07,0.00084623543,0,New Delhi,nearest_canonical_atm_euclidean,
4113,e2c14eb0-27b2-5683-922f-22f075a86d45,2023-03-31,0.00084526633,0,Kolkata,nearest_canonical_atm_euclidean,
4114,c991fb7a-f5c2-5464-b968-538bf5c140df,2023-12-15,0.00084487535,0,Mumbai,nearest_canonical_atm_euclidean,
4115,422e93c8-7fc2-5abd-bd82-7b2eb566f6e6,2023-03-03,0.0008448678,0,Kolkata,nearest_canonical_atm_euclidean,
4116,7bb876b7-d98c-59b9-bfe7-5d6d8706898d,2023-08-25,0.000844716,0,New Delhi,nearest_canonical_atm_euclidean,
4117,6ded4d28-8bc2-5507-85db-b9ec23a0756c,2023-06-16,0.00084351836,0,Mumbai,nearest_canonical_atm_euclidean,
4118,a891a4aa-b7cd-521d-928f-f58da9655ef5,2023-05-12,0.00084243313,0,Hyderabad,nearest_canonical_atm_euclidean,
4119,f41c7ddd-7008-5aeb-99eb-f05a1845a016,2023-09-22,0.0008421823,0,Bengaluru,nearest_canonical_atm_euclidean,
4120,d69d9b0a-1678-5866-b094-3f5f19c0c205,2023-02-03,0.000841472,0,Ahmedabad,nearest_canonical_atm_euclidean,
4121,1ceabaf4-936c-5e09-9db4-955f82fbe69e,2023-05-05,0.0008412186,0,Bengaluru,nearest_canonical_atm_euclidean,
4122,de2d188a-a433-5f4b-869a-2ffe30dfc6ab,2023-01-27,0.0008396015,0,Ahmedabad,nearest_canonical_atm_euclidean,
4123,ea588019-c786-57ab-8c8d-be7ada3e3273,2023-03-31,0.0008389749,0,Hyderabad,nearest_canonical_atm_euclidean,
4124,1d7d8374-7d25-5244-9349-2dba7c91bf60,2023-09-22,0.0008387547,0,Ahmedabad,nearest_canonical_atm_euclidean,
4125,328c3398-026a-5b82-ad02-8598a7d943ba,2023-09-08,0.0008385178,0,Bengaluru,nearest_canonical_atm_euclidean,
4126,fceef9b3-9818-5d9c-9786-aa1ba0a869e2,2023-06-16,0.00083808484,0,Mumbai,nearest_canonical_atm_euclidean,
4127,b41f1475-dca2-5dc1-938e-9543cd4de399,2023-12-08,0.0008378329,0,Ahmedabad,nearest_canonical_atm_euclidean,
4128,7142d25c-5954-53f9-ba18-f95055901780,2023-03-31,0.00083724037,0,Bengaluru,nearest_canonical_atm_euclidean,
4129,a891a4aa-b7cd-521d-928f-f58da9655ef5,2023-09-15,0.00083607755,0,Hyderabad,nearest_canonical_atm_euclidean,
4130,7aee3f20-61f3-58df-bbd1-af7d2ad4f502,2023-11-24,0.00083459704,1,Mumbai,nearest_canonical_atm_euclidean,
4131,c991fb7a-f5c2-5464-b968-538bf5c140df,2023-08-18,0.00083299255,0,Mumbai,nearest_canonical_atm_euclidean,
4132,a5676c6d-3d3e-517c-81a9-86b85c039df1,2023-11-10,0.00083223963,0,Ahmedabad,nearest_canonical_atm_euclidean,
4133,91abf21e-5b5e-5823-b4f0-c5d40f77d717,2023-08-11,0.0008311614,0,New Delhi,nearest_canonical_atm_euclidean,
4134,afecdedf-a580-5453-aee1-cce5a1fc6571,2023-02-03,0.00083107786,0,Ahmedabad,nearest_canonical_atm_euclidean,
4135,b7c4c3b5-15ff-512b-bc9b-d52f3797f893,2023-01-06,0.00082949275,0,Chennai,nearest_canonical_atm_euclidean,
4136,a9c5b13b-e31b-5d61-b111-d30041fcd1e9,2023-12-08,0.0008294303,0,Ahmedabad,nearest_canonical_atm_euclidean,
4137,dce0c68a-90eb-5756-908b-549f801f0816,2023-11-03,0.0008282303,0,Hyderabad,nearest_canonical_atm_euclidean,
4138,c1ef55eb-7ba3-5dca-9329-fa76b3327004,2023-08-04,0.000827555,0,Chennai,nearest_canonical_atm_euclidean,
4139,6ded4d28-8bc2-5507-85db-b9ec23a0756c,2023-08-11,0.0008262721,0,Mumbai,nearest_canonical_atm_euclidean,
4140,f9c8bdaf-f2d5-519b-81d4-759a53bf1015,2023-08-11,0.000825711,0,Chennai,nearest_canonical_atm_euclidean,
4141,6110b5e8-c838-5a36-af9e-ceec51e0c409,2022-12-30,0.0008256905,0,New Delhi,nearest_canonical_atm_euclidean,
4142,9ec9c0ef-9209-5a42-84e8-2013032e9b9e,2023-03-24,0.0008248031,0,Chennai,nearest_canonical_atm_euclidean,
4143,94effd11-8fd8-50af-8f4c-b5a629d11375,2023-01-06,0.0008243906,0,Jaipur,nearest_canonical_atm_euclidean,
4144,ae9a45fc-c291-5efa-a2ad-8e3d969953d5,2023-09-08,0.0008229668,0,New Delhi,nearest_canonical_atm_euclidean,
4145,67107270-efc6-529d-8ace-22395900dddc,2023-03-17,0.00082295004,0,Ahmedabad,nearest_canonical_atm_euclidean,
4146,81a02119-b06c-5fc0-b634-9f212b95825a,2023-05-26,0.00082293665,0,Hyderabad,nearest_canonical_atm_euclidean,
4147,d3483408-08a1-5840-8a4f-e2a5d47c989b,2023-09-01,0.0008229017,0,Chennai,nearest_canonical_atm_euclidean,
4148,14f26062-7d75-550d-ae7d-50ad61eb0e1b,2022-12-30,0.0008228872,0,Jaipur,nearest_canonical_atm_euclidean,
4149,5737401f-13a5-5335-9e4c-336a9e870086,2023-02-03,0.0008228629,0,Kolkata,nearest_canonical_atm_euclidean,
4150,dce0c68a-90eb-5756-908b-549f801f0816,2023-08-25,0.00082281,0,Hyderabad,nearest_canonical_atm_euclidean,
4151,4aabdbdc-9536-5b73-bab4-7cbee9886fed,2023-05-19,0.0008222163,0,Hyderabad,nearest_canonical_atm_euclidean,
4152,65a9af02-f38e-5bc1-a908-6a3a653df0fc,2023-07-28,0.0008222128,0,Ahmedabad,nearest_canonical_atm_euclidean,
4153,dce0c68a-90eb-5756-908b-549f801f0816,2023-07-21,0.0008221814,0,Hyderabad,nearest_canonical_atm_euclidean,
4154,4aabdbdc-9536-5b73-bab4-7cbee9886fed,2023-11-17,0.00082141283,0,Hyderabad,nearest_canonical_atm_euclidean,
4155,d96fb612-761a-52d1-8bfd-a2368e7f9fd3,2023-04-07,0.0008191137,0,Jaipur,nearest_canonical_atm_euclidean,
4156,e59ea14d-6014-54fe-bc4f-daf0d4c133e3,2023-04-28,0.0008179009,0,Ahmedabad,nearest_canonical_atm_euclidean,
4157,b3dc96a5-31cc-51a8-a4bc-4d47da6df377,2023-02-03,0.0008173851,0,New Delhi,nearest_canonical_atm_euclidean,
4158,7c8a9fea-1f01-5794-b1f8-1f33bc77651b,2023-09-01,0.0008168307,0,New Delhi,nearest_canonical_atm_euclidean,
4159,a2bdeeac-87ea-5acb-a121-647dd81616e4,2023-03-17,0.00081670197,0,Bengaluru,nearest_canonical_atm_euclidean,
4160,e59ea14d-6014-54fe-bc4f-daf0d4c133e3,2023-04-07,0.0008163724,0,Ahmedabad,nearest_canonical_atm_euclidean,
4161,0e0b8e6c-f46a-5dce-b705-93abfbcedab7,2023-07-28,0.00081627007,0,New Delhi,nearest_canonical_atm_euclidean,
4162,a2bdeeac-87ea-5acb-a121-647dd81616e4,2023-11-17,0.00081378483,0,Bengaluru,nearest_canonical_atm_euclidean,
4163,f69a2a75-085f-5b60-b0c2-9aebccd78b03,2023-09-29,0.0008125745,0,Hyderabad,nearest_canonical_atm_euclidean,
4164,9adf3d58-2b6f-5de3-8510-5cc671d1d2e8,2023-02-10,0.00081181066,0,Ahmedabad,nearest_canonical_atm_euclidean,
4165,b41f1475-dca2-5dc1-938e-9543cd4de399,2023-05-19,0.00081109576,0,Ahmedabad,nearest_canonical_atm_euclidean,
4166,f3b246fb-34cb-5d78-af2d-6a294c2857ba,2023-04-14,0.00081073534,0,Kolkata,nearest_canonical_atm_euclidean,
4167,7c1562ed-0c51-50a9-b83b-049fcdfe12b4,2023-09-15,0.00080711866,0,Jaipur,nearest_canonical_atm_euclidean,
4168,dce0c68a-90eb-5756-908b-549f801f0816,2023-08-18,0.0008068095,0,Hyderabad,nearest_canonical_atm_euclidean,
4169,a9c5b13b-e31b-5d61-b111-d30041fcd1e9,2023-03-24,0.0008053892,0,Ahmedabad,nearest_canonical_atm_euclidean,
4170,4aabdbdc-9536-5b73-bab4-7cbee9886fed,2023-05-26,0.00080498407,0,Hyderabad,nearest_canonical_atm_euclidean,
4171,5737401f-13a5-5335-9e4c-336a9e870086,2023-05-26,0.00080486864,0,Kolkata,nearest_canonical_atm_euclidean,
4172,67107270-efc6-529d-8ace-22395900dddc,2023-06-23,0.00080465816,0,Ahmedabad,nearest_canonical_atm_euclidean,
4173,b2e6f33c-17a1-547b-a103-0541efcaee5d,2022-12-30,0.0008046201,0,Ahmedabad,nearest_canonical_atm_euclidean,
4174,182ddc72-62c6-5f3b-b7ae-935c5b5e605b,2023-02-03,0.00080360146,0,Jaipur,nearest_canonical_atm_euclidean,
4175,a891a4aa-b7cd-521d-928f-f58da9655ef5,2023-08-04,0.0008001118,0,Hyderabad,nearest_canonical_atm_euclidean,
4176,90bcf56f-15e8-5317-aff9-2bb508a1d03a,2023-06-09,0.000799813,0,Chennai,nearest_canonical_atm_euclidean,
4177,38ef268a-dcd0-56f8-8c8f-954520b5c33b,2023-07-07,0.0007997691,0,Ahmedabad,nearest_canonical_atm_euclidean,
4178,5737401f-13a5-5335-9e4c-336a9e870086,2023-10-13,0.0007990904,0,Kolkata,nearest_canonical_atm_euclidean,
4179,c5ebb465-883d-56d7-ade4-8ad239491127,2023-07-07,0.00079851574,0,Jaipur,nearest_canonical_atm_euclidean,
4180,0e0b8e6c-f46a-5dce-b705-93abfbcedab7,2023-12-15,0.00079849554,0,New Delhi,nearest_canonical_atm_euclidean,
4181,08c99329-0e59-5327-8796-9fef243ca011,2023-09-08,0.0007978586,0,Bengaluru,nearest_canonical_atm_euclidean,
4182,eade7219-66ba-5894-8964-9eff10228818,2023-07-07,0.0007974584,0,Jaipur,nearest_canonical_atm_euclidean,
4183,4aabdbdc-9536-5b73-bab4-7cbee9886fed,2023-12-01,0.00079736987,0,Hyderabad,nearest_canonical_atm_euclidean,
4184,06c1e399-5422-598e-8078-2622bf0dc842,2023-03-17,0.0007956723,0,Jaipur,nearest_canonical_atm_euclidean,
4185,9d88e52f-9303-5776-9acc-390b8ece126d,2023-02-03,0.0007949789,0,Chennai,nearest_canonical_atm_euclidean,
4186,b2e6f33c-17a1-547b-a103-0541efcaee5d,2023-12-08,0.0007934561,0,Ahmedabad,nearest_canonical_atm_euclidean,
4187,6e2eb94c-abea-566d-881f-33304c81d95b,2023-10-06,0.0007917488,0,Hyderabad,nearest_canonical_atm_euclidean,
4188,1ceabaf4-936c-5e09-9db4-955f82fbe69e,2023-02-03,0.0007903001,0,Bengaluru,nearest_canonical_atm_euclidean,
4189,c45eaf1f-d739-587d-8090-276bc5a6a01e,2023-08-25,0.00078907644,0,New Delhi,nearest_canonical_atm_euclidean,
4190,182ddc72-62c6-5f3b-b7ae-935c5b5e605b,2023-07-21,0.00078797975,0,Jaipur,nearest_canonical_atm_euclidean,
4191,b73cca25-bce0-5c18-8339-4e08c62ff897,2023-09-08,0.0007874355,0,Kolkata,nearest_canonical_atm_euclidean,
4192,f801c521-91da-5b20-88bb-185c236cf141,2023-02-10,0.00078720524,0,Jaipur,nearest_canonical_atm_euclidean,
4193,46d959a8-3a7a-51b4-a5d0-e6489f19d5ab,2023-08-04,0.00078432175,0,Ahmedabad,nearest_canonical_atm_euclidean,
4194,51f7f7da-0718-5063-91b2-d743096e78e1,2023-02-10,0.00078416185,0,Bengaluru,nearest_canonical_atm_euclidean,
4195,f9c8bdaf-f2d5-519b-81d4-759a53bf1015,2022-12-30,0.0007824659,0,Chennai,nearest_canonical_atm_euclidean,
4196,3aa4e1f6-58c6-5cbb-a302-28689bbca879,2023-06-02,0.0007816461,0,Bengaluru,nearest_canonical_atm_euclidean,
4197,65a9af02-f38e-5bc1-a908-6a3a653df0fc,2023-09-01,0.00077848684,0,Ahmedabad,nearest_canonical_atm_euclidean,
4198,51f7f7da-0718-5063-91b2-d743096e78e1,2023-10-20,0.00077828474,0,Bengaluru,nearest_canonical_atm_euclidean,
4199,14f26062-7d75-550d-ae7d-50ad61eb0e1b,2023-10-06,0.00077827915,0,Jaipur,nearest_canonical_atm_euclidean,
4200,59fb71b7-27d2-56ae-87ab-548765379b67,2023-02-03,0.0007780381,0,Bengaluru,nearest_canonical_atm_euclidean,
4201,37d50aaa-0ca6-52fd-ba0f-a0c734b03d34,2023-10-27,0.00077802705,0,Mumbai,nearest_canonical_atm_euclidean,
4202,34ff42c5-aa0c-58b5-b153-3aa920bff5c7,2023-03-24,0.0007776531,0,Chennai,nearest_canonical_atm_euclidean,
4203,46d959a8-3a7a-51b4-a5d0-e6489f19d5ab,2023-12-15,0.00077730895,0,Ahmedabad,nearest_canonical_atm_euclidean,
4204,964994af-c467-5422-8727-4914e98a9b1b,2023-03-24,0.00077484,0,Hyderabad,nearest_canonical_atm_euclidean,
4205,b3dc96a5-31cc-51a8-a4bc-4d47da6df377,2023-01-27,0.0007746879,0,New Delhi,nearest_canonical_atm_euclidean,
4206,869d900f-916d-59fb-a1c5-980ea46f3005,2023-04-28,0.00077431666,0,Chennai,nearest_canonical_atm_euclidean,
4207,f9c8bdaf-f2d5-519b-81d4-759a53bf1015,2023-01-06,0.0007732781,0,Chennai,nearest_canonical_atm_euclidean,
4208,5773a83b-9871-5a2d-b54c-7edfa60ab72d,2023-06-09,0.0007728681,0,Jaipur,nearest_canonical_atm_euclidean,
4209,59684263-0e01-5fc5-9de6-966d650e19e5,2023-08-25,0.00077276566,0,Mumbai,nearest_canonical_atm_euclidean,
4210,08c99329-0e59-5327-8796-9fef243ca011,2023-01-13,0.0007725747,0,Bengaluru,nearest_canonical_atm_euclidean,
4211,b76d9deb-4963-5298-b5ab-e7aa1216e9a4,2023-10-20,0.0007703196,0,Kolkata,nearest_canonical_atm_euclidean,
4212,91abf21e-5b5e-5823-b4f0-c5d40f77d717,2023-11-03,0.00076950854,0,New Delhi,nearest_canonical_atm_euclidean,
4213,8d9781e0-0f19-5e72-9add-8fe3b028bb83,2023-12-08,0.00076895143,0,Hyderabad,nearest_canonical_atm_euclidean,
4214,8df3fb3f-36b9-5e62-b1aa-54e0ed960822,2023-12-01,0.00076839037,0,Mumbai,nearest_canonical_atm_euclidean,
4215,e3c72b40-457d-5627-b578-4da7a09c1fc1,2023-04-21,0.00076835195,0,New Delhi,nearest_canonical_atm_euclidean,
4216,d96fb612-761a-52d1-8bfd-a2368e7f9fd3,2023-07-28,0.00076784176,0,Jaipur,nearest_canonical_atm_euclidean,
4217,06c1e399-5422-598e-8078-2622bf0dc842,2023-07-21,0.0007671444,0,Jaipur,nearest_canonical_atm_euclidean,
4218,c4d45e66-af66-5d62-9ec1-a719ee0110b8,2023-07-14,0.0007665093,0,Bengaluru,nearest_canonical_atm_euclidean,
4219,eade7219-66ba-5894-8964-9eff10228818,2023-07-28,0.00076640205,0,Jaipur,nearest_canonical_atm_euclidean,
4220,2ec2dfb2-1938-5797-bf2d-736d604948cb,2023-10-20,0.0007660697,0,Mumbai,nearest_canonical_atm_euclidean,
4221,46d959a8-3a7a-51b4-a5d0-e6489f19d5ab,2023-04-21,0.00076511473,0,Ahmedabad,nearest_canonical_atm_euclidean,
4222,e3c72b40-457d-5627-b578-4da7a09c1fc1,2023-01-27,0.00076468143,0,New Delhi,nearest_canonical_atm_euclidean,
4223,4407e36e-71bc-5526-9a73-9f76e801cc45,2023-11-10,0.00076419587,0,Kolkata,nearest_canonical_atm_euclidean,
4224,7c1562ed-0c51-50a9-b83b-049fcdfe12b4,2023-07-21,0.000762968,0,Jaipur,nearest_canonical_atm_euclidean,
4225,65a9af02-f38e-5bc1-a908-6a3a653df0fc,2023-08-25,0.00076243444,0,Ahmedabad,nearest_canonical_atm_euclidean,
4226,07b1cb4d-de17-5ac2-a00b-02cf9e672ff0,2023-12-01,0.0007607384,0,Ahmedabad,nearest_canonical_atm_euclidean,
4227,8d9781e0-0f19-5e72-9add-8fe3b028bb83,2023-03-24,0.0007595852,0,Hyderabad,nearest_canonical_atm_euclidean,
4228,67107270-efc6-529d-8ace-22395900dddc,2023-01-13,0.0007595117,0,Ahmedabad,nearest_canonical_atm_euclidean,
4229,b41f1475-dca2-5dc1-938e-9543cd4de399,2023-12-01,0.0007590168,0,Ahmedabad,nearest_canonical_atm_euclidean,
4230,9ec9c0ef-9209-5a42-84e8-2013032e9b9e,2023-01-27,0.0007586672,0,Chennai,nearest_canonical_atm_euclidean,
4231,182ddc72-62c6-5f3b-b7ae-935c5b5e605b,2023-07-28,0.0007585613,0,Jaipur,nearest_canonical_atm_euclidean,
4232,b8864095-68a2-5748-a216-676e811b321c,2023-02-24,0.0007584369,0,Chennai,nearest_canonical_atm_euclidean,
4233,0e83a772-d0c1-5d38-9f1f-4a51eb7ee575,2022-12-30,0.0007574448,0,Kolkata,nearest_canonical_atm_euclidean,
4234,e789fbe5-81bc-554f-9309-2f60d40df893,2023-01-27,0.00075703714,0,Kolkata,nearest_canonical_atm_euclidean,
4235,ab7406b4-42c4-5a64-a99f-ed1e9a1912a6,2023-04-07,0.00075650815,0,Kolkata,nearest_canonical_atm_euclidean,
4236,41174545-6f86-5ccc-94c0-7054225d58ad,2023-04-14,0.00075537065,0,Chennai,nearest_canonical_atm_euclidean,
4237,afecdedf-a580-5453-aee1-cce5a1fc6571,2023-05-05,0.0007552058,0,Ahmedabad,nearest_canonical_atm_euclidean,
4238,67107270-efc6-529d-8ace-22395900dddc,2023-12-08,0.00075512595,0,Ahmedabad,nearest_canonical_atm_euclidean,
4239,b2e6f33c-17a1-547b-a103-0541efcaee5d,2023-06-30,0.00075449946,0,Ahmedabad,nearest_canonical_atm_euclidean,
4240,f69a2a75-085f-5b60-b0c2-9aebccd78b03,2023-01-20,0.00075392774,0,Hyderabad,nearest_canonical_atm_euclidean,
4241,5773a83b-9871-5a2d-b54c-7edfa60ab72d,2023-05-05,0.00075229106,0,Jaipur,nearest_canonical_atm_euclidean,
4242,d96fb612-761a-52d1-8bfd-a2368e7f9fd3,2023-03-03,0.00075182994,0,Jaipur,nearest_canonical_atm_euclidean,
4243,b7c4c3b5-15ff-512b-bc9b-d52f3797f893,2023-11-03,0.0007501259,0,Chennai,nearest_canonical_atm_euclidean,
4244,869d900f-916d-59fb-a1c5-980ea46f3005,2023-11-03,0.0007495618,0,Chennai,nearest_canonical_atm_euclidean,
4245,c45eaf1f-d739-587d-8090-276bc5a6a01e,2023-04-21,0.0007480023,0,New Delhi,nearest_canonical_atm_euclidean,
4246,b8864095-68a2-5748-a216-676e811b321c,2023-03-03,0.00074763066,0,Chennai,nearest_canonical_atm_euclidean,
4247,d3483408-08a1-5840-8a4f-e2a5d47c989b,2023-09-15,0.0007474764,0,Chennai,nearest_canonical_atm_euclidean,
4248,0e83a772-d0c1-5d38-9f1f-4a51eb7ee575,2023-04-14,0.0007465186,0,Kolkata,nearest_canonical_atm_euclidean,
4249,81697ea2-f5de-540b-a729-ead84b45e611,2023-06-23,0.0007459664,0,Mumbai,nearest_canonical_atm_euclidean,
4250,aac4fab3-2fa2-532d-b442-87ce705ae9f3,2023-09-22,0.00074551266,0,Bengaluru,nearest_canonical_atm_euclidean,
4251,14e22c3d-5500-5971-b937-f612a3b05543,2023-08-11,0.0007446482,0,Chennai,nearest_canonical_atm_euclidean,
4252,67107270-efc6-529d-8ace-22395900dddc,2023-05-26,0.00074463186,0,Ahmedabad,nearest_canonical_atm_euclidean,
4253,7c1562ed-0c51-50a9-b83b-049fcdfe12b4,2023-03-10,0.000744441,0,Jaipur,nearest_canonical_atm_euclidean,
4254,b2e6f33c-17a1-547b-a103-0541efcaee5d,2023-10-13,0.0007430147,0,Ahmedabad,nearest_canonical_atm_euclidean,
4255,41174545-6f86-5ccc-94c0-7054225d58ad,2023-06-02,0.00074292725,0,Chennai,nearest_canonical_atm_euclidean,
4256,0e0b8e6c-f46a-5dce-b705-93abfbcedab7,2023-02-03,0.00074257684,0,New Delhi,nearest_canonical_atm_euclidean,
4257,b3dc96a5-31cc-51a8-a4bc-4d47da6df377,2023-05-26,0.00074177724,0,New Delhi,nearest_canonical_atm_euclidean,
4258,328c3398-026a-5b82-ad02-8598a7d943ba,2023-11-24,0.00074169814,0,Bengaluru,nearest_canonical_atm_euclidean,
4259,9ec9c0ef-9209-5a42-84e8-2013032e9b9e,2023-04-07,0.0007415006,0,Chennai,nearest_canonical_atm_euclidean,
4260,1b131b05-4df1-5564-b4fd-6cb5e09cfdd5,2023-08-18,0.00074062834,0,Kolkata,nearest_canonical_atm_euclidean,
4261,94effd11-8fd8-50af-8f4c-b5a629d11375,2023-06-16,0.00074039167,0,Jaipur,nearest_canonical_atm_euclidean,
4262,59684263-0e01-5fc5-9de6-966d650e19e5,2023-08-04,0.0007391079,0,Mumbai,nearest_canonical_atm_euclidean,
4263,38ef268a-dcd0-56f8-8c8f-954520b5c33b,2023-02-10,0.00073896564,0,Ahmedabad,nearest_canonical_atm_euclidean,
4264,8df3fb3f-36b9-5e62-b1aa-54e0ed960822,2023-10-13,0.00073815417,0,Mumbai,nearest_canonical_atm_euclidean,
4265,59fb71b7-27d2-56ae-87ab-548765379b67,2023-06-30,0.0007378084,0,Bengaluru,nearest_canonical_atm_euclidean,
4266,2e751f5b-ebe1-5162-b43d-482303a259e3,2023-12-01,0.00073744403,0,Kolkata,nearest_canonical_atm_euclidean,
4267,869d900f-916d-59fb-a1c5-980ea46f3005,2023-04-14,0.0007370313,0,Chennai,nearest_canonical_atm_euclidean,
4268,c45eaf1f-d739-587d-8090-276bc5a6a01e,2023-07-14,0.0007365489,0,New Delhi,nearest_canonical_atm_euclidean,
4269,4e782d22-24b2-5334-ad26-772dec5c36d3,2023-11-10,0.0007364654,0,Jaipur,nearest_canonical_atm_euclidean,
4270,90bcf56f-15e8-5317-aff9-2bb508a1d03a,2022-12-30,0.0007363822,0,Chennai,nearest_canonical_atm_euclidean,
4271,46d959a8-3a7a-51b4-a5d0-e6489f19d5ab,2023-06-30,0.00073597115,0,Ahmedabad,nearest_canonical_atm_euclidean,
4272,2e751f5b-ebe1-5162-b43d-482303a259e3,2023-08-25,0.00073563174,0,Kolkata,nearest_canonical_atm_euclidean,
4273,fceef9b3-9818-5d9c-9786-aa1ba0a869e2,2023-10-13,0.00073484733,0,Mumbai,nearest_canonical_atm_euclidean,
4274,1b131b05-4df1-5564-b4fd-6cb5e09cfdd5,2023-09-01,0.0007343051,0,Kolkata,nearest_canonical_atm_euclidean,
4275,14f26062-7d75-550d-ae7d-50ad61eb0e1b,2023-08-18,0.00073370396,0,Jaipur,nearest_canonical_atm_euclidean,
4276,14f26062-7d75-550d-ae7d-50ad61eb0e1b,2023-06-02,0.0007331224,0,Jaipur,nearest_canonical_atm_euclidean,
4277,1af29445-7edb-54fb-a987-f6ba18f4dcc3,2023-08-25,0.0007327417,0,Bengaluru,nearest_canonical_atm_euclidean,
4278,41174545-6f86-5ccc-94c0-7054225d58ad,2023-11-10,0.0007319022,0,Chennai,nearest_canonical_atm_euclidean,
4279,4cc4f0b0-6522-5752-8674-65bde1e7ee07,2023-11-10,0.0007313144,0,Hyderabad,nearest_canonical_atm_euclidean,
4280,1d7d8374-7d25-5244-9349-2dba7c91bf60,2023-10-20,0.000730934,0,Ahmedabad,nearest_canonical_atm_euclidean,
4281,cf923010-1ea8-516f-8a40-b3db95dce888,2023-04-21,0.0007309121,0,Chennai,nearest_canonical_atm_euclidean,
4282,e2c14eb0-27b2-5683-922f-22f075a86d45,2023-04-28,0.0007308331,0,Kolkata,nearest_canonical_atm_euclidean,
4283,8279eaa3-c5e0-5a20-9db9-075ee86efeb4,2023-01-13,0.00073024613,0,Kolkata,nearest_canonical_atm_euclidean,
4284,afecdedf-a580-5453-aee1-cce5a1fc6571,2023-08-04,0.0007297022,0,Ahmedabad,nearest_canonical_atm_euclidean,
4285,7aee3f20-61f3-58df-bbd1-af7d2ad4f502,2023-04-07,0.0007285907,0,Mumbai,nearest_canonical_atm_euclidean,
4286,2ec2dfb2-1938-5797-bf2d-736d604948cb,2023-11-17,0.00072802824,0,Mumbai,nearest_canonical_atm_euclidean,
4287,6e2eb94c-abea-566d-881f-33304c81d95b,2023-07-21,0.0007276616,0,Hyderabad,nearest_canonical_atm_euclidean,
4288,afecdedf-a580-5453-aee1-cce5a1fc6571,2023-06-23,0.00072733784,0,Ahmedabad,nearest_canonical_atm_euclidean,
4289,2ec2dfb2-1938-5797-bf2d-736d604948cb,2023-03-10,0.00072651793,0,Mumbai,nearest_canonical_atm_euclidean,
4290,5737401f-13a5-5335-9e4c-336a9e870086,2023-12-01,0.0007262311,0,Kolkata,nearest_canonical_atm_euclidean,
4291,1b131b05-4df1-5564-b4fd-6cb5e09cfdd5,2023-08-25,0.0007260684,0,Kolkata,nearest_canonical_atm_euclidean,
4292,4e782d22-24b2-5334-ad26-772dec5c36d3,2023-05-26,0.0007238445,0,Jaipur,nearest_canonical_atm_euclidean,
4293,d69d9b0a-1678-5866-b094-3f5f19c0c205,2022-12-30,0.00072381075,0,Ahmedabad,nearest_canonical_atm_euclidean,
4294,a2bdeeac-87ea-5acb-a121-647dd81616e4,2023-01-20,0.00072276406,0,Bengaluru,nearest_canonical_atm_euclidean,
4295,4cc4f0b0-6522-5752-8674-65bde1e7ee07,2023-05-19,0.00071809,0,Hyderabad,nearest_canonical_atm_euclidean,
4296,c1ef55eb-7ba3-5dca-9329-fa76b3327004,2023-02-03,0.00071707927,0,Chennai,nearest_canonical_atm_euclidean,
4297,46d959a8-3a7a-51b4-a5d0-e6489f19d5ab,2023-12-08,0.0007170178,0,Ahmedabad,nearest_canonical_atm_euclidean,
4298,0e0b8e6c-f46a-5dce-b705-93abfbcedab7,2023-08-11,0.0007169443,0,New Delhi,nearest_canonical_atm_euclidean,
4299,dce0c68a-90eb-5756-908b-549f801f0816,2023-09-01,0.0007166745,0,Hyderabad,nearest_canonical_atm_euclidean,
4300,0e0b8e6c-f46a-5dce-b705-93abfbcedab7,2023-04-21,0.0007162652,0,New Delhi,nearest_canonical_atm_euclidean,
4301,f9c8bdaf-f2d5-519b-81d4-759a53bf1015,2023-10-13,0.00071625045,0,Chennai,nearest_canonical_atm_euclidean,
4302,e59ea14d-6014-54fe-bc4f-daf0d4c133e3,2023-06-30,0.00071462605,0,Ahmedabad,nearest_canonical_atm_euclidean,
4303,41adf9c7-e4f5-56f8-a964-fecf7428833b,2023-06-02,0.0007137338,0,Jaipur,nearest_canonical_atm_euclidean,
4304,422e93c8-7fc2-5abd-bd82-7b2eb566f6e6,2023-12-15,0.0007136515,0,Kolkata,nearest_canonical_atm_euclidean,
4305,23f00f1f-a233-5e89-8069-27d2584ad221,2023-08-04,0.00070975936,0,Hyderabad,nearest_canonical_atm_euclidean,
4306,94effd11-8fd8-50af-8f4c-b5a629d11375,2023-05-05,0.00070834404,0,Jaipur,nearest_canonical_atm_euclidean,
4307,14f26062-7d75-550d-ae7d-50ad61eb0e1b,2023-03-24,0.00070809055,0,Jaipur,nearest_canonical_atm_euclidean,
4308,f1f8d2d0-6ea3-5875-acce-a83a08547247,2023-12-01,0.00070572057,0,New Delhi,nearest_canonical_atm_euclidean,
4309,4cc4f0b0-6522-5752-8674-65bde1e7ee07,2023-06-02,0.0007054644,0,Hyderabad,nearest_canonical_atm_euclidean,
4310,0e0b8e6c-f46a-5dce-b705-93abfbcedab7,2023-11-17,0.0007047823,0,New Delhi,nearest_canonical_atm_euclidean,
4311,4aabdbdc-9536-5b73-bab4-7cbee9886fed,2023-08-04,0.0007037142,0,Hyderabad,nearest_canonical_atm_euclidean,
4312,a9c5b13b-e31b-5d61-b111-d30041fcd1e9,2023-06-09,0.0007032419,0,Ahmedabad,nearest_canonical_atm_euclidean,
4313,1af29445-7edb-54fb-a987-f6ba18f4dcc3,2023-05-05,0.0007029364,0,Bengaluru,nearest_canonical_atm_euclidean,
4314,81697ea2-f5de-540b-a729-ead84b45e611,2023-06-30,0.0007027977,0,Mumbai,nearest_canonical_atm_euclidean,
4315,6a5e8429-628a-5a7d-b3da-577e42cb4cd4,2022-12-30,0.00070236786,0,Bengaluru,nearest_canonical_atm_euclidean,
4316,51f7f7da-0718-5063-91b2-d743096e78e1,2023-08-18,0.00070152764,0,Bengaluru,nearest_canonical_atm_euclidean,
4317,9f8333ec-0af9-502c-8e87-21bd0e5ef301,2023-05-26,0.00070114667,0,Kolkata,nearest_canonical_atm_euclidean,
4318,9adf3d58-2b6f-5de3-8510-5cc671d1d2e8,2023-05-19,0.00070085505,0,Ahmedabad,nearest_canonical_atm_euclidean,
4319,e2c14eb0-27b2-5683-922f-22f075a86d45,2023-05-19,0.00070050446,0,Kolkata,nearest_canonical_atm_euclidean,
4320,7c8a9fea-1f01-5794-b1f8-1f33bc77651b,2023-04-21,0.0007002555,0,New Delhi,nearest_canonical_atm_euclidean,
4321,de2d188a-a433-5f4b-869a-2ffe30dfc6ab,2023-07-28,0.00070011173,0,Ahmedabad,nearest_canonical_atm_euclidean,
4322,65a9af02-f38e-5bc1-a908-6a3a653df0fc,2023-08-18,0.0007000903,0,Ahmedabad,nearest_canonical_atm_euclidean,
4323,7c8fbbb0-7633-546c-b927-1accdba2044a,2023-02-24,0.00069968315,0,Chennai,nearest_canonical_atm_euclidean,
4324,07b1cb4d-de17-5ac2-a00b-02cf9e672ff0,2023-04-14,0.0006972356,0,Ahmedabad,nearest_canonical_atm_euclidean,
4325,81697ea2-f5de-540b-a729-ead84b45e611,2023-12-01,0.00069690304,0,Mumbai,nearest_canonical_atm_euclidean,
4326,14e22c3d-5500-5971-b937-f612a3b05543,2023-03-10,0.0006955854,0,Chennai,nearest_canonical_atm_euclidean,
4327,14f26062-7d75-550d-ae7d-50ad61eb0e1b,2023-02-03,0.0006941824,0,Jaipur,nearest_canonical_atm_euclidean,
4328,b7c4c3b5-15ff-512b-bc9b-d52f3797f893,2023-03-31,0.0006926998,0,Chennai,nearest_canonical_atm_euclidean,
4329,f69a2a75-085f-5b60-b0c2-9aebccd78b03,2023-02-24,0.00069176924,0,Hyderabad,nearest_canonical_atm_euclidean,
4330,b8864095-68a2-5748-a216-676e811b321c,2023-01-13,0.0006902079,0,Chennai,nearest_canonical_atm_euclidean,
4331,6ded4d28-8bc2-5507-85db-b9ec23a0756c,2023-07-07,0.00068983505,0,Mumbai,nearest_canonical_atm_euclidean,
4332,642f4235-82f6-5143-8ea5-5048e8f0d80a,2023-07-21,0.0006897759,0,Hyderabad,nearest_canonical_atm_euclidean,
4333,d3483408-08a1-5840-8a4f-e2a5d47c989b,2023-01-27,0.0006895527,0,Chennai,nearest_canonical_atm_euclidean,
4334,7aee3f20-61f3-58df-bbd1-af7d2ad4f502,2023-12-15,0.0006891208,0,Mumbai,nearest_canonical_atm_euclidean,
4335,9adf3d58-2b6f-5de3-8510-5cc671d1d2e8,2023-04-14,0.0006877296,0,Ahmedabad,nearest_canonical_atm_euclidean,
4336,94effd11-8fd8-50af-8f4c-b5a629d11375,2023-04-21,0.0006874802,0,Jaipur,nearest_canonical_atm_euclidean,
4337,51f7f7da-0718-5063-91b2-d743096e78e1,2023-04-14,0.0006869193,0,Bengaluru,nearest_canonical_atm_euclidean,
4338,7af28f6a-7ed8-5ba7-97f0-f49875cbb077,2023-09-29,0.00068636244,0,Mumbai,nearest_canonical_atm_euclidean,
4339,4cc4f0b0-6522-5752-8674-65bde1e7ee07,2023-10-13,0.000684947,0,Hyderabad,nearest_canonical_atm_euclidean,
4340,f41c7ddd-7008-5aeb-99eb-f05a1845a016,2023-03-10,0.000684564,0,Bengaluru,nearest_canonical_atm_euclidean,
4341,67107270-efc6-529d-8ace-22395900dddc,2023-07-07,0.0006843402,0,Ahmedabad,nearest_canonical_atm_euclidean,
4342,9d88e52f-9303-5776-9acc-390b8ece126d,2023-05-26,0.0006837548,0,Chennai,nearest_canonical_atm_euclidean,
4343,6110b5e8-c838-5a36-af9e-ceec51e0c409,2023-08-04,0.0006826844,0,New Delhi,nearest_canonical_atm_euclidean,
4344,5773a83b-9871-5a2d-b54c-7edfa60ab72d,2023-02-24,0.00068101403,0,Jaipur,nearest_canonical_atm_euclidean,
4345,4407e36e-71bc-5526-9a73-9f76e801cc45,2023-10-20,0.0006796903,0,Kolkata,nearest_canonical_atm_euclidean,
4346,1d7d8374-7d25-5244-9349-2dba7c91bf60,2023-09-01,0.00067828543,0,Ahmedabad,nearest_canonical_atm_euclidean,
4347,14f26062-7d75-550d-ae7d-50ad61eb0e1b,2023-03-03,0.0006782777,0,Jaipur,nearest_canonical_atm_euclidean,
4348,de2d188a-a433-5f4b-869a-2ffe30dfc6ab,2023-02-03,0.0006780354,0,Ahmedabad,nearest_canonical_atm_euclidean,
4349,f1f8d2d0-6ea3-5875-acce-a83a08547247,2023-06-30,0.0006769764,0,New Delhi,nearest_canonical_atm_euclidean,
4350,c1ef55eb-7ba3-5dca-9329-fa76b3327004,2023-05-19,0.0006767323,0,Chennai,nearest_canonical_atm_euclidean,
4351,ce707439-e5cd-56de-8ce2-b3a7f8a910c5,2023-12-08,0.00067670713,0,Hyderabad,nearest_canonical_atm_euclidean,
4352,07b1cb4d-de17-5ac2-a00b-02cf9e672ff0,2023-01-20,0.0006751897,0,Ahmedabad,nearest_canonical_atm_euclidean,
4353,422e93c8-7fc2-5abd-bd82-7b2eb566f6e6,2023-10-13,0.0006748549,0,Kolkata,nearest_canonical_atm_euclidean,
4354,1d7d8374-7d25-5244-9349-2dba7c91bf60,2023-04-07,0.00067476643,0,Ahmedabad,nearest_canonical_atm_euclidean,
4355,d89b2703-b172-5529-922c-4af9eb48d45f,2023-09-01,0.0006745787,0,New Delhi,nearest_canonical_atm_euclidean,
4356,d96fb612-761a-52d1-8bfd-a2368e7f9fd3,2023-11-17,0.0006739175,0,Jaipur,nearest_canonical_atm_euclidean,
4357,9e342a67-6e23-50e0-affc-c624e2da2f70,2023-08-25,0.00067360635,0,Mumbai,nearest_canonical_atm_euclidean,
4358,a2bdeeac-87ea-5acb-a121-647dd81616e4,2023-02-03,0.00067232753,0,Bengaluru,nearest_canonical_atm_euclidean,
4359,e789fbe5-81bc-554f-9309-2f60d40df893,2023-06-02,0.00067225966,0,Kolkata,nearest_canonical_atm_euclidean,
4360,a9c5b13b-e31b-5d61-b111-d30041fcd1e9,2023-10-27,0.0006715683,0,Ahmedabad,nearest_canonical_atm_euclidean,
4361,9e342a67-6e23-50e0-affc-c624e2da2f70,2023-06-02,0.00067117164,0,Mumbai,nearest_canonical_atm_euclidean,
4362,7bb876b7-d98c-59b9-bfe7-5d6d8706898d,2023-01-13,0.0006687785,0,New Delhi,nearest_canonical_atm_euclidean,
4363,07b1cb4d-de17-5ac2-a00b-02cf9e672ff0,2023-03-24,0.00066793675,0,Ahmedabad,nearest_canonical_atm_euclidean,
4364,81a02119-b06c-5fc0-b634-9f212b95825a,2023-01-13,0.00066755974,0,Hyderabad,nearest_canonical_atm_euclidean,
4365,5737401f-13a5-5335-9e4c-336a9e870086,2023-01-13,0.0006671736,0,Kolkata,nearest_canonical_atm_euclidean,
4366,f9c8bdaf-f2d5-519b-81d4-759a53bf1015,2023-12-08,0.0006661507,0,Chennai,nearest_canonical_atm_euclidean,
4367,59fb71b7-27d2-56ae-87ab-548765379b67,2023-04-14,0.0006658654,0,Bengaluru,nearest_canonical_atm_euclidean,
4368,182ddc72-62c6-5f3b-b7ae-935c5b5e605b,2023-08-11,0.0006652168,0,Jaipur,nearest_canonical_atm_euclidean,
4369,59684263-0e01-5fc5-9de6-966d650e19e5,2023-09-15,0.0006648277,0,Mumbai,nearest_canonical_atm_euclidean,
4370,81697ea2-f5de-540b-a729-ead84b45e611,2023-01-20,0.0006643957,0,Mumbai,nearest_canonical_atm_euclidean,
4371,c1ef55eb-7ba3-5dca-9329-fa76b3327004,2023-10-06,0.00066389097,0,Chennai,nearest_canonical_atm_euclidean,
4372,7af28f6a-7ed8-5ba7-97f0-f49875cbb077,2023-04-07,0.0006637729,0,Mumbai,nearest_canonical_atm_euclidean,
4373,a891a4aa-b7cd-521d-928f-f58da9655ef5,2023-10-27,0.0006637299,0,Hyderabad,nearest_canonical_atm_euclidean,
4374,0e83a772-d0c1-5d38-9f1f-4a51eb7ee575,2023-08-11,0.0006636413,0,Kolkata,nearest_canonical_atm_euclidean,
4375,a5676c6d-3d3e-517c-81a9-86b85c039df1,2023-02-17,0.0006604276,0,Ahmedabad,nearest_canonical_atm_euclidean,
4376,08c99329-0e59-5327-8796-9fef243ca011,2023-04-28,0.00066017243,0,Bengaluru,nearest_canonical_atm_euclidean,
4377,2ec2dfb2-1938-5797-bf2d-736d604948cb,2023-03-24,0.0006601058,0,Mumbai,nearest_canonical_atm_euclidean,
4378,cf923010-1ea8-516f-8a40-b3db95dce888,2023-06-02,0.0006595304,0,Chennai,nearest_canonical_atm_euclidean,
4379,46d959a8-3a7a-51b4-a5d0-e6489f19d5ab,2023-06-09,0.00065823586,0,Ahmedabad,nearest_canonical_atm_euclidean,
4380,91abf21e-5b5e-5823-b4f0-c5d40f77d717,2023-06-02,0.0006578229,0,New Delhi,nearest_canonical_atm_euclidean,
4381,4e782d22-24b2-5334-ad26-772dec5c36d3,2023-05-05,0.0006570864,0,Jaipur,nearest_canonical_atm_euclidean,
4382,9d88e52f-9303-5776-9acc-390b8ece126d,2023-09-08,0.0006568738,0,Chennai,nearest_canonical_atm_euclidean,
4383,fceef9b3-9818-5d9c-9786-aa1ba0a869e2,2023-04-07,0.0006548744,0,Mumbai,nearest_canonical_atm_euclidean,
4384,cf923010-1ea8-516f-8a40-b3db95dce888,2023-09-29,0.00065443554,0,Chennai,nearest_canonical_atm_euclidean,
4385,de2d188a-a433-5f4b-869a-2ffe30dfc6ab,2023-03-24,0.00065412314,0,Ahmedabad,nearest_canonical_atm_euclidean,
4386,38ef268a-dcd0-56f8-8c8f-954520b5c33b,2023-04-14,0.00065363833,0,Ahmedabad,nearest_canonical_atm_euclidean,
4387,a9c5b13b-e31b-5d61-b111-d30041fcd1e9,2023-07-21,0.0006533524,0,Ahmedabad,nearest_canonical_atm_euclidean,
4388,f3b246fb-34cb-5d78-af2d-6a294c2857ba,2023-01-27,0.00064973725,0,Kolkata,nearest_canonical_atm_euclidean,
4389,b41f1475-dca2-5dc1-938e-9543cd4de399,2023-03-24,0.00064940914,0,Ahmedabad,nearest_canonical_atm_euclidean,
4390,c45eaf1f-d739-587d-8090-276bc5a6a01e,2023-06-30,0.00064859143,0,New Delhi,nearest_canonical_atm_euclidean,
4391,5737401f-13a5-5335-9e4c-336a9e870086,2023-08-25,0.0006467036,0,Kolkata,nearest_canonical_atm_euclidean,
4392,4aabdbdc-9536-5b73-bab4-7cbee9886fed,2023-07-14,0.0006458545,0,Hyderabad,nearest_canonical_atm_euclidean,
4393,41174545-6f86-5ccc-94c0-7054225d58ad,2023-01-06,0.00064584555,0,Chennai,nearest_canonical_atm_euclidean,
4394,8df3fb3f-36b9-5e62-b1aa-54e0ed960822,2023-04-07,0.00064559386,0,Mumbai,nearest_canonical_atm_euclidean,
4395,37d50aaa-0ca6-52fd-ba0f-a0c734b03d34,2023-06-02,0.0006454856,0,Mumbai,nearest_canonical_atm_euclidean,
4396,a891a4aa-b7cd-521d-928f-f58da9655ef5,2022-12-30,0.000642416,0,Hyderabad,nearest_canonical_atm_euclidean,
4397,6110b5e8-c838-5a36-af9e-ceec51e0c409,2023-10-13,0.00064123765,0,New Delhi,nearest_canonical_atm_euclidean,
4398,d69d9b0a-1678-5866-b094-3f5f19c0c205,2023-01-27,0.000640464,0,Ahmedabad,nearest_canonical_atm_euclidean,
4399,b3dc96a5-31cc-51a8-a4bc-4d47da6df377,2023-09-29,0.00064008543,0,New Delhi,nearest_canonical_atm_euclidean,
4400,e3c72b40-457d-5627-b578-4da7a09c1fc1,2023-09-08,0.00063957256,0,New Delhi,nearest_canonical_atm_euclidean,
4401,e59ea14d-6014-54fe-bc4f-daf0d4c133e3,2023-07-14,0.0006393532,0,Ahmedabad,nearest_canonical_atm_euclidean,
4402,d3483408-08a1-5840-8a4f-e2a5d47c989b,2023-03-17,0.00063890184,0,Chennai,nearest_canonical_atm_euclidean,
4403,1b131b05-4df1-5564-b4fd-6cb5e09cfdd5,2023-09-08,0.00063804106,0,Kolkata,nearest_canonical_atm_euclidean,
4404,ce707439-e5cd-56de-8ce2-b3a7f8a910c5,2023-01-06,0.00063679845,0,Hyderabad,nearest_canonical_atm_euclidean,
4405,0e83a772-d0c1-5d38-9f1f-4a51eb7ee575,2023-02-03,0.00063657,0,Kolkata,nearest_canonical_atm_euclidean,
4406,fbbc3df5-4722-57b4-9788-6244a82eaa45,2023-03-10,0.0006363064,0,Chennai,nearest_canonical_atm_euclidean,
4407,f69a2a75-085f-5b60-b0c2-9aebccd78b03,2022-12-30,0.00063618,0,Hyderabad,nearest_canonical_atm_euclidean,
4408,7c8fbbb0-7633-546c-b927-1accdba2044a,2023-06-16,0.00063596567,0,Chennai,nearest_canonical_atm_euclidean,
4409,0e0b8e6c-f46a-5dce-b705-93abfbcedab7,2023-05-19,0.00063480693,0,New Delhi,nearest_canonical_atm_euclidean,
4410,7c8fbbb0-7633-546c-b927-1accdba2044a,2023-08-25,0.0006343711,0,Chennai,nearest_canonical_atm_euclidean,
4411,a2bdeeac-87ea-5acb-a121-647dd81616e4,2023-09-29,0.00063362677,0,Bengaluru,nearest_canonical_atm_euclidean,
4412,d96fb612-761a-52d1-8bfd-a2368e7f9fd3,2023-05-26,0.0006320752,0,Jaipur,nearest_canonical_atm_euclidean,
4413,41174545-6f86-5ccc-94c0-7054225d58ad,2023-01-13,0.00063199503,0,Chennai,nearest_canonical_atm_euclidean,
4414,3e2afad7-44dc-5833-9826-b036621dee60,2023-10-13,0.0006318953,0,Jaipur,nearest_canonical_atm_euclidean,
4415,59fb71b7-27d2-56ae-87ab-548765379b67,2023-02-17,0.00063134666,0,Bengaluru,nearest_canonical_atm_euclidean,
4416,41174545-6f86-5ccc-94c0-7054225d58ad,2023-07-28,0.0006312685,0,Chennai,nearest_canonical_atm_euclidean,
4417,83a48d15-e769-5c36-ba85-663466038d79,2023-06-16,0.0006311596,0,Kolkata,nearest_canonical_atm_euclidean,
4418,f1f8d2d0-6ea3-5875-acce-a83a08547247,2023-09-29,0.00063067063,0,New Delhi,nearest_canonical_atm_euclidean,
4419,b8864095-68a2-5748-a216-676e811b321c,2023-07-07,0.0006297517,0,Chennai,nearest_canonical_atm_euclidean,
4420,4e782d22-24b2-5334-ad26-772dec5c36d3,2023-12-08,0.00062963046,0,Jaipur,nearest_canonical_atm_euclidean,
4421,a9c5b13b-e31b-5d61-b111-d30041fcd1e9,2023-04-14,0.00062886876,0,Ahmedabad,nearest_canonical_atm_euclidean,
4422,4aabdbdc-9536-5b73-bab4-7cbee9886fed,2023-12-15,0.0006266148,0,Hyderabad,nearest_canonical_atm_euclidean,
4423,3aa4e1f6-58c6-5cbb-a302-28689bbca879,2023-05-19,0.0006264378,0,Bengaluru,nearest_canonical_atm_euclidean,
4424,07b1cb4d-de17-5ac2-a00b-02cf9e672ff0,2023-09-01,0.00062623597,0,Ahmedabad,nearest_canonical_atm_euclidean,
4425,5773a83b-9871-5a2d-b54c-7edfa60ab72d,2023-04-21,0.0006261324,0,Jaipur,nearest_canonical_atm_euclidean,
4426,e2c14eb0-27b2-5683-922f-22f075a86d45,2023-08-11,0.000625047,0,Kolkata,nearest_canonical_atm_euclidean,
4427,ab7406b4-42c4-5a64-a99f-ed1e9a1912a6,2023-04-21,0.00062494783,0,Kolkata,nearest_canonical_atm_euclidean,
4428,863a1f8a-9358-5d83-a37a-ef1b3af72061,2023-11-24,0.0006248525,0,New Delhi,nearest_canonical_atm_euclidean,
4429,9f8333ec-0af9-502c-8e87-21bd0e5ef301,2023-05-19,0.00062402885,0,Kolkata,nearest_canonical_atm_euclidean,
4430,81697ea2-f5de-540b-a729-ead84b45e611,2023-01-06,0.0006236911,0,Mumbai,nearest_canonical_atm_euclidean,
4431,de2d188a-a433-5f4b-869a-2ffe30dfc6ab,2023-10-27,0.0006221941,0,Ahmedabad,nearest_canonical_atm_euclidean,
4432,91abf21e-5b5e-5823-b4f0-c5d40f77d717,2023-08-25,0.0006218686,0,New Delhi,nearest_canonical_atm_euclidean,
4433,e59ea14d-6014-54fe-bc4f-daf0d4c133e3,2023-03-31,0.0006204001,0,Ahmedabad,nearest_canonical_atm_euclidean,
4434,f69a2a75-085f-5b60-b0c2-9aebccd78b03,2023-03-10,0.0006202148,0,Hyderabad,nearest_canonical_atm_euclidean,
4435,9adf3d58-2b6f-5de3-8510-5cc671d1d2e8,2023-07-07,0.0006201055,0,Ahmedabad,nearest_canonical_atm_euclidean,
4436,f1f8d2d0-6ea3-5875-acce-a83a08547247,2023-08-11,0.00061854365,0,New Delhi,nearest_canonical_atm_euclidean,
4437,e789fbe5-81bc-554f-9309-2f60d40df893,2023-08-25,0.0006183924,0,Kolkata,nearest_canonical_atm_euclidean,
4438,5cbba4d0-3c52-5f68-9295-d2058d5ea946,2023-08-18,0.00061752694,0,Mumbai,nearest_canonical_atm_euclidean,
4439,5773a83b-9871-5a2d-b54c-7edfa60ab72d,2023-06-16,0.0006174413,0,Jaipur,nearest_canonical_atm_euclidean,
4440,d69d9b0a-1678-5866-b094-3f5f19c0c205,2023-01-13,0.00061696366,0,Ahmedabad,nearest_canonical_atm_euclidean,
4441,b76d9deb-4963-5298-b5ab-e7aa1216e9a4,2022-12-30,0.00061667466,0,Kolkata,nearest_canonical_atm_euclidean,
4442,4407e36e-71bc-5526-9a73-9f76e801cc45,2023-06-09,0.0006154314,0,Kolkata,nearest_canonical_atm_euclidean,
4443,08c99329-0e59-5327-8796-9fef243ca011,2023-06-30,0.0006148234,0,Bengaluru,nearest_canonical_atm_euclidean,
4444,0e0b8e6c-f46a-5dce-b705-93abfbcedab7,2023-12-01,0.000614549,0,New Delhi,nearest_canonical_atm_euclidean,
4445,83a48d15-e769-5c36-ba85-663466038d79,2023-05-26,0.0006117264,0,Kolkata,nearest_canonical_atm_euclidean,
4446,182ddc72-62c6-5f3b-b7ae-935c5b5e605b,2023-06-23,0.0006116608,0,Jaipur,nearest_canonical_atm_euclidean,
4447,9f8333ec-0af9-502c-8e87-21bd0e5ef301,2023-06-30,0.00061064004,0,Kolkata,nearest_canonical_atm_euclidean,
4448,94effd11-8fd8-50af-8f4c-b5a629d11375,2023-11-24,0.0006097895,0,Jaipur,nearest_canonical_atm_euclidean,
4449,f801c521-91da-5b20-88bb-185c236cf141,2023-01-13,0.0006089569,0,Jaipur,nearest_canonical_atm_euclidean,
4450,83a48d15-e769-5c36-ba85-663466038d79,2023-03-17,0.0006085879,0,Kolkata,nearest_canonical_atm_euclidean,
4451,91abf21e-5b5e-5823-b4f0-c5d40f77d717,2023-02-03,0.0006084273,0,New Delhi,nearest_canonical_atm_euclidean,
4452,a891a4aa-b7cd-521d-928f-f58da9655ef5,2023-02-10,0.0006058072,0,Hyderabad,nearest_canonical_atm_euclidean,
4453,5737401f-13a5-5335-9e4c-336a9e870086,2023-09-08,0.0006057076,0,Kolkata,nearest_canonical_atm_euclidean,
4454,f1f8d2d0-6ea3-5875-acce-a83a08547247,2023-06-16,0.00060450425,0,New Delhi,nearest_canonical_atm_euclidean,
4455,7c1562ed-0c51-50a9-b83b-049fcdfe12b4,2023-12-01,0.00060417276,0,Jaipur,nearest_canonical_atm_euclidean,
4456,7c8fbbb0-7633-546c-b927-1accdba2044a,2023-09-29,0.0006040988,0,Chennai,nearest_canonical_atm_euclidean,
4457,ae9a45fc-c291-5efa-a2ad-8e3d969953d5,2023-01-20,0.0006037468,0,New Delhi,nearest_canonical_atm_euclidean,
4458,6110b5e8-c838-5a36-af9e-ceec51e0c409,2023-01-27,0.000603351,0,New Delhi,nearest_canonical_atm_euclidean,
4459,b41f1475-dca2-5dc1-938e-9543cd4de399,2023-04-28,0.00060209696,0,Ahmedabad,nearest_canonical_atm_euclidean,
4460,d69d9b0a-1678-5866-b094-3f5f19c0c205,2023-10-27,0.00060209155,0,Ahmedabad,nearest_canonical_atm_euclidean,
4461,b3dc96a5-31cc-51a8-a4bc-4d47da6df377,2023-12-01,0.0006014741,0,New Delhi,nearest_canonical_atm_euclidean,
4462,81697ea2-f5de-540b-a729-ead84b45e611,2023-03-03,0.0006010832,0,Mumbai,nearest_canonical_atm_euclidean,
4463,0e0b8e6c-f46a-5dce-b705-93abfbcedab7,2022-12-30,0.00060097524,0,New Delhi,nearest_canonical_atm_euclidean,
4464,8279eaa3-c5e0-5a20-9db9-075ee86efeb4,2023-04-21,0.0006005893,0,Kolkata,nearest_canonical_atm_euclidean,
4465,34ff42c5-aa0c-58b5-b153-3aa920bff5c7,2023-02-03,0.000599015,0,Chennai,nearest_canonical_atm_euclidean,
4466,f1f8d2d0-6ea3-5875-acce-a83a08547247,2023-03-10,0.00059861265,0,New Delhi,nearest_canonical_atm_euclidean,
4467,6e2eb94c-abea-566d-881f-33304c81d95b,2023-10-27,0.0005982678,0,Hyderabad,nearest_canonical_atm_euclidean,
4468,91abf21e-5b5e-5823-b4f0-c5d40f77d717,2023-01-20,0.0005975754,0,New Delhi,nearest_canonical_atm_euclidean,
4469,1b131b05-4df1-5564-b4fd-6cb5e09cfdd5,2023-12-08,0.00059682404,0,Kolkata,nearest_canonical_atm_euclidean,
4470,0e83a772-d0c1-5d38-9f1f-4a51eb7ee575,2023-07-07,0.0005956094,0,Kolkata,nearest_canonical_atm_euclidean,
4471,6110b5e8-c838-5a36-af9e-ceec51e0c409,2023-04-07,0.0005953634,0,New Delhi,nearest_canonical_atm_euclidean,
4472,a9c5b13b-e31b-5d61-b111-d30041fcd1e9,2023-10-06,0.00059459324,0,Ahmedabad,nearest_canonical_atm_euclidean,
4473,a9c5b13b-e31b-5d61-b111-d30041fcd1e9,2023-03-17,0.00059400446,0,Ahmedabad,nearest_canonical_atm_euclidean,
4474,c1ef55eb-7ba3-5dca-9329-fa76b3327004,2023-05-12,0.0005935557,0,Chennai,nearest_canonical_atm_euclidean,
4475,644ec086-7a2f-56c1-8890-a0cf1371bb8f,2023-07-14,0.00059307105,0,Jaipur,nearest_canonical_atm_euclidean,
4476,7c8fbbb0-7633-546c-b927-1accdba2044a,2023-02-17,0.0005930281,0,Chennai,nearest_canonical_atm_euclidean,
4477,c45eaf1f-d739-587d-8090-276bc5a6a01e,2023-05-05,0.00059252157,0,New Delhi,nearest_canonical_atm_euclidean,
4478,f3b246fb-34cb-5d78-af2d-6a294c2857ba,2023-06-16,0.0005919151,0,Kolkata,nearest_canonical_atm_euclidean,
4479,67107270-efc6-529d-8ace-22395900dddc,2023-03-31,0.00059129146,0,Ahmedabad,nearest_canonical_atm_euclidean,
4480,83a48d15-e769-5c36-ba85-663466038d79,2023-07-07,0.0005894118,0,Kolkata,nearest_canonical_atm_euclidean,
4481,f3b246fb-34cb-5d78-af2d-6a294c2857ba,2023-09-08,0.00058897864,0,Kolkata,nearest_canonical_atm_euclidean,
4482,a891a4aa-b7cd-521d-928f-f58da9655ef5,2023-09-22,0.00058825465,0,Hyderabad,nearest_canonical_atm_euclidean,
4483,964994af-c467-5422-8727-4914e98a9b1b,2023-04-21,0.0005874973,0,Hyderabad,nearest_canonical_atm_euclidean,
4484,ab7406b4-42c4-5a64-a99f-ed1e9a1912a6,2023-03-31,0.00058683695,0,Kolkata,nearest_canonical_atm_euclidean,
4485,a2bdeeac-87ea-5acb-a121-647dd81616e4,2023-03-03,0.0005867036,0,Bengaluru,nearest_canonical_atm_euclidean,
4486,964994af-c467-5422-8727-4914e98a9b1b,2023-03-17,0.000585768,0,Hyderabad,nearest_canonical_atm_euclidean,
4487,4407e36e-71bc-5526-9a73-9f76e801cc45,2023-06-16,0.00058562146,0,Kolkata,nearest_canonical_atm_euclidean,
4488,9adf3d58-2b6f-5de3-8510-5cc671d1d2e8,2023-08-04,0.0005851029,0,Ahmedabad,nearest_canonical_atm_euclidean,
4489,91abf21e-5b5e-5823-b4f0-c5d40f77d717,2023-04-14,0.0005849464,0,New Delhi,nearest_canonical_atm_euclidean,
4490,14f26062-7d75-550d-ae7d-50ad61eb0e1b,2023-06-16,0.0005847135,0,Jaipur,nearest_canonical_atm_euclidean,
4491,1ceabaf4-936c-5e09-9db4-955f82fbe69e,2022-12-30,0.0005845519,0,Bengaluru,nearest_canonical_atm_euclidean,
4492,14e22c3d-5500-5971-b937-f612a3b05543,2023-09-01,0.00058403454,0,Chennai,nearest_canonical_atm_euclidean,
4493,b2e6f33c-17a1-547b-a103-0541efcaee5d,2023-05-26,0.0005828131,0,Ahmedabad,nearest_canonical_atm_euclidean,
4494,d05fbe4b-fcba-52a3-9d29-e0fce9ccdbd9,2023-05-12,0.00058278645,0,New Delhi,nearest_canonical_atm_euclidean,
4495,dce0c68a-90eb-5756-908b-549f801f0816,2023-07-28,0.00058194273,0,Hyderabad,nearest_canonical_atm_euclidean,
4496,59fb71b7-27d2-56ae-87ab-548765379b67,2023-05-26,0.0005807603,0,Bengaluru,nearest_canonical_atm_euclidean,
4497,4e782d22-24b2-5334-ad26-772dec5c36d3,2023-05-19,0.0005807594,0,Jaipur,nearest_canonical_atm_euclidean,
4498,06c1e399-5422-598e-8078-2622bf0dc842,2023-10-13,0.0005797142,0,Jaipur,nearest_canonical_atm_euclidean,
4499,b73cca25-bce0-5c18-8339-4e08c62ff897,2023-08-25,0.000579704,0,Kolkata,nearest_canonical_atm_euclidean,
4500,0e0b8e6c-f46a-5dce-b705-93abfbcedab7,2023-11-03,0.0005789914,0,New Delhi,nearest_canonical_atm_euclidean,
4501,0e0b8e6c-f46a-5dce-b705-93abfbcedab7,2023-11-24,0.0005772796,0,New Delhi,nearest_canonical_atm_euclidean,
4502,a891a4aa-b7cd-521d-928f-f58da9655ef5,2023-05-19,0.000576027,0,Hyderabad,nearest_canonical_atm_euclidean,
4503,f1f8d2d0-6ea3-5875-acce-a83a08547247,2023-01-13,0.0005748486,0,New Delhi,nearest_canonical_atm_euclidean,
4504,46d959a8-3a7a-51b4-a5d0-e6489f19d5ab,2023-09-22,0.0005744918,0,Ahmedabad,nearest_canonical_atm_euclidean,
4505,8d9781e0-0f19-5e72-9add-8fe3b028bb83,2023-09-22,0.00057406595,0,Hyderabad,nearest_canonical_atm_euclidean,
4506,b3dc96a5-31cc-51a8-a4bc-4d47da6df377,2023-06-02,0.00057297625,0,New Delhi,nearest_canonical_atm_euclidean,
4507,9e342a67-6e23-50e0-affc-c624e2da2f70,2023-04-28,0.00057288393,0,Mumbai,nearest_canonical_atm_euclidean,
4508,e2c14eb0-27b2-5683-922f-22f075a86d45,2023-01-06,0.0005727797,0,Kolkata,nearest_canonical_atm_euclidean,
4509,1af29445-7edb-54fb-a987-f6ba18f4dcc3,2023-11-03,0.0005723859,0,Bengaluru,nearest_canonical_atm_euclidean,
4510,81a02119-b06c-5fc0-b634-9f212b95825a,2023-08-25,0.000572279,0,Hyderabad,nearest_canonical_atm_euclidean,
4511,afecdedf-a580-5453-aee1-cce5a1fc6571,2023-01-27,0.00057113,0,Ahmedabad,nearest_canonical_atm_euclidean,
4512,67107270-efc6-529d-8ace-22395900dddc,2023-09-22,0.0005697075,0,Ahmedabad,nearest_canonical_atm_euclidean,
4513,b8864095-68a2-5748-a216-676e811b321c,2023-10-20,0.0005695967,0,Chennai,nearest_canonical_atm_euclidean,
4514,a9c5b13b-e31b-5d61-b111-d30041fcd1e9,2023-07-07,0.00056933676,0,Ahmedabad,nearest_canonical_atm_euclidean,
4515,83a48d15-e769-5c36-ba85-663466038d79,2023-03-10,0.00056831585,0,Kolkata,nearest_canonical_atm_euclidean,
4516,d69d9b0a-1678-5866-b094-3f5f19c0c205,2023-11-03,0.0005680429,0,Ahmedabad,nearest_canonical_atm_euclidean,
4517,a2bdeeac-87ea-5acb-a121-647dd81616e4,2023-04-14,0.0005675737,0,Bengaluru,nearest_canonical_atm_euclidean,
4518,9b0bfc62-59d8-573e-81b2-fee4669a409a,2023-08-11,0.00056715455,0,Hyderabad,nearest_canonical_atm_euclidean,
4519,c1ef55eb-7ba3-5dca-9329-fa76b3327004,2023-03-24,0.000565781,0,Chennai,nearest_canonical_atm_euclidean,
4520,eade7219-66ba-5894-8964-9eff10228818,2023-07-14,0.0005657541,0,Jaipur,nearest_canonical_atm_euclidean,
4521,9f8333ec-0af9-502c-8e87-21bd0e5ef301,2023-10-27,0.0005656168,0,Kolkata,nearest_canonical_atm_euclidean,
4522,9d88e52f-9303-5776-9acc-390b8ece126d,2023-04-21,0.00056542223,0,Chennai,nearest_canonical_atm_euclidean,
4523,f69a2a75-085f-5b60-b0c2-9aebccd78b03,2023-03-17,0.0005651596,0,Hyderabad,nearest_canonical_atm_euclidean,
4524,c991fb7a-f5c2-5464-b968-538bf5c140df,2023-10-13,0.0005647967,0,Mumbai,nearest_canonical_atm_euclidean,
4525,4e782d22-24b2-5334-ad26-772dec5c36d3,2023-08-18,0.0005646298,0,Jaipur,nearest_canonical_atm_euclidean,
4526,06c1e399-5422-598e-8078-2622bf0dc842,2023-09-22,0.00056442607,0,Jaipur,nearest_canonical_atm_euclidean,
4527,869d900f-916d-59fb-a1c5-980ea46f3005,2023-11-17,0.0005639053,0,Chennai,nearest_canonical_atm_euclidean,
4528,a891a4aa-b7cd-521d-928f-f58da9655ef5,2023-01-06,0.00056337455,0,Hyderabad,nearest_canonical_atm_euclidean,
4529,0e83a772-d0c1-5d38-9f1f-4a51eb7ee575,2023-12-01,0.0005611478,0,Kolkata,nearest_canonical_atm_euclidean,
4530,1d7d8374-7d25-5244-9349-2dba7c91bf60,2023-03-24,0.00056035735,0,Ahmedabad,nearest_canonical_atm_euclidean,
4531,7bb876b7-d98c-59b9-bfe7-5d6d8706898d,2023-10-13,0.00055951974,0,New Delhi,nearest_canonical_atm_euclidean,
4532,37d50aaa-0ca6-52fd-ba0f-a0c734b03d34,2023-12-01,0.0005591055,0,Mumbai,nearest_canonical_atm_euclidean,
4533,8df3fb3f-36b9-5e62-b1aa-54e0ed960822,2023-09-15,0.0005579239,0,Mumbai,nearest_canonical_atm_euclidean,
4534,a9c5b13b-e31b-5d61-b111-d30041fcd1e9,2023-08-11,0.00055698934,0,Ahmedabad,nearest_canonical_atm_euclidean,
4535,ea588019-c786-57ab-8c8d-be7ada3e3273,2023-04-07,0.0005559476,0,Hyderabad,nearest_canonical_atm_euclidean,
4536,7c1562ed-0c51-50a9-b83b-049fcdfe12b4,2023-04-14,0.0005559381,0,Jaipur,nearest_canonical_atm_euclidean,
4537,dce0c68a-90eb-5756-908b-549f801f0816,2023-06-30,0.0005554529,0,Hyderabad,nearest_canonical_atm_euclidean,
4538,ce707439-e5cd-56de-8ce2-b3a7f8a910c5,2023-05-26,0.00055534014,0,Hyderabad,nearest_canonical_atm_euclidean,
4539,f801c521-91da-5b20-88bb-185c236cf141,2023-11-03,0.0005549706,0,Jaipur,nearest_canonical_atm_euclidean,
4540,642f4235-82f6-5143-8ea5-5048e8f0d80a,2023-04-07,0.00055457454,0,Hyderabad,nearest_canonical_atm_euclidean,
4541,ae9a45fc-c291-5efa-a2ad-8e3d969953d5,2023-08-04,0.0005541096,0,New Delhi,nearest_canonical_atm_euclidean,
4542,eade7219-66ba-5894-8964-9eff10228818,2023-03-31,0.0005539287,0,Jaipur,nearest_canonical_atm_euclidean,
4543,e59ea14d-6014-54fe-bc4f-daf0d4c133e3,2023-06-09,0.00055386726,0,Ahmedabad,nearest_canonical_atm_euclidean,
4544,9b0bfc62-59d8-573e-81b2-fee4669a409a,2023-11-03,0.00055327016,0,Hyderabad,nearest_canonical_atm_euclidean,
4545,1b131b05-4df1-5564-b4fd-6cb5e09cfdd5,2023-06-16,0.00055320136,0,Kolkata,nearest_canonical_atm_euclidean,
4546,34ff42c5-aa0c-58b5-b153-3aa920bff5c7,2023-05-05,0.00055310887,0,Chennai,nearest_canonical_atm_euclidean,
4547,59fb71b7-27d2-56ae-87ab-548765379b67,2023-09-22,0.0005509681,0,Bengaluru,nearest_canonical_atm_euclidean,
4548,644ec086-7a2f-56c1-8890-a0cf1371bb8f,2023-09-29,0.00055042194,0,Jaipur,nearest_canonical_atm_euclidean,
4549,964994af-c467-5422-8727-4914e98a9b1b,2023-06-23,0.00055009284,0,Hyderabad,nearest_canonical_atm_euclidean,
4550,ba44c170-601e-501e-a74f-77b6e98cae26,2023-09-15,0.000548639,0,Hyderabad,nearest_canonical_atm_euclidean,
4551,d69d9b0a-1678-5866-b094-3f5f19c0c205,2023-09-08,0.00054804835,0,Ahmedabad,nearest_canonical_atm_euclidean,
4552,81697ea2-f5de-540b-a729-ead84b45e611,2023-08-25,0.0005480301,0,Mumbai,nearest_canonical_atm_euclidean,
4553,91abf21e-5b5e-5823-b4f0-c5d40f77d717,2023-03-24,0.00054751424,0,New Delhi,nearest_canonical_atm_euclidean,
4554,0949a9d8-1c2f-5d53-bc48-6050d92fe35b,2023-05-26,0.00054592773,0,Bengaluru,nearest_canonical_atm_euclidean,
4555,b8864095-68a2-5748-a216-676e811b321c,2023-12-08,0.00054544065,0,Chennai,nearest_canonical_atm_euclidean,
4556,4407e36e-71bc-5526-9a73-9f76e801cc45,2023-01-27,0.000545279,0,Kolkata,nearest_canonical_atm_euclidean,
4557,5737401f-13a5-5335-9e4c-336a9e870086,2023-08-18,0.00054484623,0,Kolkata,nearest_canonical_atm_euclidean,
4558,fceef9b3-9818-5d9c-9786-aa1ba0a869e2,2023-04-21,0.0005443209,0,Mumbai,nearest_canonical_atm_euclidean,
4559,4cc4f0b0-6522-5752-8674-65bde1e7ee07,2023-04-21,0.0005433337,0,Hyderabad,nearest_canonical_atm_euclidean,
4560,c1ef55eb-7ba3-5dca-9329-fa76b3327004,2023-08-25,0.00054120657,0,Chennai,nearest_canonical_atm_euclidean,
4561,5cbba4d0-3c52-5f68-9295-d2058d5ea946,2023-11-24,0.0005391563,0,Mumbai,nearest_canonical_atm_euclidean,
4562,182ddc72-62c6-5f3b-b7ae-935c5b5e605b,2023-01-27,0.00053875975,0,Jaipur,nearest_canonical_atm_euclidean,
4563,23f00f1f-a233-5e89-8069-27d2584ad221,2023-02-24,0.0005382131,0,Hyderabad,nearest_canonical_atm_euclidean,
4564,08c99329-0e59-5327-8796-9fef243ca011,2023-07-21,0.0005376762,0,Bengaluru,nearest_canonical_atm_euclidean,
4565,08c99329-0e59-5327-8796-9fef243ca011,2023-12-01,0.0005358482,0,Bengaluru,nearest_canonical_atm_euclidean,
4566,e789fbe5-81bc-554f-9309-2f60d40df893,2023-06-16,0.0005351492,0,Kolkata,nearest_canonical_atm_euclidean,
4567,e59ea14d-6014-54fe-bc4f-daf0d4c133e3,2023-03-17,0.0005339302,0,Ahmedabad,nearest_canonical_atm_euclidean,
4568,7af28f6a-7ed8-5ba7-97f0-f49875cbb077,2023-06-30,0.0005339025,0,Mumbai,nearest_canonical_atm_euclidean,
4569,9d88e52f-9303-5776-9acc-390b8ece126d,2023-09-01,0.00053379533,0,Chennai,nearest_canonical_atm_euclidean,
4570,b41f1475-dca2-5dc1-938e-9543cd4de399,2023-08-18,0.0005334632,0,Ahmedabad,nearest_canonical_atm_euclidean,
4571,3e2afad7-44dc-5833-9826-b036621dee60,2023-12-15,0.0005334429,0,Jaipur,nearest_canonical_atm_euclidean,
4572,2ec2dfb2-1938-5797-bf2d-736d604948cb,2023-09-01,0.00053271936,0,Mumbai,nearest_canonical_atm_euclidean,
4573,5773a83b-9871-5a2d-b54c-7edfa60ab72d,2023-03-24,0.0005326353,0,Jaipur,nearest_canonical_atm_euclidean,
4574,964994af-c467-5422-8727-4914e98a9b1b,2023-01-06,0.00053209055,0,Hyderabad,nearest_canonical_atm_euclidean,
4575,b76d9deb-4963-5298-b5ab-e7aa1216e9a4,2023-11-17,0.00053182134,0,Kolkata,nearest_canonical_atm_euclidean,
4576,41174545-6f86-5ccc-94c0-7054225d58ad,2023-07-21,0.0005315679,0,Chennai,nearest_canonical_atm_euclidean,
4577,83a48d15-e769-5c36-ba85-663466038d79,2023-08-18,0.000528352,0,Kolkata,nearest_canonical_atm_euclidean,
4578,dce0c68a-90eb-5756-908b-549f801f0816,2023-09-08,0.0005279253,0,Hyderabad,nearest_canonical_atm_euclidean,
4579,7c1562ed-0c51-50a9-b83b-049fcdfe12b4,2023-01-06,0.0005267471,0,Jaipur,nearest_canonical_atm_euclidean,
4580,94effd11-8fd8-50af-8f4c-b5a629d11375,2023-04-14,0.0005266116,0,Jaipur,nearest_canonical_atm_euclidean,
4581,9e342a67-6e23-50e0-affc-c624e2da2f70,2023-08-04,0.0005263,0,Mumbai,nearest_canonical_atm_euclidean,
4582,46d959a8-3a7a-51b4-a5d0-e6489f19d5ab,2023-08-25,0.0005256948,0,Ahmedabad,nearest_canonical_atm_euclidean,
4583,ab7406b4-42c4-5a64-a99f-ed1e9a1912a6,2023-01-13,0.0005248177,0,Kolkata,nearest_canonical_atm_euclidean,
4584,91abf21e-5b5e-5823-b4f0-c5d40f77d717,2023-02-17,0.00052456086,0,New Delhi,nearest_canonical_atm_euclidean,
4585,869d900f-916d-59fb-a1c5-980ea46f3005,2023-08-11,0.00052384386,0,Chennai,nearest_canonical_atm_euclidean,
4586,f9c8bdaf-f2d5-519b-81d4-759a53bf1015,2023-11-03,0.0005218479,0,Chennai,nearest_canonical_atm_euclidean,
4587,d96fb612-761a-52d1-8bfd-a2368e7f9fd3,2023-10-06,0.0005217609,0,Jaipur,nearest_canonical_atm_euclidean,
4588,6e2eb94c-abea-566d-881f-33304c81d95b,2023-08-11,0.0005216388,0,Hyderabad,nearest_canonical_atm_euclidean,
4589,0e0b8e6c-f46a-5dce-b705-93abfbcedab7,2023-10-13,0.00052118796,0,New Delhi,nearest_canonical_atm_euclidean,
4590,cf923010-1ea8-516f-8a40-b3db95dce888,2023-12-15,0.00052091584,0,Chennai,nearest_canonical_atm_euclidean,
4591,cf923010-1ea8-516f-8a40-b3db95dce888,2023-11-10,0.00052045233,0,Chennai,nearest_canonical_atm_euclidean,
4592,f3b246fb-34cb-5d78-af2d-6a294c2857ba,2023-01-13,0.0005201128,0,Kolkata,nearest_canonical_atm_euclidean,
4593,ab7406b4-42c4-5a64-a99f-ed1e9a1912a6,2023-11-24,0.00051883183,0,Kolkata,nearest_canonical_atm_euclidean,
4594,9adf3d58-2b6f-5de3-8510-5cc671d1d2e8,2023-08-18,0.0005186383,0,Ahmedabad,nearest_canonical_atm_euclidean,
4595,4407e36e-71bc-5526-9a73-9f76e801cc45,2023-10-27,0.00051855796,0,Kolkata,nearest_canonical_atm_euclidean,
4596,c5ebb465-883d-56d7-ade4-8ad239491127,2023-02-03,0.00051803945,0,Jaipur,nearest_canonical_atm_euclidean,
4597,f1f8d2d0-6ea3-5875-acce-a83a08547247,2023-01-06,0.00051661837,0,New Delhi,nearest_canonical_atm_euclidean,
4598,7aee3f20-61f3-58df-bbd1-af7d2ad4f502,2023-03-17,0.0005164694,0,Mumbai,nearest_canonical_atm_euclidean,
4599,b2e6f33c-17a1-547b-a103-0541efcaee5d,2023-03-24,0.0005162211,0,Ahmedabad,nearest_canonical_atm_euclidean,
4600,51f7f7da-0718-5063-91b2-d743096e78e1,2023-06-30,0.0005158291,0,Bengaluru,nearest_canonical_atm_euclidean,
4601,2ec2dfb2-1938-5797-bf2d-736d604948cb,2023-06-30,0.00051532884,0,Mumbai,nearest_canonical_atm_euclidean,
4602,9adf3d58-2b6f-5de3-8510-5cc671d1d2e8,2022-12-30,0.00051471347,0,Ahmedabad,nearest_canonical_atm_euclidean,
4603,47b40f44-e493-5f2d-b12c-8a7eb6ccd6f4,2023-06-16,0.000514557,0,Jaipur,nearest_canonical_atm_euclidean,
4604,08c99329-0e59-5327-8796-9fef243ca011,2023-09-15,0.0005124369,0,Bengaluru,nearest_canonical_atm_euclidean,
4605,46d959a8-3a7a-51b4-a5d0-e6489f19d5ab,2023-09-29,0.0005105109,0,Ahmedabad,nearest_canonical_atm_euclidean,
4606,1ceabaf4-936c-5e09-9db4-955f82fbe69e,2023-01-27,0.00050984323,0,Bengaluru,nearest_canonical_atm_euclidean,
4607,c45eaf1f-d739-587d-8090-276bc5a6a01e,2023-01-13,0.0005096489,0,New Delhi,nearest_canonical_atm_euclidean,
4608,b41f1475-dca2-5dc1-938e-9543cd4de399,2023-10-27,0.0005073555,0,Ahmedabad,nearest_canonical_atm_euclidean,
4609,4e782d22-24b2-5334-ad26-772dec5c36d3,2023-05-12,0.0005072351,0,Jaipur,nearest_canonical_atm_euclidean,
4610,83a48d15-e769-5c36-ba85-663466038d79,2023-08-11,0.0005071916,0,Kolkata,nearest_canonical_atm_euclidean,
4611,83a48d15-e769-5c36-ba85-663466038d79,2023-01-27,0.00050391327,0,Kolkata,nearest_canonical_atm_euclidean,
4612,51f7f7da-0718-5063-91b2-d743096e78e1,2023-02-17,0.00050264783,0,Bengaluru,nearest_canonical_atm_euclidean,
4613,9ec9c0ef-9209-5a42-84e8-2013032e9b9e,2023-02-10,0.00050229003,0,Chennai,nearest_canonical_atm_euclidean,
4614,fbbc3df5-4722-57b4-9788-6244a82eaa45,2023-04-21,0.0005020545,0,Chennai,nearest_canonical_atm_euclidean,
4615,b41f1475-dca2-5dc1-938e-9543cd4de399,2023-11-10,0.0005012175,0,Ahmedabad,nearest_canonical_atm_euclidean,
4616,9ec9c0ef-9209-5a42-84e8-2013032e9b9e,2023-10-06,0.0005011308,0,Chennai,nearest_canonical_atm_euclidean,
4617,65a9af02-f38e-5bc1-a908-6a3a653df0fc,2023-01-20,0.00050105655,0,Ahmedabad,nearest_canonical_atm_euclidean,
4618,9d88e52f-9303-5776-9acc-390b8ece126d,2023-06-02,0.0005006016,0,Chennai,nearest_canonical_atm_euclidean,
4619,06c1e399-5422-598e-8078-2622bf0dc842,2023-06-09,0.0004983606,0,Jaipur,nearest_canonical_atm_euclidean,
4620,0e0b8e6c-f46a-5dce-b705-93abfbcedab7,2023-06-30,0.000497932,0,New Delhi,nearest_canonical_atm_euclidean,
4621,23f00f1f-a233-5e89-8069-27d2584ad221,2023-06-23,0.00049788936,0,Hyderabad,nearest_canonical_atm_euclidean,
4622,c45eaf1f-d739-587d-8090-276bc5a6a01e,2023-01-06,0.0004972732,0,New Delhi,nearest_canonical_atm_euclidean,
4623,47b40f44-e493-5f2d-b12c-8a7eb6ccd6f4,2023-07-21,0.00049680227,0,Jaipur,nearest_canonical_atm_euclidean,
4624,ea588019-c786-57ab-8c8d-be7ada3e3273,2023-03-17,0.0004962275,0,Hyderabad,nearest_canonical_atm_euclidean,
4625,e59ea14d-6014-54fe-bc4f-daf0d4c133e3,2023-07-28,0.00049547176,0,Ahmedabad,nearest_canonical_atm_euclidean,
4626,964994af-c467-5422-8727-4914e98a9b1b,2023-03-31,0.0004952791,0,Hyderabad,nearest_canonical_atm_euclidean,
4627,9d88e52f-9303-5776-9acc-390b8ece126d,2023-12-15,0.000494969,0,Chennai,nearest_canonical_atm_euclidean,
4628,4cc4f0b0-6522-5752-8674-65bde1e7ee07,2023-03-31,0.0004949485,0,Hyderabad,nearest_canonical_atm_euclidean,
4629,14e22c3d-5500-5971-b937-f612a3b05543,2023-10-27,0.00049462845,0,Chennai,nearest_canonical_atm_euclidean,
4630,3e2afad7-44dc-5833-9826-b036621dee60,2023-06-23,0.0004944833,0,Jaipur,nearest_canonical_atm_euclidean,
4631,94effd11-8fd8-50af-8f4c-b5a629d11375,2023-09-15,0.0004942137,0,Jaipur,nearest_canonical_atm_euclidean,
4632,b2e6f33c-17a1-547b-a103-0541efcaee5d,2023-07-28,0.000494051,0,Ahmedabad,nearest_canonical_atm_euclidean,
4633,4cc4f0b0-6522-5752-8674-65bde1e7ee07,2023-09-22,0.00049286213,0,Hyderabad,nearest_canonical_atm_euclidean,
4634,9d88e52f-9303-5776-9acc-390b8ece126d,2023-07-07,0.00049199123,0,Chennai,nearest_canonical_atm_euclidean,
4635,9b0bfc62-59d8-573e-81b2-fee4669a409a,2023-01-06,0.00049154146,0,Hyderabad,nearest_canonical_atm_euclidean,
4636,2ec2dfb2-1938-5797-bf2d-736d604948cb,2023-09-22,0.00049102894,0,Mumbai,nearest_canonical_atm_euclidean,
4637,e2c14eb0-27b2-5683-922f-22f075a86d45,2023-06-16,0.0004899872,0,Kolkata,nearest_canonical_atm_euclidean,
4638,9e342a67-6e23-50e0-affc-c624e2da2f70,2023-07-14,0.0004897304,0,Mumbai,nearest_canonical_atm_euclidean,
4639,e789fbe5-81bc-554f-9309-2f60d40df893,2023-05-19,0.00048936316,0,Kolkata,nearest_canonical_atm_euclidean,
4640,ea588019-c786-57ab-8c8d-be7ada3e3273,2023-02-17,0.00048847555,0,Hyderabad,nearest_canonical_atm_euclidean,
4641,14f26062-7d75-550d-ae7d-50ad61eb0e1b,2023-06-09,0.0004882998,0,Jaipur,nearest_canonical_atm_euclidean,
4642,c991fb7a-f5c2-5464-b968-538bf5c140df,2023-04-28,0.00048706235,0,Mumbai,nearest_canonical_atm_euclidean,
4643,1d7d8374-7d25-5244-9349-2dba7c91bf60,2023-02-24,0.0004849734,0,Ahmedabad,nearest_canonical_atm_euclidean,
4644,06c1e399-5422-598e-8078-2622bf0dc842,2023-05-19,0.00048481906,0,Jaipur,nearest_canonical_atm_euclidean,
4645,14e22c3d-5500-5971-b937-f612a3b05543,2023-02-10,0.00048474417,0,Chennai,nearest_canonical_atm_euclidean,
4646,83a48d15-e769-5c36-ba85-663466038d79,2023-03-24,0.00048370793,0,Kolkata,nearest_canonical_atm_euclidean,
4647,a2bdeeac-87ea-5acb-a121-647dd81616e4,2023-01-27,0.00048356346,0,Bengaluru,nearest_canonical_atm_euclidean,
4648,4e782d22-24b2-5334-ad26-772dec5c36d3,2023-08-25,0.00048342327,0,Jaipur,nearest_canonical_atm_euclidean,
4649,37d50aaa-0ca6-52fd-ba0f-a0c734b03d34,2023-03-17,0.0004825962,0,Mumbai,nearest_canonical_atm_euclidean,
4650,e789fbe5-81bc-554f-9309-2f60d40df893,2023-12-08,0.00048231383,0,Kolkata,nearest_canonical_atm_euclidean,
4651,07b1cb4d-de17-5ac2-a00b-02cf9e672ff0,2023-11-17,0.00048180038,0,Ahmedabad,nearest_canonical_atm_euclidean,
4652,59684263-0e01-5fc5-9de6-966d650e19e5,2023-07-28,0.0004817145,0,Mumbai,nearest_canonical_atm_euclidean,
4653,8d9781e0-0f19-5e72-9add-8fe3b028bb83,2023-07-28,0.00047977833,0,Hyderabad,nearest_canonical_atm_euclidean,
4654,90bcf56f-15e8-5317-aff9-2bb508a1d03a,2023-09-29,0.0004774575,0,Chennai,nearest_canonical_atm_euclidean,
4655,de2d188a-a433-5f4b-869a-2ffe30dfc6ab,2023-03-17,0.0004765781,0,Ahmedabad,nearest_canonical_atm_euclidean,
4656,ce707439-e5cd-56de-8ce2-b3a7f8a910c5,2023-07-14,0.0004759929,0,Hyderabad,nearest_canonical_atm_euclidean,
4657,ab7406b4-42c4-5a64-a99f-ed1e9a1912a6,2023-03-24,0.00047561486,0,Kolkata,nearest_canonical_atm_euclidean,
4658,65a9af02-f38e-5bc1-a908-6a3a653df0fc,2023-07-14,0.00047465766,0,Ahmedabad,nearest_canonical_atm_euclidean,
4659,ea588019-c786-57ab-8c8d-be7ada3e3273,2023-06-09,0.00047381595,0,Hyderabad,nearest_canonical_atm_euclidean,
4660,41adf9c7-e4f5-56f8-a964-fecf7428833b,2023-07-21,0.0004728871,0,Jaipur,nearest_canonical_atm_euclidean,
4661,83a48d15-e769-5c36-ba85-663466038d79,2023-08-25,0.00047273838,0,Kolkata,nearest_canonical_atm_euclidean,
4662,182ddc72-62c6-5f3b-b7ae-935c5b5e605b,2023-03-17,0.00047258384,0,Jaipur,nearest_canonical_atm_euclidean,
4663,41174545-6f86-5ccc-94c0-7054225d58ad,2023-10-13,0.0004720267,0,Chennai,nearest_canonical_atm_euclidean,
4664,b8864095-68a2-5748-a216-676e811b321c,2023-03-17,0.0004710657,0,Chennai,nearest_canonical_atm_euclidean,
4665,afecdedf-a580-5453-aee1-cce5a1fc6571,2023-07-21,0.00047101584,0,Ahmedabad,nearest_canonical_atm_euclidean,
4666,a891a4aa-b7cd-521d-928f-f58da9655ef5,2023-09-01,0.00046959074,0,Hyderabad,nearest_canonical_atm_euclidean,
4667,4aabdbdc-9536-5b73-bab4-7cbee9886fed,2023-09-08,0.00046849396,0,Hyderabad,nearest_canonical_atm_euclidean,
4668,a5676c6d-3d3e-517c-81a9-86b85c039df1,2023-03-17,0.00046847385,0,Ahmedabad,nearest_canonical_atm_euclidean,
4669,ce707439-e5cd-56de-8ce2-b3a7f8a910c5,2023-12-01,0.00046807123,0,Hyderabad,nearest_canonical_atm_euclidean,
4670,9f8333ec-0af9-502c-8e87-21bd0e5ef301,2023-09-15,0.00046780516,0,Kolkata,nearest_canonical_atm_euclidean,
4671,3b1e5d03-563a-5430-87b7-e281fa8f8af4,2023-07-28,0.0004674949,0,Mumbai,nearest_canonical_atm_euclidean,
4672,fceef9b3-9818-5d9c-9786-aa1ba0a869e2,2023-11-17,0.00046713656,0,Mumbai,nearest_canonical_atm_euclidean,
4673,4407e36e-71bc-5526-9a73-9f76e801cc45,2023-07-28,0.0004653492,0,Kolkata,nearest_canonical_atm_euclidean,
4674,964994af-c467-5422-8727-4914e98a9b1b,2023-09-01,0.00046491006,0,Hyderabad,nearest_canonical_atm_euclidean,
4675,a9c5b13b-e31b-5d61-b111-d30041fcd1e9,2023-11-10,0.0004648376,0,Ahmedabad,nearest_canonical_atm_euclidean,
4676,67107270-efc6-529d-8ace-22395900dddc,2023-05-12,0.0004638419,0,Ahmedabad,nearest_canonical_atm_euclidean,
4677,81a02119-b06c-5fc0-b634-9f212b95825a,2023-10-06,0.0004632348,0,Hyderabad,nearest_canonical_atm_euclidean,
4678,34ff42c5-aa0c-58b5-b153-3aa920bff5c7,2023-09-29,0.00046298734,0,Chennai,nearest_canonical_atm_euclidean,
4679,0e83a772-d0c1-5d38-9f1f-4a51eb7ee575,2023-08-25,0.00046210753,0,Kolkata,nearest_canonical_atm_euclidean,
4680,1d7d8374-7d25-5244-9349-2dba7c91bf60,2023-08-11,0.00046198134,0,Ahmedabad,nearest_canonical_atm_euclidean,
4681,51f7f7da-0718-5063-91b2-d743096e78e1,2023-08-11,0.00046154557,0,Bengaluru,nearest_canonical_atm_euclidean,
4682,eade7219-66ba-5894-8964-9eff10228818,2023-03-24,0.00046095267,0,Jaipur,nearest_canonical_atm_euclidean,
4683,14f26062-7d75-550d-ae7d-50ad61eb0e1b,2023-01-13,0.00046041535,0,Jaipur,nearest_canonical_atm_euclidean,
4684,7aee3f20-61f3-58df-bbd1-af7d2ad4f502,2023-06-30,0.0004601177,0,Mumbai,nearest_canonical_atm_euclidean,
4685,b41f1475-dca2-5dc1-938e-9543cd4de399,2023-01-20,0.000458858,0,Ahmedabad,nearest_canonical_atm_euclidean,
4686,1d7d8374-7d25-5244-9349-2dba7c91bf60,2023-07-21,0.0004570161,0,Ahmedabad,nearest_canonical_atm_euclidean,
4687,d69d9b0a-1678-5866-b094-3f5f19c0c205,2023-03-24,0.0004568931,0,Ahmedabad,nearest_canonical_atm_euclidean,
4688,afecdedf-a580-5453-aee1-cce5a1fc6571,2023-09-22,0.00045622414,0,Ahmedabad,nearest_canonical_atm_euclidean,
4689,9b0bfc62-59d8-573e-81b2-fee4669a409a,2023-09-29,0.0004561676,0,Hyderabad,nearest_canonical_atm_euclidean,
4690,59fb71b7-27d2-56ae-87ab-548765379b67,2023-10-20,0.00045541665,0,Bengaluru,nearest_canonical_atm_euclidean,
4691,a891a4aa-b7cd-521d-928f-f58da9655ef5,2023-10-20,0.0004551319,0,Hyderabad,nearest_canonical_atm_euclidean,
4692,ae9a45fc-c291-5efa-a2ad-8e3d969953d5,2023-10-06,0.00045488705,0,New Delhi,nearest_canonical_atm_euclidean,
4693,de2d188a-a433-5f4b-869a-2ffe30dfc6ab,2023-02-24,0.00045469482,0,Ahmedabad,nearest_canonical_atm_euclidean,
4694,d96fb612-761a-52d1-8bfd-a2368e7f9fd3,2023-07-14,0.00045386227,0,Jaipur,nearest_canonical_atm_euclidean,
4695,06c1e399-5422-598e-8078-2622bf0dc842,2023-08-18,0.0004537271,0,Jaipur,nearest_canonical_atm_euclidean,
4696,67107270-efc6-529d-8ace-22395900dddc,2023-03-24,0.00045352665,0,Ahmedabad,nearest_canonical_atm_euclidean,
4697,81697ea2-f5de-540b-a729-ead84b45e611,2023-08-11,0.0004527194,0,Mumbai,nearest_canonical_atm_euclidean,
4698,51f7f7da-0718-5063-91b2-d743096e78e1,2023-09-08,0.0004508733,0,Bengaluru,nearest_canonical_atm_euclidean,
4699,0e0b8e6c-f46a-5dce-b705-93abfbcedab7,2023-02-24,0.0004505483,0,New Delhi,nearest_canonical_atm_euclidean,
4700,cf923010-1ea8-516f-8a40-b3db95dce888,2023-02-24,0.00044972723,0,Chennai,nearest_canonical_atm_euclidean,
4701,a9c5b13b-e31b-5d61-b111-d30041fcd1e9,2023-01-27,0.00044939146,0,Ahmedabad,nearest_canonical_atm_euclidean,
4702,e59ea14d-6014-54fe-bc4f-daf0d4c133e3,2023-09-29,0.0004492182,0,Ahmedabad,nearest_canonical_atm_euclidean,
4703,b2e6f33c-17a1-547b-a103-0541efcaee5d,2023-02-17,0.00044915354,0,Ahmedabad,nearest_canonical_atm_euclidean,
4704,7aee3f20-61f3-58df-bbd1-af7d2ad4f502,2023-03-24,0.00044892458,0,Mumbai,nearest_canonical_atm_euclidean,
4705,b41f1475-dca2-5dc1-938e-9543cd4de399,2023-07-14,0.00044835746,0,Ahmedabad,nearest_canonical_atm_euclidean,
4706,c991fb7a-f5c2-5464-b968-538bf5c140df,2023-09-22,0.0004481972,0,Mumbai,nearest_canonical_atm_euclidean,
4707,d69d9b0a-1678-5866-b094-3f5f19c0c205,2023-02-24,0.0004480721,0,Ahmedabad,nearest_canonical_atm_euclidean,
4708,e59ea14d-6014-54fe-bc4f-daf0d4c133e3,2023-11-24,0.0004480279,0,Ahmedabad,nearest_canonical_atm_euclidean,
4709,e59ea14d-6014-54fe-bc4f-daf0d4c133e3,2023-06-02,0.00044794995,0,Ahmedabad,nearest_canonical_atm_euclidean,
4710,94effd11-8fd8-50af-8f4c-b5a629d11375,2023-10-20,0.00044669717,0,Jaipur,nearest_canonical_atm_euclidean,
4711,67107270-efc6-529d-8ace-22395900dddc,2023-05-05,0.0004452719,0,Ahmedabad,nearest_canonical_atm_euclidean,
4712,4e782d22-24b2-5334-ad26-772dec5c36d3,2023-04-28,0.0004448099,0,Jaipur,nearest_canonical_atm_euclidean,
4713,e59ea14d-6014-54fe-bc4f-daf0d4c133e3,2023-07-21,0.0004438694,0,Ahmedabad,nearest_canonical_atm_euclidean,
4714,e2c14eb0-27b2-5683-922f-22f075a86d45,2023-09-01,0.00044265264,0,Kolkata,nearest_canonical_atm_euclidean,
4715,1b131b05-4df1-5564-b4fd-6cb5e09cfdd5,2023-06-23,0.00044252712,0,Kolkata,nearest_canonical_atm_euclidean,
4716,eade7219-66ba-5894-8964-9eff10228818,2023-04-07,0.00044240084,0,Jaipur,nearest_canonical_atm_euclidean,
4717,4cc4f0b0-6522-5752-8674-65bde1e7ee07,2023-02-10,0.0004423009,0,Hyderabad,nearest_canonical_atm_euclidean,
4718,46d959a8-3a7a-51b4-a5d0-e6489f19d5ab,2023-05-12,0.00044103232,0,Ahmedabad,nearest_canonical_atm_euclidean,
4719,e3c72b40-457d-5627-b578-4da7a09c1fc1,2023-10-06,0.0004405174,0,New Delhi,nearest_canonical_atm_euclidean,
4720,51f7f7da-0718-5063-91b2-d743096e78e1,2023-12-15,0.00043917826,0,Bengaluru,nearest_canonical_atm_euclidean,
4721,e789fbe5-81bc-554f-9309-2f60d40df893,2023-05-12,0.00043916423,0,Kolkata,nearest_canonical_atm_euclidean,
4722,b41f1475-dca2-5dc1-938e-9543cd4de399,2023-09-22,0.00043774673,0,Ahmedabad,nearest_canonical_atm_euclidean,
4723,7aee3f20-61f3-58df-bbd1-af7d2ad4f502,2023-09-08,0.00043716765,0,Mumbai,nearest_canonical_atm_euclidean,
4724,182ddc72-62c6-5f3b-b7ae-935c5b5e605b,2023-12-01,0.00043654634,0,Jaipur,nearest_canonical_atm_euclidean,
4725,c1ef55eb-7ba3-5dca-9329-fa76b3327004,2023-06-16,0.00043473014,0,Chennai,nearest_canonical_atm_euclidean,
4726,f9c8bdaf-f2d5-519b-81d4-759a53bf1015,2023-07-14,0.00043468355,0,Chennai,nearest_canonical_atm_euclidean,
4727,7c1562ed-0c51-50a9-b83b-049fcdfe12b4,2023-07-14,0.00043450994,0,Jaipur,nearest_canonical_atm_euclidean,
4728,b3dc96a5-31cc-51a8-a4bc-4d47da6df377,2023-11-24,0.00043424,0,New Delhi,nearest_canonical_atm_euclidean,
4729,e3c72b40-457d-5627-b578-4da7a09c1fc1,2023-02-17,0.00043417062,0,New Delhi,nearest_canonical_atm_euclidean,
4730,a9c5b13b-e31b-5d61-b111-d30041fcd1e9,2023-03-31,0.00043413832,0,Ahmedabad,nearest_canonical_atm_euclidean,
4731,91abf21e-5b5e-5823-b4f0-c5d40f77d717,2023-10-06,0.00043377763,0,New Delhi,nearest_canonical_atm_euclidean,
4732,41adf9c7-e4f5-56f8-a964-fecf7428833b,2023-09-01,0.00043300135,0,Jaipur,nearest_canonical_atm_euclidean,
4733,e59ea14d-6014-54fe-bc4f-daf0d4c133e3,2023-05-12,0.00043288208,0,Ahmedabad,nearest_canonical_atm_euclidean,
4734,dce0c68a-90eb-5756-908b-549f801f0816,2023-09-22,0.0004324919,0,Hyderabad,nearest_canonical_atm_euclidean,
4735,e59ea14d-6014-54fe-bc4f-daf0d4c133e3,2023-10-27,0.00043222687,0,Ahmedabad,nearest_canonical_atm_euclidean,
4736,e2c14eb0-27b2-5683-922f-22f075a86d45,2023-09-22,0.00043182285,0,Kolkata,nearest_canonical_atm_euclidean,
4737,4e782d22-24b2-5334-ad26-772dec5c36d3,2023-03-17,0.0004317945,0,Jaipur,nearest_canonical_atm_euclidean,
4738,94effd11-8fd8-50af-8f4c-b5a629d11375,2023-06-02,0.00043088518,0,Jaipur,nearest_canonical_atm_euclidean,
4739,9ec9c0ef-9209-5a42-84e8-2013032e9b9e,2023-01-20,0.00043075168,0,Chennai,nearest_canonical_atm_euclidean,
4740,c5ebb465-883d-56d7-ade4-8ad239491127,2023-01-27,0.0004303439,0,Jaipur,nearest_canonical_atm_euclidean,
4741,642f4235-82f6-5143-8ea5-5048e8f0d80a,2023-11-24,0.000430005,0,Hyderabad,nearest_canonical_atm_euclidean,
4742,c4d45e66-af66-5d62-9ec1-a719ee0110b8,2023-03-03,0.0004279185,0,Bengaluru,nearest_canonical_atm_euclidean,
4743,47b40f44-e493-5f2d-b12c-8a7eb6ccd6f4,2023-08-25,0.00042787057,0,Jaipur,nearest_canonical_atm_euclidean,
4744,91abf21e-5b5e-5823-b4f0-c5d40f77d717,2023-05-12,0.00042780815,0,New Delhi,nearest_canonical_atm_euclidean,
4745,7c1562ed-0c51-50a9-b83b-049fcdfe12b4,2023-02-10,0.0004276883,0,Jaipur,nearest_canonical_atm_euclidean,
4746,0e0b8e6c-f46a-5dce-b705-93abfbcedab7,2023-03-10,0.00042736332,0,New Delhi,nearest_canonical_atm_euclidean,
4747,d3483408-08a1-5840-8a4f-e2a5d47c989b,2023-03-10,0.0004272258,0,Chennai,nearest_canonical_atm_euclidean,
4748,41adf9c7-e4f5-56f8-a964-fecf7428833b,2023-08-11,0.00042665924,0,Jaipur,nearest_canonical_atm_euclidean,
4749,e789fbe5-81bc-554f-9309-2f60d40df893,2023-12-15,0.00042581392,0,Kolkata,nearest_canonical_atm_euclidean,
4750,67107270-efc6-529d-8ace-22395900dddc,2023-06-30,0.00042568444,0,Ahmedabad,nearest_canonical_atm_euclidean,
4751,f801c521-91da-5b20-88bb-185c236cf141,2023-10-20,0.000425047,0,Jaipur,nearest_canonical_atm_euclidean,
4752,a891a4aa-b7cd-521d-928f-f58da9655ef5,2023-03-17,0.0004246825,0,Hyderabad,nearest_canonical_atm_euclidean,
4753,a891a4aa-b7cd-521d-928f-f58da9655ef5,2023-03-31,0.0004246825,0,Hyderabad,nearest_canonical_atm_euclidean,
4754,51f7f7da-0718-5063-91b2-d743096e78e1,2023-02-03,0.00042241445,0,Bengaluru,nearest_canonical_atm_euclidean,
4755,0e0b8e6c-f46a-5dce-b705-93abfbcedab7,2023-01-27,0.00042152384,0,New Delhi,nearest_canonical_atm_euclidean,
4756,ce707439-e5cd-56de-8ce2-b3a7f8a910c5,2023-09-01,0.0004209412,0,Hyderabad,nearest_canonical_atm_euclidean,
4757,f1f8d2d0-6ea3-5875-acce-a83a08547247,2023-02-24,0.000420366,0,New Delhi,nearest_canonical_atm_euclidean,
4758,a2bdeeac-87ea-5acb-a121-647dd81616e4,2023-03-24,0.00042001606,0,Bengaluru,nearest_canonical_atm_euclidean,
4759,5737401f-13a5-5335-9e4c-336a9e870086,2023-02-10,0.00041989016,0,Kolkata,nearest_canonical_atm_euclidean,
4760,8d9781e0-0f19-5e72-9add-8fe3b028bb83,2023-09-29,0.00041981734,0,Hyderabad,nearest_canonical_atm_euclidean,
4761,fbbc3df5-4722-57b4-9788-6244a82eaa45,2023-04-14,0.00041935133,0,Chennai,nearest_canonical_atm_euclidean,
4762,c991fb7a-f5c2-5464-b968-538bf5c140df,2023-07-28,0.00041817134,0,Mumbai,nearest_canonical_atm_euclidean,
4763,c5ebb465-883d-56d7-ade4-8ad239491127,2023-06-30,0.0004179619,0,Jaipur,nearest_canonical_atm_euclidean,
4764,81697ea2-f5de-540b-a729-ead84b45e611,2023-11-03,0.00041549854,0,Mumbai,nearest_canonical_atm_euclidean,
4765,51f7f7da-0718-5063-91b2-d743096e78e1,2023-03-17,0.00041540765,0,Bengaluru,nearest_canonical_atm_euclidean,
4766,23f00f1f-a233-5e89-8069-27d2584ad221,2023-03-03,0.000414927,0,Hyderabad,nearest_canonical_atm_euclidean,
4767,964994af-c467-5422-8727-4914e98a9b1b,2022-12-30,0.00041482865,0,Hyderabad,nearest_canonical_atm_euclidean,
4768,67107270-efc6-529d-8ace-22395900dddc,2023-03-03,0.00041353976,0,Ahmedabad,nearest_canonical_atm_euclidean,
4769,f9c8bdaf-f2d5-519b-81d4-759a53bf1015,2023-07-21,0.00041324398,0,Chennai,nearest_canonical_atm_euclidean,
4770,642f4235-82f6-5143-8ea5-5048e8f0d80a,2023-01-20,0.0004131209,0,Hyderabad,nearest_canonical_atm_euclidean,
4771,c45eaf1f-d739-587d-8090-276bc5a6a01e,2023-05-26,0.00041256324,0,New Delhi,nearest_canonical_atm_euclidean,
4772,9b0bfc62-59d8-573e-81b2-fee4669a409a,2023-03-31,0.0004112237,0,Hyderabad,nearest_canonical_atm_euclidean,
4773,a891a4aa-b7cd-521d-928f-f58da9655ef5,2023-04-14,0.0004110064,0,Hyderabad,nearest_canonical_atm_euclidean,
4774,4cc4f0b0-6522-5752-8674-65bde1e7ee07,2023-10-06,0.00041041954,0,Hyderabad,nearest_canonical_atm_euclidean,
4775,4407e36e-71bc-5526-9a73-9f76e801cc45,2023-12-01,0.00041001535,0,Kolkata,nearest_canonical_atm_euclidean,
4776,3aa4e1f6-58c6-5cbb-a302-28689bbca879,2023-02-03,0.00040975318,0,Bengaluru,nearest_canonical_atm_euclidean,
4777,34ff42c5-aa0c-58b5-b153-3aa920bff5c7,2023-12-08,0.0004096309,0,Chennai,nearest_canonical_atm_euclidean,
4778,0e83a772-d0c1-5d38-9f1f-4a51eb7ee575,2023-10-13,0.0004088012,0,Kolkata,nearest_canonical_atm_euclidean,
4779,b73cca25-bce0-5c18-8339-4e08c62ff897,2023-01-27,0.00040875873,0,Kolkata,nearest_canonical_atm_euclidean,
4780,4cc4f0b0-6522-5752-8674-65bde1e7ee07,2023-05-26,0.0004077459,0,Hyderabad,nearest_canonical_atm_euclidean,
4781,0e0b8e6c-f46a-5dce-b705-93abfbcedab7,2023-06-16,0.00040717743,0,New Delhi,nearest_canonical_atm_euclidean,
4782,67107270-efc6-529d-8ace-22395900dddc,2023-06-16,0.00040571918,0,Ahmedabad,nearest_canonical_atm_euclidean,
4783,b41f1475-dca2-5dc1-938e-9543cd4de399,2023-06-02,0.0004054706,0,Ahmedabad,nearest_canonical_atm_euclidean,
4784,eade7219-66ba-5894-8964-9eff10228818,2023-05-12,0.0004046751,0,Jaipur,nearest_canonical_atm_euclidean,
4785,65a9af02-f38e-5bc1-a908-6a3a653df0fc,2023-08-04,0.00040440788,0,Ahmedabad,nearest_canonical_atm_euclidean,
4786,f69a2a75-085f-5b60-b0c2-9aebccd78b03,2023-12-08,0.00040389542,0,Hyderabad,nearest_canonical_atm_euclidean,
4787,4aabdbdc-9536-5b73-bab4-7cbee9886fed,2023-06-16,0.00040349484,0,Hyderabad,nearest_canonical_atm_euclidean,
4788,6ded4d28-8bc2-5507-85db-b9ec23a0756c,2023-03-17,0.00040177372,0,Mumbai,nearest_canonical_atm_euclidean,
4789,e2c14eb0-27b2-5683-922f-22f075a86d45,2023-02-17,0.00040161848,0,Kolkata,nearest_canonical_atm_euclidean,
4790,d69d9b0a-1678-5866-b094-3f5f19c0c205,2023-07-14,0.00040137867,0,Ahmedabad,nearest_canonical_atm_euclidean,
4791,0e0b8e6c-f46a-5dce-b705-93abfbcedab7,2023-09-22,0.00040133164,0,New Delhi,nearest_canonical_atm_euclidean,
4792,f9c8bdaf-f2d5-519b-81d4-759a53bf1015,2023-05-26,0.00040117328,0,Chennai,nearest_canonical_atm_euclidean,
4793,f1f8d2d0-6ea3-5875-acce-a83a08547247,2023-06-23,0.00040102375,0,New Delhi,nearest_canonical_atm_euclidean,
4794,14f26062-7d75-550d-ae7d-50ad61eb0e1b,2023-01-06,0.0004009454,0,Jaipur,nearest_canonical_atm_euclidean,
4795,07b1cb4d-de17-5ac2-a00b-02cf9e672ff0,2023-03-10,0.00040091615,0,Ahmedabad,nearest_canonical_atm_euclidean,
4796,869d900f-916d-59fb-a1c5-980ea46f3005,2023-06-23,0.0004007761,0,Chennai,nearest_canonical_atm_euclidean,
4797,7c1562ed-0c51-50a9-b83b-049fcdfe12b4,2023-06-23,0.00040022138,0,Jaipur,nearest_canonical_atm_euclidean,
4798,a9c5b13b-e31b-5d61-b111-d30041fcd1e9,2023-09-01,0.00040021888,0,Ahmedabad,nearest_canonical_atm_euclidean,
4799,9f8333ec-0af9-502c-8e87-21bd0e5ef301,2023-11-24,0.00039963558,0,Kolkata,nearest_canonical_atm_euclidean,
4800,4cc4f0b0-6522-5752-8674-65bde1e7ee07,2023-10-27,0.00039837902,0,Hyderabad,nearest_canonical_atm_euclidean,
4801,e2c14eb0-27b2-5683-922f-22f075a86d45,2023-08-18,0.0003946456,0,Kolkata,nearest_canonical_atm_euclidean,
4802,9d88e52f-9303-5776-9acc-390b8ece126d,2023-01-20,0.00039393103,0,Chennai,nearest_canonical_atm_euclidean,
4803,34ff42c5-aa0c-58b5-b153-3aa920bff5c7,2023-03-03,0.00039384243,0,Chennai,nearest_canonical_atm_euclidean,
4804,51f7f7da-0718-5063-91b2-d743096e78e1,2023-11-17,0.00039350614,0,Bengaluru,nearest_canonical_atm_euclidean,
4805,1ca42a9a-50ec-5a1d-99e3-81bf7c579716,2023-01-13,0.00039317168,0,New Delhi,nearest_canonical_atm_euclidean,
4806,ab7406b4-42c4-5a64-a99f-ed1e9a1912a6,2023-06-23,0.00039289874,0,Kolkata,nearest_canonical_atm_euclidean,
4807,59fb71b7-27d2-56ae-87ab-548765379b67,2023-06-02,0.00039286245,0,Bengaluru,nearest_canonical_atm_euclidean,
4808,d69d9b0a-1678-5866-b094-3f5f19c0c205,2023-03-17,0.0003927254,0,Ahmedabad,nearest_canonical_atm_euclidean,
4809,d69d9b0a-1678-5866-b094-3f5f19c0c205,2023-03-31,0.00039198966,0,Ahmedabad,nearest_canonical_atm_euclidean,
4810,e59ea14d-6014-54fe-bc4f-daf0d4c133e3,2023-01-13,0.0003915014,0,Ahmedabad,nearest_canonical_atm_euclidean,
4811,f9c8bdaf-f2d5-519b-81d4-759a53bf1015,2023-05-05,0.00039146087,0,Chennai,nearest_canonical_atm_euclidean,
4812,fbbc3df5-4722-57b4-9788-6244a82eaa45,2023-09-15,0.0003913279,0,Chennai,nearest_canonical_atm_euclidean,
4813,c991fb7a-f5c2-5464-b968-538bf5c140df,2023-10-20,0.00039103813,0,Mumbai,nearest_canonical_atm_euclidean,
4814,67107270-efc6-529d-8ace-22395900dddc,2023-09-29,0.00039064855,1,Ahmedabad,nearest_canonical_atm_euclidean,
4815,14f26062-7d75-550d-ae7d-50ad61eb0e1b,2023-09-01,0.00039049925,0,Jaipur,nearest_canonical_atm_euclidean,
4816,7c8fbbb0-7633-546c-b927-1accdba2044a,2023-06-30,0.00039042032,0,Chennai,nearest_canonical_atm_euclidean,
4817,d05fbe4b-fcba-52a3-9d29-e0fce9ccdbd9,2023-12-15,0.00038947165,0,New Delhi,nearest_canonical_atm_euclidean,
4818,964994af-c467-5422-8727-4914e98a9b1b,2023-12-01,0.0003891998,0,Hyderabad,nearest_canonical_atm_euclidean,
4819,e3c72b40-457d-5627-b578-4da7a09c1fc1,2023-05-26,0.00038911653,0,New Delhi,nearest_canonical_atm_euclidean,
4820,9ec9c0ef-9209-5a42-84e8-2013032e9b9e,2023-07-28,0.00038900948,0,Chennai,nearest_canonical_atm_euclidean,
4821,51f7f7da-0718-5063-91b2-d743096e78e1,2023-05-26,0.00038803782,0,Bengaluru,nearest_canonical_atm_euclidean,
4822,14e22c3d-5500-5971-b937-f612a3b05543,2023-08-18,0.00038709588,0,Chennai,nearest_canonical_atm_euclidean,
4823,5773a83b-9871-5a2d-b54c-7edfa60ab72d,2023-09-01,0.0003866415,0,Jaipur,nearest_canonical_atm_euclidean,
4824,b76d9deb-4963-5298-b5ab-e7aa1216e9a4,2023-06-09,0.00038604208,0,Kolkata,nearest_canonical_atm_euclidean,
4825,7c1562ed-0c51-50a9-b83b-049fcdfe12b4,2023-07-07,0.00038562276,0,Jaipur,nearest_canonical_atm_euclidean,
4826,b73cca25-bce0-5c18-8339-4e08c62ff897,2023-08-18,0.00038527919,0,Kolkata,nearest_canonical_atm_euclidean,
4827,5cbba4d0-3c52-5f68-9295-d2058d5ea946,2023-10-13,0.00038503815,0,Mumbai,nearest_canonical_atm_euclidean,
4828,d3483408-08a1-5840-8a4f-e2a5d47c989b,2023-02-03,0.0003845873,0,Chennai,nearest_canonical_atm_euclidean,
4829,c991fb7a-f5c2-5464-b968-538bf5c140df,2023-04-07,0.00038451087,0,Mumbai,nearest_canonical_atm_euclidean,
4830,91abf21e-5b5e-5823-b4f0-c5d40f77d717,2023-07-07,0.00038444102,0,New Delhi,nearest_canonical_atm_euclidean,
4831,9d88e52f-9303-5776-9acc-390b8ece126d,2023-11-03,0.00038409285,0,Chennai,nearest_canonical_atm_euclidean,
4832,b7c4c3b5-15ff-512b-bc9b-d52f3797f893,2023-02-10,0.00038348386,0,Chennai,nearest_canonical_atm_euclidean,
4833,7af28f6a-7ed8-5ba7-97f0-f49875cbb077,2023-01-06,0.0003832832,0,Mumbai,nearest_canonical_atm_euclidean,
4834,328c3398-026a-5b82-ad02-8598a7d943ba,2023-05-05,0.00038299977,0,Bengaluru,nearest_canonical_atm_euclidean,
4835,59fb71b7-27d2-56ae-87ab-548765379b67,2023-06-16,0.0003826257,0,Bengaluru,nearest_canonical_atm_euclidean,
4836,8279eaa3-c5e0-5a20-9db9-075ee86efeb4,2023-01-27,0.00038255932,0,Kolkata,nearest_canonical_atm_euclidean,
4837,91abf21e-5b5e-5823-b4f0-c5d40f77d717,2023-11-24,0.0003822163,0,New Delhi,nearest_canonical_atm_euclidean,
4838,a9c5b13b-e31b-5d61-b111-d30041fcd1e9,2023-11-24,0.00038178693,0,Ahmedabad,nearest_canonical_atm_euclidean,
4839,07b1cb4d-de17-5ac2-a00b-02cf9e672ff0,2023-03-31,0.00038101902,0,Ahmedabad,nearest_canonical_atm_euclidean,
4840,67107270-efc6-529d-8ace-22395900dddc,2023-09-08,0.00037991878,0,Ahmedabad,nearest_canonical_atm_euclidean,
4841,67107270-efc6-529d-8ace-22395900dddc,2023-01-20,0.0003798494,0,Ahmedabad,nearest_canonical_atm_euclidean,
4842,6ded4d28-8bc2-5507-85db-b9ec23a0756c,2023-07-21,0.00037940263,0,Mumbai,nearest_canonical_atm_euclidean,
4843,a2bdeeac-87ea-5acb-a121-647dd81616e4,2023-10-20,0.00037929704,0,Bengaluru,nearest_canonical_atm_euclidean,
4844,07b1cb4d-de17-5ac2-a00b-02cf9e672ff0,2023-10-13,0.00037919116,0,Ahmedabad,nearest_canonical_atm_euclidean,
4845,a9c5b13b-e31b-5d61-b111-d30041fcd1e9,2023-08-25,0.0003784526,0,Ahmedabad,nearest_canonical_atm_euclidean,
4846,d3483408-08a1-5840-8a4f-e2a5d47c989b,2023-08-11,0.00037843437,0,Chennai,nearest_canonical_atm_euclidean,
4847,b2e6f33c-17a1-547b-a103-0541efcaee5d,2023-11-10,0.00037761847,0,Ahmedabad,nearest_canonical_atm_euclidean,
4848,8d9781e0-0f19-5e72-9add-8fe3b028bb83,2023-09-08,0.00037720148,0,Hyderabad,nearest_canonical_atm_euclidean,
4849,4e782d22-24b2-5334-ad26-772dec5c36d3,2023-10-13,0.0003771835,0,Jaipur,nearest_canonical_atm_euclidean,
4850,9f8333ec-0af9-502c-8e87-21bd0e5ef301,2023-03-10,0.00037690983,0,Kolkata,nearest_canonical_atm_euclidean,
4851,9d88e52f-9303-5776-9acc-390b8ece126d,2023-03-31,0.00037660575,0,Chennai,nearest_canonical_atm_euclidean,
4852,cf923010-1ea8-516f-8a40-b3db95dce888,2023-03-31,0.00037649716,0,Chennai,nearest_canonical_atm_euclidean,
4853,a9c5b13b-e31b-5d61-b111-d30041fcd1e9,2023-05-19,0.00037626323,0,Ahmedabad,nearest_canonical_atm_euclidean,
4854,e59ea14d-6014-54fe-bc4f-daf0d4c133e3,2023-09-22,0.00037600633,0,Ahmedabad,nearest_canonical_atm_euclidean,
4855,41adf9c7-e4f5-56f8-a964-fecf7428833b,2023-07-28,0.00037569442,0,Jaipur,nearest_canonical_atm_euclidean,
4856,f3b246fb-34cb-5d78-af2d-6a294c2857ba,2023-02-03,0.00037558697,0,Kolkata,nearest_canonical_atm_euclidean,
4857,b2e6f33c-17a1-547b-a103-0541efcaee5d,2023-03-17,0.00037555402,0,Ahmedabad,nearest_canonical_atm_euclidean,
4858,e3c72b40-457d-5627-b578-4da7a09c1fc1,2023-02-03,0.00037534803,0,New Delhi,nearest_canonical_atm_euclidean,
4859,06c1e399-5422-598e-8078-2622bf0dc842,2023-09-08,0.0003752985,0,Jaipur,nearest_canonical_atm_euclidean,
4860,0e0b8e6c-f46a-5dce-b705-93abfbcedab7,2023-01-13,0.0003750224,0,New Delhi,nearest_canonical_atm_euclidean,
4861,06c1e399-5422-598e-8078-2622bf0dc842,2023-01-06,0.0003749743,0,Jaipur,nearest_canonical_atm_euclidean,
4862,81697ea2-f5de-540b-a729-ead84b45e611,2023-05-05,0.00037485853,0,Mumbai,nearest_canonical_atm_euclidean,
4863,964994af-c467-5422-8727-4914e98a9b1b,2023-01-13,0.0003745261,0,Hyderabad,nearest_canonical_atm_euclidean,
4864,d69d9b0a-1678-5866-b094-3f5f19c0c205,2023-06-30,0.0003741541,0,Ahmedabad,nearest_canonical_atm_euclidean,
4865,b76d9deb-4963-5298-b5ab-e7aa1216e9a4,2023-01-20,0.00037386583,0,Kolkata,nearest_canonical_atm_euclidean,
4866,1d7d8374-7d25-5244-9349-2dba7c91bf60,2023-12-01,0.00037372403,0,Ahmedabad,nearest_canonical_atm_euclidean,
4867,a9c5b13b-e31b-5d61-b111-d30041fcd1e9,2023-07-14,0.0003735756,0,Ahmedabad,nearest_canonical_atm_euclidean,
4868,81697ea2-f5de-540b-a729-ead84b45e611,2023-12-08,0.0003734608,0,Mumbai,nearest_canonical_atm_euclidean,
4869,07b1cb4d-de17-5ac2-a00b-02cf9e672ff0,2023-03-03,0.0003720043,0,Ahmedabad,nearest_canonical_atm_euclidean,
4870,f3b246fb-34cb-5d78-af2d-6a294c2857ba,2023-03-31,0.00037102253,0,Kolkata,nearest_canonical_atm_euclidean,
4871,4cc4f0b0-6522-5752-8674-65bde1e7ee07,2023-07-28,0.00037075026,0,Hyderabad,nearest_canonical_atm_euclidean,
4872,2e751f5b-ebe1-5162-b43d-482303a259e3,2023-03-31,0.00037029074,0,Kolkata,nearest_canonical_atm_euclidean,
4873,65a9af02-f38e-5bc1-a908-6a3a653df0fc,2023-11-24,0.00036935857,0,Ahmedabad,nearest_canonical_atm_euclidean,
4874,94effd11-8fd8-50af-8f4c-b5a629d11375,2022-12-30,0.0003677988,0,Jaipur,nearest_canonical_atm_euclidean,
4875,1d7d8374-7d25-5244-9349-2dba7c91bf60,2023-07-07,0.0003668042,0,Ahmedabad,nearest_canonical_atm_euclidean,
4876,ae9a45fc-c291-5efa-a2ad-8e3d969953d5,2023-12-01,0.00036647668,0,New Delhi,nearest_canonical_atm_euclidean,
4877,c4d45e66-af66-5d62-9ec1-a719ee0110b8,2023-10-20,0.00036635777,0,Bengaluru,nearest_canonical_atm_euclidean,
4878,b73cca25-bce0-5c18-8339-4e08c62ff897,2023-03-24,0.00036584682,0,Kolkata,nearest_canonical_atm_euclidean,
4879,f9c8bdaf-f2d5-519b-81d4-759a53bf1015,2023-09-08,0.00036527333,0,Chennai,nearest_canonical_atm_euclidean,
4880,08c99329-0e59-5327-8796-9fef243ca011,2023-02-03,0.00036492164,0,Bengaluru,nearest_canonical_atm_euclidean,
4881,81a02119-b06c-5fc0-b634-9f212b95825a,2023-01-20,0.0003644743,0,Hyderabad,nearest_canonical_atm_euclidean,
4882,41174545-6f86-5ccc-94c0-7054225d58ad,2023-06-30,0.00036429992,1,Chennai,nearest_canonical_atm_euclidean,
4883,c4d45e66-af66-5d62-9ec1-a719ee0110b8,2023-10-13,0.00036412044,0,Bengaluru,nearest_canonical_atm_euclidean,
4884,ea588019-c786-57ab-8c8d-be7ada3e3273,2023-06-02,0.0003637116,0,Hyderabad,nearest_canonical_atm_euclidean,
4885,0e83a772-d0c1-5d38-9f1f-4a51eb7ee575,2023-10-20,0.0003634419,0,Kolkata,nearest_canonical_atm_euclidean,
4886,83a48d15-e769-5c36-ba85-663466038d79,2023-12-15,0.00036323356,0,Kolkata,nearest_canonical_atm_euclidean,
4887,34ff42c5-aa0c-58b5-b153-3aa920bff5c7,2023-08-25,0.00036304092,0,Chennai,nearest_canonical_atm_euclidean,
4888,1d7d8374-7d25-5244-9349-2dba7c91bf60,2023-08-18,0.0003629255,0,Ahmedabad,nearest_canonical_atm_euclidean,
4889,1d7d8374-7d25-5244-9349-2dba7c91bf60,2023-03-10,0.0003629158,0,Ahmedabad,nearest_canonical_atm_euclidean,
4890,3e2afad7-44dc-5833-9826-b036621dee60,2023-06-02,0.00036289575,0,Jaipur,nearest_canonical_atm_euclidean,
4891,7c1562ed-0c51-50a9-b83b-049fcdfe12b4,2023-03-31,0.00036248277,0,Jaipur,nearest_canonical_atm_euclidean,
4892,d89b2703-b172-5529-922c-4af9eb48d45f,2023-09-22,0.0003622955,0,New Delhi,nearest_canonical_atm_euclidean,
4893,83a48d15-e769-5c36-ba85-663466038d79,2023-09-08,0.00036184158,0,Kolkata,nearest_canonical_atm_euclidean,
4894,65a9af02-f38e-5bc1-a908-6a3a653df0fc,2023-02-03,0.00036175692,0,Ahmedabad,nearest_canonical_atm_euclidean,
4895,9f8333ec-0af9-502c-8e87-21bd0e5ef301,2023-01-27,0.00036159004,0,Kolkata,nearest_canonical_atm_euclidean,
4896,38ef268a-dcd0-56f8-8c8f-954520b5c33b,2023-02-24,0.00036076418,0,Ahmedabad,nearest_canonical_atm_euclidean,
4897,f9c8bdaf-f2d5-519b-81d4-759a53bf1015,2023-05-19,0.0003605438,0,Chennai,nearest_canonical_atm_euclidean,
4898,c45eaf1f-d739-587d-8090-276bc5a6a01e,2023-04-14,0.00035960993,0,New Delhi,nearest_canonical_atm_euclidean,
4899,b2e6f33c-17a1-547b-a103-0541efcaee5d,2023-02-10,0.00035938478,0,Ahmedabad,nearest_canonical_atm_euclidean,
4900,fbbc3df5-4722-57b4-9788-6244a82eaa45,2023-03-24,0.00035937602,0,Chennai,nearest_canonical_atm_euclidean,
4901,81697ea2-f5de-540b-a729-ead84b45e611,2023-05-26,0.00035924313,0,Mumbai,nearest_canonical_atm_euclidean,
4902,fceef9b3-9818-5d9c-9786-aa1ba0a869e2,2023-12-08,0.00035878245,0,Mumbai,nearest_canonical_atm_euclidean,
4903,4cc4f0b0-6522-5752-8674-65bde1e7ee07,2023-03-17,0.00035838928,0,Hyderabad,nearest_canonical_atm_euclidean,
4904,b76d9deb-4963-5298-b5ab-e7aa1216e9a4,2023-09-29,0.00035814068,0,Kolkata,nearest_canonical_atm_euclidean,
4905,6e2eb94c-abea-566d-881f-33304c81d95b,2023-06-16,0.0003579983,0,Hyderabad,nearest_canonical_atm_euclidean,
4906,ea588019-c786-57ab-8c8d-be7ada3e3273,2023-09-29,0.00035777673,0,Hyderabad,nearest_canonical_atm_euclidean,
4907,e789fbe5-81bc-554f-9309-2f60d40df893,2023-07-14,0.00035749012,0,Kolkata,nearest_canonical_atm_euclidean,
4908,41174545-6f86-5ccc-94c0-7054225d58ad,2023-07-07,0.00035638086,0,Chennai,nearest_canonical_atm_euclidean,
4909,14e22c3d-5500-5971-b937-f612a3b05543,2023-09-22,0.00035609474,0,Chennai,nearest_canonical_atm_euclidean,
4910,644ec086-7a2f-56c1-8890-a0cf1371bb8f,2023-03-03,0.00035585838,0,Jaipur,nearest_canonical_atm_euclidean,
4911,cf923010-1ea8-516f-8a40-b3db95dce888,2023-11-03,0.0003556937,0,Chennai,nearest_canonical_atm_euclidean,
4912,46d959a8-3a7a-51b4-a5d0-e6489f19d5ab,2023-04-28,0.00035513175,0,Ahmedabad,nearest_canonical_atm_euclidean,
4913,ba44c170-601e-501e-a74f-77b6e98cae26,2023-07-21,0.00035451763,0,Hyderabad,nearest_canonical_atm_euclidean,
4914,b76d9deb-4963-5298-b5ab-e7aa1216e9a4,2023-11-24,0.00035405104,0,Kolkata,nearest_canonical_atm_euclidean,
4915,1d7d8374-7d25-5244-9349-2dba7c91bf60,2023-03-31,0.00035353666,0,Ahmedabad,nearest_canonical_atm_euclidean,
4916,94effd11-8fd8-50af-8f4c-b5a629d11375,2023-07-28,0.00035341264,0,Jaipur,nearest_canonical_atm_euclidean,
4917,9ec9c0ef-9209-5a42-84e8-2013032e9b9e,2023-09-15,0.00035319707,0,Chennai,nearest_canonical_atm_euclidean,
4918,4407e36e-71bc-5526-9a73-9f76e801cc45,2022-12-30,0.00035244683,0,Kolkata,nearest_canonical_atm_euclidean,
4919,23f00f1f-a233-5e89-8069-27d2584ad221,2023-01-06,0.00035230574,0,Hyderabad,nearest_canonical_atm_euclidean,
4920,b76d9deb-4963-5298-b5ab-e7aa1216e9a4,2023-10-13,0.00035183688,0,Kolkata,nearest_canonical_atm_euclidean,
4921,3e2afad7-44dc-5833-9826-b036621dee60,2023-06-09,0.0003511946,0,Jaipur,nearest_canonical_atm_euclidean,
4922,9d88e52f-9303-5776-9acc-390b8ece126d,2023-07-21,0.0003510159,0,Chennai,nearest_canonical_atm_euclidean,
4923,b41f1475-dca2-5dc1-938e-9543cd4de399,2023-07-07,0.00034982775,0,Ahmedabad,nearest_canonical_atm_euclidean,
4924,b3dc96a5-31cc-51a8-a4bc-4d47da6df377,2023-07-21,0.00034950653,0,New Delhi,nearest_canonical_atm_euclidean,
4925,94effd11-8fd8-50af-8f4c-b5a629d11375,2023-06-09,0.0003483491,0,Jaipur,nearest_canonical_atm_euclidean,
4926,f3b246fb-34cb-5d78-af2d-6a294c2857ba,2023-02-24,0.00034831476,0,Kolkata,nearest_canonical_atm_euclidean,
4927,41174545-6f86-5ccc-94c0-7054225d58ad,2023-05-19,0.0003482173,0,Chennai,nearest_canonical_atm_euclidean,
4928,94effd11-8fd8-50af-8f4c-b5a629d11375,2023-08-11,0.00034765157,0,Jaipur,nearest_canonical_atm_euclidean,
4929,f1f8d2d0-6ea3-5875-acce-a83a08547247,2023-09-01,0.00034726982,0,New Delhi,nearest_canonical_atm_euclidean,
4930,06c1e399-5422-598e-8078-2622bf0dc842,2023-02-17,0.00034504407,0,Jaipur,nearest_canonical_atm_euclidean,
4931,4cc4f0b0-6522-5752-8674-65bde1e7ee07,2023-08-11,0.00034478054,0,Hyderabad,nearest_canonical_atm_euclidean,
4932,81697ea2-f5de-540b-a729-ead84b45e611,2023-04-07,0.0003447779,0,Mumbai,nearest_canonical_atm_euclidean,
4933,a891a4aa-b7cd-521d-928f-f58da9655ef5,2023-11-17,0.00034465926,0,Hyderabad,nearest_canonical_atm_euclidean,
4934,ea588019-c786-57ab-8c8d-be7ada3e3273,2023-07-07,0.0003446356,0,Hyderabad,nearest_canonical_atm_euclidean,
4935,4e782d22-24b2-5334-ad26-772dec5c36d3,2023-04-07,0.0003442831,0,Jaipur,nearest_canonical_atm_euclidean,
4936,e59ea14d-6014-54fe-bc4f-daf0d4c133e3,2023-03-10,0.00034365972,0,Ahmedabad,nearest_canonical_atm_euclidean,
4937,83a48d15-e769-5c36-ba85-663466038d79,2023-05-12,0.00034326728,0,Kolkata,nearest_canonical_atm_euclidean,
4938,fbbc3df5-4722-57b4-9788-6244a82eaa45,2023-02-17,0.000343131,0,Chennai,nearest_canonical_atm_euclidean,
4939,b76d9deb-4963-5298-b5ab-e7aa1216e9a4,2023-04-28,0.00034238026,0,Kolkata,nearest_canonical_atm_euclidean,
4940,91abf21e-5b5e-5823-b4f0-c5d40f77d717,2023-06-09,0.00034220744,0,New Delhi,nearest_canonical_atm_euclidean,
4941,37d50aaa-0ca6-52fd-ba0f-a0c734b03d34,2023-10-13,0.00034114782,0,Mumbai,nearest_canonical_atm_euclidean,
4942,83a48d15-e769-5c36-ba85-663466038d79,2023-06-02,0.00034060414,0,Kolkata,nearest_canonical_atm_euclidean,
4943,ce707439-e5cd-56de-8ce2-b3a7f8a910c5,2023-03-10,0.00034036767,0,Hyderabad,nearest_canonical_atm_euclidean,
4944,b8864095-68a2-5748-a216-676e811b321c,2023-04-07,0.0003400205,0,Chennai,nearest_canonical_atm_euclidean,
4945,1af29445-7edb-54fb-a987-f6ba18f4dcc3,2023-02-17,0.00033968335,0,Bengaluru,nearest_canonical_atm_euclidean,
4946,b8864095-68a2-5748-a216-676e811b321c,2023-05-26,0.00033864527,0,Chennai,nearest_canonical_atm_euclidean,
4947,46d959a8-3a7a-51b4-a5d0-e6489f19d5ab,2023-03-17,0.0003377354,0,Ahmedabad,nearest_canonical_atm_euclidean,
4948,51f7f7da-0718-5063-91b2-d743096e78e1,2023-07-07,0.00033753118,0,Bengaluru,nearest_canonical_atm_euclidean,
4949,8d9781e0-0f19-5e72-9add-8fe3b028bb83,2023-12-15,0.0003371308,0,Hyderabad,nearest_canonical_atm_euclidean,
4950,91abf21e-5b5e-5823-b4f0-c5d40f77d717,2023-01-06,0.00033696563,0,New Delhi,nearest_canonical_atm_euclidean,
4951,59fb71b7-27d2-56ae-87ab-548765379b67,2023-10-27,0.00033693915,0,Bengaluru,nearest_canonical_atm_euclidean,
4952,5737401f-13a5-5335-9e4c-336a9e870086,2023-09-22,0.00033663557,0,Kolkata,nearest_canonical_atm_euclidean,
4953,a5676c6d-3d3e-517c-81a9-86b85c039df1,2023-07-21,0.0003366168,0,Ahmedabad,nearest_canonical_atm_euclidean,
4954,6110b5e8-c838-5a36-af9e-ceec51e0c409,2023-04-21,0.00033588446,0,New Delhi,nearest_canonical_atm_euclidean,
4955,81697ea2-f5de-540b-a729-ead84b45e611,2023-01-13,0.00033538515,0,Mumbai,nearest_canonical_atm_euclidean,
4956,9d88e52f-9303-5776-9acc-390b8ece126d,2023-08-25,0.00033460793,0,Chennai,nearest_canonical_atm_euclidean,
4957,7c8fbbb0-7633-546c-b927-1accdba2044a,2023-11-03,0.0003335092,0,Chennai,nearest_canonical_atm_euclidean,
4958,5773a83b-9871-5a2d-b54c-7edfa60ab72d,2023-01-20,0.00033299642,0,Jaipur,nearest_canonical_atm_euclidean,
4959,e789fbe5-81bc-554f-9309-2f60d40df893,2023-08-04,0.00033287486,0,Kolkata,nearest_canonical_atm_euclidean,
4960,67107270-efc6-529d-8ace-22395900dddc,2023-09-01,0.00033276857,0,Ahmedabad,nearest_canonical_atm_euclidean,
4961,ea588019-c786-57ab-8c8d-be7ada3e3273,2023-04-14,0.0003327489,0,Hyderabad,nearest_canonical_atm_euclidean,
4962,9e342a67-6e23-50e0-affc-c624e2da2f70,2023-09-29,0.00033263786,0,Mumbai,nearest_canonical_atm_euclidean,
4963,81697ea2-f5de-540b-a729-ead84b45e611,2023-09-01,0.00033239726,0,Mumbai,nearest_canonical_atm_euclidean,
4964,81697ea2-f5de-540b-a729-ead84b45e611,2023-09-29,0.00033226545,0,Mumbai,nearest_canonical_atm_euclidean,
4965,65a9af02-f38e-5bc1-a908-6a3a653df0fc,2023-12-08,0.0003318093,0,Ahmedabad,nearest_canonical_atm_euclidean,
4966,6e2eb94c-abea-566d-881f-33304c81d95b,2023-01-27,0.00033163506,0,Hyderabad,nearest_canonical_atm_euclidean,
4967,a891a4aa-b7cd-521d-928f-f58da9655ef5,2023-09-08,0.00033125587,0,Hyderabad,nearest_canonical_atm_euclidean,
4968,e2c14eb0-27b2-5683-922f-22f075a86d45,2023-07-14,0.0003309579,0,Kolkata,nearest_canonical_atm_euclidean,
4969,9adf3d58-2b6f-5de3-8510-5cc671d1d2e8,2023-09-08,0.00033088,0,Ahmedabad,nearest_canonical_atm_euclidean,
4970,ea588019-c786-57ab-8c8d-be7ada3e3273,2023-11-17,0.00032956182,0,Hyderabad,nearest_canonical_atm_euclidean,
4971,34ff42c5-aa0c-58b5-b153-3aa920bff5c7,2023-12-01,0.00032951692,0,Chennai,nearest_canonical_atm_euclidean,
4972,5737401f-13a5-5335-9e4c-336a9e870086,2023-06-09,0.0003289767,0,Kolkata,nearest_canonical_atm_euclidean,
4973,81a02119-b06c-5fc0-b634-9f212b95825a,2023-07-07,0.0003285313,0,Hyderabad,nearest_canonical_atm_euclidean,
4974,dce0c68a-90eb-5756-908b-549f801f0816,2023-11-24,0.00032670662,0,Hyderabad,nearest_canonical_atm_euclidean,
4975,6110b5e8-c838-5a36-af9e-ceec51e0c409,2023-08-11,0.00032667548,0,New Delhi,nearest_canonical_atm_euclidean,
4976,b76d9deb-4963-5298-b5ab-e7aa1216e9a4,2023-03-17,0.00032656742,0,Kolkata,nearest_canonical_atm_euclidean,
4977,dce0c68a-90eb-5756-908b-549f801f0816,2023-06-09,0.00032599387,0,Hyderabad,nearest_canonical_atm_euclidean,
4978,8d9781e0-0f19-5e72-9add-8fe3b028bb83,2023-10-27,0.00032566985,0,Hyderabad,nearest_canonical_atm_euclidean,
4979,5773a83b-9871-5a2d-b54c-7edfa60ab72d,2023-09-22,0.0003249816,0,Jaipur,nearest_canonical_atm_euclidean,
4980,34ff42c5-aa0c-58b5-b153-3aa920bff5c7,2023-01-13,0.00032415852,0,Chennai,nearest_canonical_atm_euclidean,
4981,94effd11-8fd8-50af-8f4c-b5a629d11375,2023-10-06,0.00032346236,0,Jaipur,nearest_canonical_atm_euclidean,
4982,6110b5e8-c838-5a36-af9e-ceec51e0c409,2023-01-20,0.00032333596,0,New Delhi,nearest_canonical_atm_euclidean,
4983,ea588019-c786-57ab-8c8d-be7ada3e3273,2023-04-28,0.00032272158,0,Hyderabad,nearest_canonical_atm_euclidean,
4984,e789fbe5-81bc-554f-9309-2f60d40df893,2023-03-10,0.0003226299,0,Kolkata,nearest_canonical_atm_euclidean,
4985,34ff42c5-aa0c-58b5-b153-3aa920bff5c7,2023-08-18,0.00032256564,0,Chennai,nearest_canonical_atm_euclidean,
4986,287eb5bc-5856-5dfc-aafa-8b01262a99ba,2023-06-02,0.0003225192,0,Lucknow,nearest_canonical_atm_euclidean,
4987,e4a23985-38d6-536b-8d6c-a9fbe71958aa,2023-06-02,0.0003225192,0,Lucknow,nearest_canonical_atm_euclidean,
4988,c9476261-1e4f-57eb-a773-16d93ceb4f29,2023-06-02,0.0003225192,0,Lucknow,nearest_canonical_atm_euclidean,
4989,ad7f21b0-723d-510f-9f11-ac0ba42389f2,2023-08-11,0.0003225192,0,Lucknow,nearest_canonical_atm_euclidean,
4990,05c1024d-e62f-59b7-9751-1261d943137f,2023-03-17,0.0003225192,0,Lucknow,nearest_canonical_atm_euclidean,
4991,c9476261-1e4f-57eb-a773-16d93ceb4f29,2023-01-06,0.0003225192,0,Lucknow,nearest_canonical_atm_euclidean,
4992,31e7b6f5-c0b1-564b-8692-675d6bee412f,2023-08-11,0.0003225192,0,Lucknow,nearest_canonical_atm_euclidean,
4993,0938de46-20ee-565f-8cb9-c244d99c02f5,2023-08-11,0.0003225192,0,Lucknow,nearest_canonical_atm_euclidean,
4994,b25648e4-410f-523d-86d6-76b48024cead,2023-08-11,0.0003225192,0,Lucknow,nearest_canonical_atm_euclidean,
4995,05c1024d-e62f-59b7-9751-1261d943137f,2023-08-11,0.0003225192,0,Lucknow,nearest_canonical_atm_euclidean,
4996,9ef1f57a-9c76-54f4-88c7-329cacdf4337,2023-07-21,0.0003225192,0,Lucknow,nearest_canonical_atm_euclidean,
4997,31e7b6f5-c0b1-564b-8692-675d6bee412f,2023-07-21,0.0003225192,0,Lucknow,nearest_canonical_atm_euclidean,
4998,0938de46-20ee-565f-8cb9-c244d99c02f5,2023-07-21,0.0003225192,0,Lucknow,nearest_canonical_atm_euclidean,
4999,b25648e4-410f-523d-86d6-76b48024cead,2023-07-21,0.0003225192,0,Lucknow,nearest_canonical_atm_euclidean,
5000,287eb5bc-5856-5dfc-aafa-8b01262a99ba,2023-09-15,0.0003225192,0,Lucknow,nearest_canonical_atm_euclidean,
5001,e4a23985-38d6-536b-8d6c-a9fbe71958aa,2023-09-15,0.0003225192,0,Lucknow,nearest_canonical_atm_euclidean,
5002,c9476261-1e4f-57eb-a773-16d93ceb4f29,2023-09-15,0.0003225192,0,Lucknow,nearest_canonical_atm_euclidean,
5003,31e7b6f5-c0b1-564b-8692-675d6bee412f,2023-09-15,0.0003225192,0,Lucknow,nearest_canonical_atm_euclidean,
5004,0938de46-20ee-565f-8cb9-c244d99c02f5,2023-09-15,0.0003225192,0,Lucknow,nearest_canonical_atm_euclidean,
5005,b25648e4-410f-523d-86d6-76b48024cead,2023-09-15,0.0003225192,0,Lucknow,nearest_canonical_atm_euclidean,
5006,ad7f21b0-723d-510f-9f11-ac0ba42389f2,2023-07-21,0.0003225192,0,Lucknow,nearest_canonical_atm_euclidean,
5007,e4a23985-38d6-536b-8d6c-a9fbe71958aa,2023-11-24,0.0003225192,0,Lucknow,nearest_canonical_atm_euclidean,
5008,287eb5bc-5856-5dfc-aafa-8b01262a99ba,2023-05-26,0.0003225192,0,Lucknow,nearest_canonical_atm_euclidean,
5009,e4a23985-38d6-536b-8d6c-a9fbe71958aa,2023-05-26,0.0003225192,0,Lucknow,nearest_canonical_atm_euclidean,
5010,c9476261-1e4f-57eb-a773-16d93ceb4f29,2023-05-26,0.0003225192,0,Lucknow,nearest_canonical_atm_euclidean,
5011,ad7f21b0-723d-510f-9f11-ac0ba42389f2,2023-03-17,0.0003225192,0,Lucknow,nearest_canonical_atm_euclidean,
5012,b25648e4-410f-523d-86d6-76b48024cead,2023-05-05,0.0003225192,0,Lucknow,nearest_canonical_atm_euclidean,
5013,05c1024d-e62f-59b7-9751-1261d943137f,2023-05-05,0.0003225192,0,Lucknow,nearest_canonical_atm_euclidean,
5014,287eb5bc-5856-5dfc-aafa-8b01262a99ba,2023-08-11,0.0003225192,0,Lucknow,nearest_canonical_atm_euclidean,
5015,e4a23985-38d6-536b-8d6c-a9fbe71958aa,2023-08-11,0.0003225192,0,Lucknow,nearest_canonical_atm_euclidean,
5016,c9476261-1e4f-57eb-a773-16d93ceb4f29,2023-08-11,0.0003225192,0,Lucknow,nearest_canonical_atm_euclidean,
5017,ad7f21b0-723d-510f-9f11-ac0ba42389f2,2023-06-16,0.0003225192,0,Lucknow,nearest_canonical_atm_euclidean,
5018,a8b3d2c8-657e-52df-aaf2-b0ec66590b37,2023-06-16,0.0003225192,0,Lucknow,nearest_canonical_atm_euclidean,
5019,a8b3d2c8-657e-52df-aaf2-b0ec66590b37,2023-07-21,0.0003225192,0,Lucknow,nearest_canonical_atm_euclidean,
5020,287eb5bc-5856-5dfc-aafa-8b01262a99ba,2023-07-21,0.0003225192,0,Lucknow,nearest_canonical_atm_euclidean,
5021,e4a23985-38d6-536b-8d6c-a9fbe71958aa,2023-07-21,0.0003225192,0,Lucknow,nearest_canonical_atm_euclidean,
5022,c9476261-1e4f-57eb-a773-16d93ceb4f29,2023-07-21,0.0003225192,0,Lucknow,nearest_canonical_atm_euclidean,
5023,ad7f21b0-723d-510f-9f11-ac0ba42389f2,2023-09-15,0.0003225192,0,Lucknow,nearest_canonical_atm_euclidean,
5024,a8b3d2c8-657e-52df-aaf2-b0ec66590b37,2023-09-15,0.0003225192,0,Lucknow,nearest_canonical_atm_euclidean,
5025,a8b3d2c8-657e-52df-aaf2-b0ec66590b37,2023-03-24,0.0003225192,0,Lucknow,nearest_canonical_atm_euclidean,
5026,ad7f21b0-723d-510f-9f11-ac0ba42389f2,2023-11-17,0.0003225192,0,Lucknow,nearest_canonical_atm_euclidean,
5027,a8b3d2c8-657e-52df-aaf2-b0ec66590b37,2023-11-17,0.0003225192,0,Lucknow,nearest_canonical_atm_euclidean,
5028,287eb5bc-5856-5dfc-aafa-8b01262a99ba,2023-11-17,0.0003225192,0,Lucknow,nearest_canonical_atm_euclidean,
5029,e4a23985-38d6-536b-8d6c-a9fbe71958aa,2023-11-17,0.0003225192,0,Lucknow,nearest_canonical_atm_euclidean,
5030,c9476261-1e4f-57eb-a773-16d93ceb4f29,2023-11-17,0.0003225192,0,Lucknow,nearest_canonical_atm_euclidean,
5031,05c1024d-e62f-59b7-9751-1261d943137f,2023-07-21,0.0003225192,0,Lucknow,nearest_canonical_atm_euclidean,
5032,a8b3d2c8-657e-52df-aaf2-b0ec66590b37,2023-01-27,0.0003225192,0,Lucknow,nearest_canonical_atm_euclidean,
5033,287eb5bc-5856-5dfc-aafa-8b01262a99ba,2023-01-27,0.0003225192,0,Lucknow,nearest_canonical_atm_euclidean,
5034,e4a23985-38d6-536b-8d6c-a9fbe71958aa,2023-01-27,0.0003225192,0,Lucknow,nearest_canonical_atm_euclidean,
5035,c9476261-1e4f-57eb-a773-16d93ceb4f29,2023-01-27,0.0003225192,0,Lucknow,nearest_canonical_atm_euclidean,
5036,ad7f21b0-723d-510f-9f11-ac0ba42389f2,2023-01-06,0.0003225192,0,Lucknow,nearest_canonical_atm_euclidean,
5037,c9476261-1e4f-57eb-a773-16d93ceb4f29,2023-11-24,0.0003225192,0,Lucknow,nearest_canonical_atm_euclidean,
5038,a8b3d2c8-657e-52df-aaf2-b0ec66590b37,2023-03-17,0.0003225192,0,Lucknow,nearest_canonical_atm_euclidean,
5039,287eb5bc-5856-5dfc-aafa-8b01262a99ba,2023-03-17,0.0003225192,0,Lucknow,nearest_canonical_atm_euclidean,
5040,e4a23985-38d6-536b-8d6c-a9fbe71958aa,2023-03-17,0.0003225192,0,Lucknow,nearest_canonical_atm_euclidean,
5041,c9476261-1e4f-57eb-a773-16d93ceb4f29,2023-03-17,0.0003225192,0,Lucknow,nearest_canonical_atm_euclidean,
5042,a8b3d2c8-657e-52df-aaf2-b0ec66590b37,2023-11-24,0.0003225192,0,Lucknow,nearest_canonical_atm_euclidean,
5043,287eb5bc-5856-5dfc-aafa-8b01262a99ba,2023-11-24,0.0003225192,0,Lucknow,nearest_canonical_atm_euclidean,
5044,9ef1f57a-9c76-54f4-88c7-329cacdf4337,2023-01-27,0.0003225192,0,Lucknow,nearest_canonical_atm_euclidean,
5045,31e7b6f5-c0b1-564b-8692-675d6bee412f,2023-01-27,0.0003225192,0,Lucknow,nearest_canonical_atm_euclidean,
5046,0938de46-20ee-565f-8cb9-c244d99c02f5,2023-01-27,0.0003225192,0,Lucknow,nearest_canonical_atm_euclidean,
5047,b25648e4-410f-523d-86d6-76b48024cead,2023-01-27,0.0003225192,0,Lucknow,nearest_canonical_atm_euclidean,
5048,05c1024d-e62f-59b7-9751-1261d943137f,2023-01-27,0.0003225192,0,Lucknow,nearest_canonical_atm_euclidean,
5049,9ef1f57a-9c76-54f4-88c7-329cacdf4337,2023-10-20,0.0003225192,0,Lucknow,nearest_canonical_atm_euclidean,
5050,31e7b6f5-c0b1-564b-8692-675d6bee412f,2023-10-20,0.0003225192,0,Lucknow,nearest_canonical_atm_euclidean,
5051,0938de46-20ee-565f-8cb9-c244d99c02f5,2023-10-20,0.0003225192,0,Lucknow,nearest_canonical_atm_euclidean,
5052,9ef1f57a-9c76-54f4-88c7-329cacdf4337,2023-09-15,0.0003225192,0,Lucknow,nearest_canonical_atm_euclidean,
5053,287eb5bc-5856-5dfc-aafa-8b01262a99ba,2023-02-10,0.0003225192,0,Lucknow,nearest_canonical_atm_euclidean,
5054,287eb5bc-5856-5dfc-aafa-8b01262a99ba,2023-03-24,0.0003225192,0,Lucknow,nearest_canonical_atm_euclidean,
5055,e4a23985-38d6-536b-8d6c-a9fbe71958aa,2023-03-24,0.0003225192,0,Lucknow,nearest_canonical_atm_euclidean,
5056,c9476261-1e4f-57eb-a773-16d93ceb4f29,2023-03-24,0.0003225192,0,Lucknow,nearest_canonical_atm_euclidean,
5057,9ef1f57a-9c76-54f4-88c7-329cacdf4337,2023-03-24,0.0003225192,0,Lucknow,nearest_canonical_atm_euclidean,
5058,31e7b6f5-c0b1-564b-8692-675d6bee412f,2023-03-24,0.0003225192,0,Lucknow,nearest_canonical_atm_euclidean,
5059,0938de46-20ee-565f-8cb9-c244d99c02f5,2023-03-24,0.0003225192,0,Lucknow,nearest_canonical_atm_euclidean,
5060,a8b3d2c8-657e-52df-aaf2-b0ec66590b37,2023-03-10,0.0003225192,0,Lucknow,nearest_canonical_atm_euclidean,
5061,c9476261-1e4f-57eb-a773-16d93ceb4f29,2023-05-19,0.0003225192,0,Lucknow,nearest_canonical_atm_euclidean,
5062,b25648e4-410f-523d-86d6-76b48024cead,2023-10-20,0.0003225192,0,Lucknow,nearest_canonical_atm_euclidean,
5063,05c1024d-e62f-59b7-9751-1261d943137f,2023-10-20,0.0003225192,0,Lucknow,nearest_canonical_atm_euclidean,
5064,ad7f21b0-723d-510f-9f11-ac0ba42389f2,2023-10-20,0.0003225192,0,Lucknow,nearest_canonical_atm_euclidean,
5065,a8b3d2c8-657e-52df-aaf2-b0ec66590b37,2023-10-20,0.0003225192,0,Lucknow,nearest_canonical_atm_euclidean,
5066,287eb5bc-5856-5dfc-aafa-8b01262a99ba,2023-10-20,0.0003225192,0,Lucknow,nearest_canonical_atm_euclidean,
5067,ad7f21b0-723d-510f-9f11-ac0ba42389f2,2023-01-27,0.0003225192,0,Lucknow,nearest_canonical_atm_euclidean,
5068,ad7f21b0-723d-510f-9f11-ac0ba42389f2,2023-08-18,0.0003225192,0,Lucknow,nearest_canonical_atm_euclidean,
5069,a8b3d2c8-657e-52df-aaf2-b0ec66590b37,2023-08-18,0.0003225192,0,Lucknow,nearest_canonical_atm_euclidean,
5070,287eb5bc-5856-5dfc-aafa-8b01262a99ba,2023-08-18,0.0003225192,0,Lucknow,nearest_canonical_atm_euclidean,
5071,e4a23985-38d6-536b-8d6c-a9fbe71958aa,2023-08-18,0.0003225192,0,Lucknow,nearest_canonical_atm_euclidean,
5072,c9476261-1e4f-57eb-a773-16d93ceb4f29,2023-08-18,0.0003225192,0,Lucknow,nearest_canonical_atm_euclidean,
5073,b25648e4-410f-523d-86d6-76b48024cead,2023-03-03,0.0003225192,0,Lucknow,nearest_canonical_atm_euclidean,
5074,9ef1f57a-9c76-54f4-88c7-329cacdf4337,2023-06-02,0.0003225192,0,Lucknow,nearest_canonical_atm_euclidean,
5075,31e7b6f5-c0b1-564b-8692-675d6bee412f,2023-06-02,0.0003225192,0,Lucknow,nearest_canonical_atm_euclidean,
5076,0938de46-20ee-565f-8cb9-c244d99c02f5,2023-06-02,0.0003225192,0,Lucknow,nearest_canonical_atm_euclidean,
5077,b25648e4-410f-523d-86d6-76b48024cead,2023-06-02,0.0003225192,0,Lucknow,nearest_canonical_atm_euclidean,
5078,a8b3d2c8-657e-52df-aaf2-b0ec66590b37,2023-02-17,0.0003225192,0,Lucknow,nearest_canonical_atm_euclidean,
5079,287eb5bc-5856-5dfc-aafa-8b01262a99ba,2023-02-17,0.0003225192,0,Lucknow,nearest_canonical_atm_euclidean,
5080,e4a23985-38d6-536b-8d6c-a9fbe71958aa,2023-02-17,0.0003225192,0,Lucknow,nearest_canonical_atm_euclidean,
5081,c9476261-1e4f-57eb-a773-16d93ceb4f29,2023-02-17,0.0003225192,0,Lucknow,nearest_canonical_atm_euclidean,
5082,ad7f21b0-723d-510f-9f11-ac0ba42389f2,2023-02-17,0.0003225192,0,Lucknow,nearest_canonical_atm_euclidean,
5083,05c1024d-e62f-59b7-9751-1261d943137f,2023-03-03,0.0003225192,0,Lucknow,nearest_canonical_atm_euclidean,
5084,ad7f21b0-723d-510f-9f11-ac0ba42389f2,2023-03-03,0.0003225192,0,Lucknow,nearest_canonical_atm_euclidean,
5085,a8b3d2c8-657e-52df-aaf2-b0ec66590b37,2023-03-03,0.0003225192,0,Lucknow,nearest_canonical_atm_euclidean,
5086,287eb5bc-5856-5dfc-aafa-8b01262a99ba,2023-03-03,0.0003225192,0,Lucknow,nearest_canonical_atm_euclidean,
5087,e4a23985-38d6-536b-8d6c-a9fbe71958aa,2023-03-03,0.0003225192,0,Lucknow,nearest_canonical_atm_euclidean,
5088,ad7f21b0-723d-510f-9f11-ac0ba42389f2,2023-12-01,0.0003225192,0,Lucknow,nearest_canonical_atm_euclidean,
5089,a8b3d2c8-657e-52df-aaf2-b0ec66590b37,2023-12-01,0.0003225192,0,Lucknow,nearest_canonical_atm_euclidean,
5090,287eb5bc-5856-5dfc-aafa-8b01262a99ba,2023-12-01,0.0003225192,0,Lucknow,nearest_canonical_atm_euclidean,
5091,e4a23985-38d6-536b-8d6c-a9fbe71958aa,2023-12-01,0.0003225192,0,Lucknow,nearest_canonical_atm_euclidean,
5092,e4a23985-38d6-536b-8d6c-a9fbe71958aa,2023-10-20,0.0003225192,0,Lucknow,nearest_canonical_atm_euclidean,
5093,c9476261-1e4f-57eb-a773-16d93ceb4f29,2023-10-20,0.0003225192,0,Lucknow,nearest_canonical_atm_euclidean,
5094,b25648e4-410f-523d-86d6-76b48024cead,2023-08-18,0.0003225192,0,Lucknow,nearest_canonical_atm_euclidean,
5095,05c1024d-e62f-59b7-9751-1261d943137f,2023-08-18,0.0003225192,0,Lucknow,nearest_canonical_atm_euclidean,
5096,05c1024d-e62f-59b7-9751-1261d943137f,2023-06-16,0.0003225192,0,Lucknow,nearest_canonical_atm_euclidean,
5097,9ef1f57a-9c76-54f4-88c7-329cacdf4337,2023-08-18,0.0003225192,0,Lucknow,nearest_canonical_atm_euclidean,
5098,31e7b6f5-c0b1-564b-8692-675d6bee412f,2023-08-18,0.0003225192,0,Lucknow,nearest_canonical_atm_euclidean,
5099,0938de46-20ee-565f-8cb9-c244d99c02f5,2023-08-18,0.0003225192,0,Lucknow,nearest_canonical_atm_euclidean,
5100,9ef1f57a-9c76-54f4-88c7-329cacdf4337,2023-03-03,0.0003225192,0,Lucknow,nearest_canonical_atm_euclidean,
5101,9ef1f57a-9c76-54f4-88c7-329cacdf4337,2023-01-06,0.0003225192,0,Lucknow,nearest_canonical_atm_euclidean,
5102,31e7b6f5-c0b1-564b-8692-675d6bee412f,2023-01-06,0.0003225192,0,Lucknow,nearest_canonical_atm_euclidean,
5103,0938de46-20ee-565f-8cb9-c244d99c02f5,2023-01-06,0.0003225192,0,Lucknow,nearest_canonical_atm_euclidean,
5104,b25648e4-410f-523d-86d6-76b48024cead,2023-01-06,0.0003225192,0,Lucknow,nearest_canonical_atm_euclidean,
5105,05c1024d-e62f-59b7-9751-1261d943137f,2023-01-06,0.0003225192,0,Lucknow,nearest_canonical_atm_euclidean,
5106,b25648e4-410f-523d-86d6-76b48024cead,2023-03-10,0.0003225192,0,Lucknow,nearest_canonical_atm_euclidean,
5107,05c1024d-e62f-59b7-9751-1261d943137f,2023-03-10,0.0003225192,0,Lucknow,nearest_canonical_atm_euclidean,
5108,a8b3d2c8-657e-52df-aaf2-b0ec66590b37,2023-01-06,0.0003225192,0,Lucknow,nearest_canonical_atm_euclidean,
5109,287eb5bc-5856-5dfc-aafa-8b01262a99ba,2023-01-06,0.0003225192,0,Lucknow,nearest_canonical_atm_euclidean,
5110,31e7b6f5-c0b1-564b-8692-675d6bee412f,2023-03-03,0.0003225192,0,Lucknow,nearest_canonical_atm_euclidean,
5111,287eb5bc-5856-5dfc-aafa-8b01262a99ba,2023-09-29,0.0003225192,0,Lucknow,nearest_canonical_atm_euclidean,
5112,e4a23985-38d6-536b-8d6c-a9fbe71958aa,2023-09-29,0.0003225192,0,Lucknow,nearest_canonical_atm_euclidean,
5113,c9476261-1e4f-57eb-a773-16d93ceb4f29,2023-09-29,0.0003225192,0,Lucknow,nearest_canonical_atm_euclidean,
5114,0938de46-20ee-565f-8cb9-c244d99c02f5,2023-02-17,0.0003225192,0,Lucknow,nearest_canonical_atm_euclidean,
5115,b25648e4-410f-523d-86d6-76b48024cead,2023-02-17,0.0003225192,0,Lucknow,nearest_canonical_atm_euclidean,
5116,05c1024d-e62f-59b7-9751-1261d943137f,2023-02-17,0.0003225192,0,Lucknow,nearest_canonical_atm_euclidean,
5117,287eb5bc-5856-5dfc-aafa-8b01262a99ba,2023-05-05,0.0003225192,0,Lucknow,nearest_canonical_atm_euclidean,
5118,e4a23985-38d6-536b-8d6c-a9fbe71958aa,2023-05-05,0.0003225192,0,Lucknow,nearest_canonical_atm_euclidean,
5119,c9476261-1e4f-57eb-a773-16d93ceb4f29,2023-05-05,0.0003225192,0,Lucknow,nearest_canonical_atm_euclidean,
5120,c9476261-1e4f-57eb-a773-16d93ceb4f29,2023-12-01,0.0003225192,0,Lucknow,nearest_canonical_atm_euclidean,
5121,9ef1f57a-9c76-54f4-88c7-329cacdf4337,2023-06-16,0.0003225192,0,Lucknow,nearest_canonical_atm_euclidean,
5122,31e7b6f5-c0b1-564b-8692-675d6bee412f,2023-06-16,0.0003225192,0,Lucknow,nearest_canonical_atm_euclidean,
5123,0938de46-20ee-565f-8cb9-c244d99c02f5,2023-06-16,0.0003225192,0,Lucknow,nearest_canonical_atm_euclidean,
5124,b25648e4-410f-523d-86d6-76b48024cead,2023-06-16,0.0003225192,0,Lucknow,nearest_canonical_atm_euclidean,
5125,0938de46-20ee-565f-8cb9-c244d99c02f5,2023-12-01,0.0003225192,0,Lucknow,nearest_canonical_atm_euclidean,
5126,05c1024d-e62f-59b7-9751-1261d943137f,2023-06-30,0.0003225192,0,Lucknow,nearest_canonical_atm_euclidean,
5127,ad7f21b0-723d-510f-9f11-ac0ba42389f2,2023-06-30,0.0003225192,0,Lucknow,nearest_canonical_atm_euclidean,
5128,a8b3d2c8-657e-52df-aaf2-b0ec66590b37,2023-06-30,0.0003225192,0,Lucknow,nearest_canonical_atm_euclidean,
5129,0938de46-20ee-565f-8cb9-c244d99c02f5,2023-09-29,0.0003225192,0,Lucknow,nearest_canonical_atm_euclidean,
5130,b25648e4-410f-523d-86d6-76b48024cead,2023-09-29,0.0003225192,0,Lucknow,nearest_canonical_atm_euclidean,
5131,9ef1f57a-9c76-54f4-88c7-329cacdf4337,2023-02-17,0.0003225192,0,Lucknow,nearest_canonical_atm_euclidean,
5132,31e7b6f5-c0b1-564b-8692-675d6bee412f,2023-02-17,0.0003225192,0,Lucknow,nearest_canonical_atm_euclidean,
5133,05c1024d-e62f-59b7-9751-1261d943137f,2023-09-29,0.0003225192,0,Lucknow,nearest_canonical_atm_euclidean,
5134,ad7f21b0-723d-510f-9f11-ac0ba42389f2,2023-09-29,0.0003225192,0,Lucknow,nearest_canonical_atm_euclidean,
5135,a8b3d2c8-657e-52df-aaf2-b0ec66590b37,2023-09-29,0.0003225192,0,Lucknow,nearest_canonical_atm_euclidean,
5136,0938de46-20ee-565f-8cb9-c244d99c02f5,2023-03-03,0.0003225192,0,Lucknow,nearest_canonical_atm_euclidean,
5137,c9476261-1e4f-57eb-a773-16d93ceb4f29,2023-06-30,0.0003225192,0,Lucknow,nearest_canonical_atm_euclidean,
5138,b25648e4-410f-523d-86d6-76b48024cead,2023-12-01,0.0003225192,0,Lucknow,nearest_canonical_atm_euclidean,
5139,05c1024d-e62f-59b7-9751-1261d943137f,2023-12-01,0.0003225192,0,Lucknow,nearest_canonical_atm_euclidean,
5140,9ef1f57a-9c76-54f4-88c7-329cacdf4337,2023-04-28,0.0003225192,0,Lucknow,nearest_canonical_atm_euclidean,
5141,ad7f21b0-723d-510f-9f11-ac0ba42389f2,2023-03-10,0.0003225192,0,Lucknow,nearest_canonical_atm_euclidean,
5142,b25648e4-410f-523d-86d6-76b48024cead,2023-03-24,0.0003225192,0,Lucknow,nearest_canonical_atm_euclidean,
5143,05c1024d-e62f-59b7-9751-1261d943137f,2023-03-24,0.0003225192,0,Lucknow,nearest_canonical_atm_euclidean,
5144,ad7f21b0-723d-510f-9f11-ac0ba42389f2,2023-03-24,0.0003225192,0,Lucknow,nearest_canonical_atm_euclidean,
5145,e4a23985-38d6-536b-8d6c-a9fbe71958aa,2023-02-10,0.0003225192,0,Lucknow,nearest_canonical_atm_euclidean,
5146,c9476261-1e4f-57eb-a773-16d93ceb4f29,2023-02-10,0.0003225192,0,Lucknow,nearest_canonical_atm_euclidean,
5147,9ef1f57a-9c76-54f4-88c7-329cacdf4337,2023-02-10,0.0003225192,0,Lucknow,nearest_canonical_atm_euclidean,
5148,31e7b6f5-c0b1-564b-8692-675d6bee412f,2023-02-10,0.0003225192,0,Lucknow,nearest_canonical_atm_euclidean,
5149,e4a23985-38d6-536b-8d6c-a9fbe71958aa,2023-06-16,0.0003225192,0,Lucknow,nearest_canonical_atm_euclidean,
5150,c9476261-1e4f-57eb-a773-16d93ceb4f29,2023-06-16,0.0003225192,0,Lucknow,nearest_canonical_atm_euclidean,
5151,9ef1f57a-9c76-54f4-88c7-329cacdf4337,2023-12-01,0.0003225192,0,Lucknow,nearest_canonical_atm_euclidean,
5152,31e7b6f5-c0b1-564b-8692-675d6bee412f,2023-12-01,0.0003225192,0,Lucknow,nearest_canonical_atm_euclidean,
5153,e4a23985-38d6-536b-8d6c-a9fbe71958aa,2023-01-13,0.0003225192,0,Lucknow,nearest_canonical_atm_euclidean,
5154,9ef1f57a-9c76-54f4-88c7-329cacdf4337,2023-09-29,0.0003225192,0,Lucknow,nearest_canonical_atm_euclidean,
5155,31e7b6f5-c0b1-564b-8692-675d6bee412f,2023-09-29,0.0003225192,0,Lucknow,nearest_canonical_atm_euclidean,
5156,e4a23985-38d6-536b-8d6c-a9fbe71958aa,2023-03-10,0.0003225192,0,Lucknow,nearest_canonical_atm_euclidean,
5157,c9476261-1e4f-57eb-a773-16d93ceb4f29,2023-03-10,0.0003225192,0,Lucknow,nearest_canonical_atm_euclidean,
5158,ad7f21b0-723d-510f-9f11-ac0ba42389f2,2023-05-05,0.0003225192,0,Lucknow,nearest_canonical_atm_euclidean,
5159,a8b3d2c8-657e-52df-aaf2-b0ec66590b37,2023-05-05,0.0003225192,0,Lucknow,nearest_canonical_atm_euclidean,
5160,287eb5bc-5856-5dfc-aafa-8b01262a99ba,2023-03-31,0.0003225192,0,Lucknow,nearest_canonical_atm_euclidean,
5161,e4a23985-38d6-536b-8d6c-a9fbe71958aa,2023-03-31,0.0003225192,0,Lucknow,nearest_canonical_atm_euclidean,
5162,c9476261-1e4f-57eb-a773-16d93ceb4f29,2023-03-31,0.0003225192,0,Lucknow,nearest_canonical_atm_euclidean,
5163,e4a23985-38d6-536b-8d6c-a9fbe71958aa,2023-01-20,0.0003225192,0,Lucknow,nearest_canonical_atm_euclidean,
5164,c9476261-1e4f-57eb-a773-16d93ceb4f29,2023-01-20,0.0003225192,0,Lucknow,nearest_canonical_atm_euclidean,
5165,e4a23985-38d6-536b-8d6c-a9fbe71958aa,2023-01-06,0.0003225192,0,Lucknow,nearest_canonical_atm_euclidean,
5166,ad7f21b0-723d-510f-9f11-ac0ba42389f2,2022-12-30,0.0003225192,0,Lucknow,nearest_canonical_atm_euclidean,
5167,a8b3d2c8-657e-52df-aaf2-b0ec66590b37,2022-12-30,0.0003225192,0,Lucknow,nearest_canonical_atm_euclidean,
5168,287eb5bc-5856-5dfc-aafa-8b01262a99ba,2022-12-30,0.0003225192,0,Lucknow,nearest_canonical_atm_euclidean,
5169,e4a23985-38d6-536b-8d6c-a9fbe71958aa,2022-12-30,0.0003225192,0,Lucknow,nearest_canonical_atm_euclidean,
5170,c9476261-1e4f-57eb-a773-16d93ceb4f29,2022-12-30,0.0003225192,0,Lucknow,nearest_canonical_atm_euclidean,
5171,287eb5bc-5856-5dfc-aafa-8b01262a99ba,2023-06-30,0.0003225192,0,Lucknow,nearest_canonical_atm_euclidean,
5172,e4a23985-38d6-536b-8d6c-a9fbe71958aa,2023-06-30,0.0003225192,0,Lucknow,nearest_canonical_atm_euclidean,
5173,05c1024d-e62f-59b7-9751-1261d943137f,2023-05-26,0.0003225192,0,Lucknow,nearest_canonical_atm_euclidean,
5174,ad7f21b0-723d-510f-9f11-ac0ba42389f2,2023-05-26,0.0003225192,0,Lucknow,nearest_canonical_atm_euclidean,
5175,287eb5bc-5856-5dfc-aafa-8b01262a99ba,2023-06-16,0.0003225192,0,Lucknow,nearest_canonical_atm_euclidean,
5176,c9476261-1e4f-57eb-a773-16d93ceb4f29,2023-03-03,0.0003225192,0,Lucknow,nearest_canonical_atm_euclidean,
5177,ad7f21b0-723d-510f-9f11-ac0ba42389f2,2023-06-23,0.0003225192,0,Lucknow,nearest_canonical_atm_euclidean,
5178,a8b3d2c8-657e-52df-aaf2-b0ec66590b37,2023-06-23,0.0003225192,0,Lucknow,nearest_canonical_atm_euclidean,
5179,287eb5bc-5856-5dfc-aafa-8b01262a99ba,2023-06-23,0.0003225192,0,Lucknow,nearest_canonical_atm_euclidean,
5180,e4a23985-38d6-536b-8d6c-a9fbe71958aa,2023-06-23,0.0003225192,0,Lucknow,nearest_canonical_atm_euclidean,
5181,287eb5bc-5856-5dfc-aafa-8b01262a99ba,2023-03-10,0.0003225192,0,Lucknow,nearest_canonical_atm_euclidean,
5182,287eb5bc-5856-5dfc-aafa-8b01262a99ba,2023-10-27,0.0003225192,0,Lucknow,nearest_canonical_atm_euclidean,
5183,e4a23985-38d6-536b-8d6c-a9fbe71958aa,2023-10-27,0.0003225192,0,Lucknow,nearest_canonical_atm_euclidean,
5184,c9476261-1e4f-57eb-a773-16d93ceb4f29,2023-10-27,0.0003225192,0,Lucknow,nearest_canonical_atm_euclidean,
5185,31e7b6f5-c0b1-564b-8692-675d6bee412f,2023-04-28,0.0003225192,0,Lucknow,nearest_canonical_atm_euclidean,
5186,0938de46-20ee-565f-8cb9-c244d99c02f5,2023-04-28,0.0003225192,0,Lucknow,nearest_canonical_atm_euclidean,
5187,ad7f21b0-723d-510f-9f11-ac0ba42389f2,2023-04-28,0.0003225192,0,Lucknow,nearest_canonical_atm_euclidean,
5188,a8b3d2c8-657e-52df-aaf2-b0ec66590b37,2023-04-28,0.0003225192,0,Lucknow,nearest_canonical_atm_euclidean,
5189,287eb5bc-5856-5dfc-aafa-8b01262a99ba,2023-04-28,0.0003225192,0,Lucknow,nearest_canonical_atm_euclidean,
5190,e4a23985-38d6-536b-8d6c-a9fbe71958aa,2023-04-28,0.0003225192,0,Lucknow,nearest_canonical_atm_euclidean,
5191,c9476261-1e4f-57eb-a773-16d93ceb4f29,2023-11-10,0.0003225192,0,Lucknow,nearest_canonical_atm_euclidean,
5192,a8b3d2c8-657e-52df-aaf2-b0ec66590b37,2023-01-20,0.0003225192,0,Lucknow,nearest_canonical_atm_euclidean,
5193,287eb5bc-5856-5dfc-aafa-8b01262a99ba,2023-01-20,0.0003225192,0,Lucknow,nearest_canonical_atm_euclidean,
5194,0938de46-20ee-565f-8cb9-c244d99c02f5,2023-02-10,0.0003225192,0,Lucknow,nearest_canonical_atm_euclidean,
5195,b25648e4-410f-523d-86d6-76b48024cead,2023-02-10,0.0003225192,0,Lucknow,nearest_canonical_atm_euclidean,
5196,05c1024d-e62f-59b7-9751-1261d943137f,2023-06-23,0.0003225192,0,Lucknow,nearest_canonical_atm_euclidean,
5197,287eb5bc-5856-5dfc-aafa-8b01262a99ba,2023-04-07,0.0003225192,0,Lucknow,nearest_canonical_atm_euclidean,
5198,e4a23985-38d6-536b-8d6c-a9fbe71958aa,2023-04-07,0.0003225192,0,Lucknow,nearest_canonical_atm_euclidean,
5199,c9476261-1e4f-57eb-a773-16d93ceb4f29,2023-04-07,0.0003225192,0,Lucknow,nearest_canonical_atm_euclidean,
5200,9ef1f57a-9c76-54f4-88c7-329cacdf4337,2023-04-14,0.0003225192,0,Lucknow,nearest_canonical_atm_euclidean,
5201,31e7b6f5-c0b1-564b-8692-675d6bee412f,2023-04-14,0.0003225192,0,Lucknow,nearest_canonical_atm_euclidean,
5202,9ef1f57a-9c76-54f4-88c7-329cacdf4337,2023-06-30,0.0003225192,0,Lucknow,nearest_canonical_atm_euclidean,
5203,31e7b6f5-c0b1-564b-8692-675d6bee412f,2023-06-30,0.0003225192,0,Lucknow,nearest_canonical_atm_euclidean,
5204,0938de46-20ee-565f-8cb9-c244d99c02f5,2023-06-30,0.0003225192,0,Lucknow,nearest_canonical_atm_euclidean,
5205,a8b3d2c8-657e-52df-aaf2-b0ec66590b37,2023-05-26,0.0003225192,0,Lucknow,nearest_canonical_atm_euclidean,
5206,9ef1f57a-9c76-54f4-88c7-329cacdf4337,2023-04-07,0.0003225192,0,Lucknow,nearest_canonical_atm_euclidean,
5207,31e7b6f5-c0b1-564b-8692-675d6bee412f,2023-04-07,0.0003225192,0,Lucknow,nearest_canonical_atm_euclidean,
5208,05c1024d-e62f-59b7-9751-1261d943137f,2023-04-28,0.0003225192,0,Lucknow,nearest_canonical_atm_euclidean,
5209,a8b3d2c8-657e-52df-aaf2-b0ec66590b37,2023-08-25,0.0003225192,0,Lucknow,nearest_canonical_atm_euclidean,
5210,287eb5bc-5856-5dfc-aafa-8b01262a99ba,2023-08-25,0.0003225192,0,Lucknow,nearest_canonical_atm_euclidean,
5211,287eb5bc-5856-5dfc-aafa-8b01262a99ba,2023-04-14,0.0003225192,0,Lucknow,nearest_canonical_atm_euclidean,
5212,31e7b6f5-c0b1-564b-8692-675d6bee412f,2023-08-04,0.0003225192,0,Lucknow,nearest_canonical_atm_euclidean,
5213,9ef1f57a-9c76-54f4-88c7-329cacdf4337,2023-03-10,0.0003225192,0,Lucknow,nearest_canonical_atm_euclidean,
5214,31e7b6f5-c0b1-564b-8692-675d6bee412f,2023-03-10,0.0003225192,0,Lucknow,nearest_canonical_atm_euclidean,
5215,0938de46-20ee-565f-8cb9-c244d99c02f5,2023-03-10,0.0003225192,0,Lucknow,nearest_canonical_atm_euclidean,
5216,9ef1f57a-9c76-54f4-88c7-329cacdf4337,2023-10-27,0.0003225192,0,Lucknow,nearest_canonical_atm_euclidean,
5217,31e7b6f5-c0b1-564b-8692-675d6bee412f,2023-10-27,0.0003225192,0,Lucknow,nearest_canonical_atm_euclidean,
5218,0938de46-20ee-565f-8cb9-c244d99c02f5,2023-10-27,0.0003225192,0,Lucknow,nearest_canonical_atm_euclidean,
5219,b25648e4-410f-523d-86d6-76b48024cead,2023-10-27,0.0003225192,0,Lucknow,nearest_canonical_atm_euclidean,
5220,05c1024d-e62f-59b7-9751-1261d943137f,2023-10-27,0.0003225192,0,Lucknow,nearest_canonical_atm_euclidean,
5221,ad7f21b0-723d-510f-9f11-ac0ba42389f2,2023-10-27,0.0003225192,0,Lucknow,nearest_canonical_atm_euclidean,
5222,a8b3d2c8-657e-52df-aaf2-b0ec66590b37,2023-10-27,0.0003225192,0,Lucknow,nearest_canonical_atm_euclidean,
5223,0938de46-20ee-565f-8cb9-c244d99c02f5,2023-08-04,0.0003225192,0,Lucknow,nearest_canonical_atm_euclidean,
5224,b25648e4-410f-523d-86d6-76b48024cead,2023-08-04,0.0003225192,0,Lucknow,nearest_canonical_atm_euclidean,
5225,05c1024d-e62f-59b7-9751-1261d943137f,2023-04-14,0.0003225192,0,Lucknow,nearest_canonical_atm_euclidean,
5226,e4a23985-38d6-536b-8d6c-a9fbe71958aa,2023-08-25,0.0003225192,0,Lucknow,nearest_canonical_atm_euclidean,
5227,c9476261-1e4f-57eb-a773-16d93ceb4f29,2023-08-25,0.0003225192,0,Lucknow,nearest_canonical_atm_euclidean,
5228,9ef1f57a-9c76-54f4-88c7-329cacdf4337,2023-10-13,0.0003225192,0,Lucknow,nearest_canonical_atm_euclidean,
5229,b25648e4-410f-523d-86d6-76b48024cead,2023-02-03,0.0003225192,0,Lucknow,nearest_canonical_atm_euclidean,
5230,287eb5bc-5856-5dfc-aafa-8b01262a99ba,2023-11-10,0.0003225192,0,Lucknow,nearest_canonical_atm_euclidean,
5231,e4a23985-38d6-536b-8d6c-a9fbe71958aa,2023-11-10,0.0003225192,0,Lucknow,nearest_canonical_atm_euclidean,
5232,9ef1f57a-9c76-54f4-88c7-329cacdf4337,2022-12-30,0.0003225192,0,Lucknow,nearest_canonical_atm_euclidean,
5233,31e7b6f5-c0b1-564b-8692-675d6bee412f,2022-12-30,0.0003225192,0,Lucknow,nearest_canonical_atm_euclidean,
5234,0938de46-20ee-565f-8cb9-c244d99c02f5,2022-12-30,0.0003225192,0,Lucknow,nearest_canonical_atm_euclidean,
5235,b25648e4-410f-523d-86d6-76b48024cead,2023-05-26,0.0003225192,0,Lucknow,nearest_canonical_atm_euclidean,
5236,b25648e4-410f-523d-86d6-76b48024cead,2023-01-13,0.0003225192,0,Lucknow,nearest_canonical_atm_euclidean,
5237,05c1024d-e62f-59b7-9751-1261d943137f,2023-01-13,0.0003225192,0,Lucknow,nearest_canonical_atm_euclidean,
5238,ad7f21b0-723d-510f-9f11-ac0ba42389f2,2023-01-13,0.0003225192,0,Lucknow,nearest_canonical_atm_euclidean,
5239,a8b3d2c8-657e-52df-aaf2-b0ec66590b37,2023-01-13,0.0003225192,0,Lucknow,nearest_canonical_atm_euclidean,
5240,287eb5bc-5856-5dfc-aafa-8b01262a99ba,2023-01-13,0.0003225192,0,Lucknow,nearest_canonical_atm_euclidean,
5241,9ef1f57a-9c76-54f4-88c7-329cacdf4337,2023-08-25,0.0003225192,0,Lucknow,nearest_canonical_atm_euclidean,
5242,31e7b6f5-c0b1-564b-8692-675d6bee412f,2023-08-25,0.0003225192,0,Lucknow,nearest_canonical_atm_euclidean,
5243,0938de46-20ee-565f-8cb9-c244d99c02f5,2023-08-25,0.0003225192,0,Lucknow,nearest_canonical_atm_euclidean,
5244,b25648e4-410f-523d-86d6-76b48024cead,2023-08-25,0.0003225192,0,Lucknow,nearest_canonical_atm_euclidean,
5245,05c1024d-e62f-59b7-9751-1261d943137f,2023-08-25,0.0003225192,0,Lucknow,nearest_canonical_atm_euclidean,
5246,ad7f21b0-723d-510f-9f11-ac0ba42389f2,2023-08-25,0.0003225192,0,Lucknow,nearest_canonical_atm_euclidean,
5247,31e7b6f5-c0b1-564b-8692-675d6bee412f,2023-10-13,0.0003225192,0,Lucknow,nearest_canonical_atm_euclidean,
5248,0938de46-20ee-565f-8cb9-c244d99c02f5,2023-10-13,0.0003225192,0,Lucknow,nearest_canonical_atm_euclidean,
5249,0938de46-20ee-565f-8cb9-c244d99c02f5,2023-11-10,0.0003225192,0,Lucknow,nearest_canonical_atm_euclidean,
5250,b25648e4-410f-523d-86d6-76b48024cead,2023-11-10,0.0003225192,0,Lucknow,nearest_canonical_atm_euclidean,
5251,05c1024d-e62f-59b7-9751-1261d943137f,2023-11-10,0.0003225192,0,Lucknow,nearest_canonical_atm_euclidean,
5252,ad7f21b0-723d-510f-9f11-ac0ba42389f2,2023-11-10,0.0003225192,0,Lucknow,nearest_canonical_atm_euclidean,
5253,a8b3d2c8-657e-52df-aaf2-b0ec66590b37,2023-11-10,0.0003225192,0,Lucknow,nearest_canonical_atm_euclidean,
5254,e4a23985-38d6-536b-8d6c-a9fbe71958aa,2023-10-13,0.0003225192,0,Lucknow,nearest_canonical_atm_euclidean,
5255,c9476261-1e4f-57eb-a773-16d93ceb4f29,2023-10-13,0.0003225192,0,Lucknow,nearest_canonical_atm_euclidean,
5256,b25648e4-410f-523d-86d6-76b48024cead,2023-04-28,0.0003225192,0,Lucknow,nearest_canonical_atm_euclidean,
5257,0938de46-20ee-565f-8cb9-c244d99c02f5,2023-04-07,0.0003225192,0,Lucknow,nearest_canonical_atm_euclidean,
5258,b25648e4-410f-523d-86d6-76b48024cead,2023-04-07,0.0003225192,0,Lucknow,nearest_canonical_atm_euclidean,
5259,0938de46-20ee-565f-8cb9-c244d99c02f5,2023-04-21,0.0003225192,0,Lucknow,nearest_canonical_atm_euclidean,
5260,b25648e4-410f-523d-86d6-76b48024cead,2023-04-21,0.0003225192,0,Lucknow,nearest_canonical_atm_euclidean,
5261,05c1024d-e62f-59b7-9751-1261d943137f,2023-04-21,0.0003225192,0,Lucknow,nearest_canonical_atm_euclidean,
5262,b25648e4-410f-523d-86d6-76b48024cead,2022-12-30,0.0003225192,0,Lucknow,nearest_canonical_atm_euclidean,
5263,05c1024d-e62f-59b7-9751-1261d943137f,2022-12-30,0.0003225192,0,Lucknow,nearest_canonical_atm_euclidean,
5264,9ef1f57a-9c76-54f4-88c7-329cacdf4337,2023-05-12,0.0003225192,0,Lucknow,nearest_canonical_atm_euclidean,
5265,b25648e4-410f-523d-86d6-76b48024cead,2023-10-13,0.0003225192,0,Lucknow,nearest_canonical_atm_euclidean,
5266,9ef1f57a-9c76-54f4-88c7-329cacdf4337,2023-04-21,0.0003225192,0,Lucknow,nearest_canonical_atm_euclidean,
5267,31e7b6f5-c0b1-564b-8692-675d6bee412f,2023-04-21,0.0003225192,0,Lucknow,nearest_canonical_atm_euclidean,
5268,05c1024d-e62f-59b7-9751-1261d943137f,2023-04-07,0.0003225192,0,Lucknow,nearest_canonical_atm_euclidean,
5269,ad7f21b0-723d-510f-9f11-ac0ba42389f2,2023-04-07,0.0003225192,0,Lucknow,nearest_canonical_atm_euclidean,
5270,a8b3d2c8-657e-52df-aaf2-b0ec66590b37,2023-04-07,0.0003225192,0,Lucknow,nearest_canonical_atm_euclidean,
5271,9ef1f57a-9c76-54f4-88c7-329cacdf4337,2023-09-22,0.0003225192,0,Lucknow,nearest_canonical_atm_euclidean,
5272,9ef1f57a-9c76-54f4-88c7-329cacdf4337,2023-11-10,0.0003225192,0,Lucknow,nearest_canonical_atm_euclidean,
5273,ad7f21b0-723d-510f-9f11-ac0ba42389f2,2023-08-04,0.0003225192,0,Lucknow,nearest_canonical_atm_euclidean,
5274,a8b3d2c8-657e-52df-aaf2-b0ec66590b37,2023-08-04,0.0003225192,0,Lucknow,nearest_canonical_atm_euclidean,
5275,287eb5bc-5856-5dfc-aafa-8b01262a99ba,2023-08-04,0.0003225192,0,Lucknow,nearest_canonical_atm_euclidean,
5276,e4a23985-38d6-536b-8d6c-a9fbe71958aa,2023-08-04,0.0003225192,0,Lucknow,nearest_canonical_atm_euclidean,
5277,c9476261-1e4f-57eb-a773-16d93ceb4f29,2023-08-04,0.0003225192,0,Lucknow,nearest_canonical_atm_euclidean,
5278,9ef1f57a-9c76-54f4-88c7-329cacdf4337,2023-08-04,0.0003225192,0,Lucknow,nearest_canonical_atm_euclidean,
5279,e4a23985-38d6-536b-8d6c-a9fbe71958aa,2023-04-14,0.0003225192,0,Lucknow,nearest_canonical_atm_euclidean,
5280,05c1024d-e62f-59b7-9751-1261d943137f,2023-10-06,0.0003225192,0,Lucknow,nearest_canonical_atm_euclidean,
5281,0938de46-20ee-565f-8cb9-c244d99c02f5,2023-05-12,0.0003225192,0,Lucknow,nearest_canonical_atm_euclidean,
5282,b25648e4-410f-523d-86d6-76b48024cead,2023-05-12,0.0003225192,0,Lucknow,nearest_canonical_atm_euclidean,
5283,05c1024d-e62f-59b7-9751-1261d943137f,2023-05-12,0.0003225192,0,Lucknow,nearest_canonical_atm_euclidean,
5284,ad7f21b0-723d-510f-9f11-ac0ba42389f2,2023-05-12,0.0003225192,0,Lucknow,nearest_canonical_atm_euclidean,
5285,a8b3d2c8-657e-52df-aaf2-b0ec66590b37,2023-05-12,0.0003225192,0,Lucknow,nearest_canonical_atm_euclidean,
5286,287eb5bc-5856-5dfc-aafa-8b01262a99ba,2023-05-12,0.0003225192,0,Lucknow,nearest_canonical_atm_euclidean,
5287,b25648e4-410f-523d-86d6-76b48024cead,2023-06-30,0.0003225192,0,Lucknow,nearest_canonical_atm_euclidean,
5288,05c1024d-e62f-59b7-9751-1261d943137f,2023-10-13,0.0003225192,0,Lucknow,nearest_canonical_atm_euclidean,
5289,ad7f21b0-723d-510f-9f11-ac0ba42389f2,2023-10-13,0.0003225192,0,Lucknow,nearest_canonical_atm_euclidean,
5290,a8b3d2c8-657e-52df-aaf2-b0ec66590b37,2023-10-13,0.0003225192,0,Lucknow,nearest_canonical_atm_euclidean,
5291,287eb5bc-5856-5dfc-aafa-8b01262a99ba,2023-10-13,0.0003225192,0,Lucknow,nearest_canonical_atm_euclidean,
5292,31e7b6f5-c0b1-564b-8692-675d6bee412f,2023-11-10,0.0003225192,0,Lucknow,nearest_canonical_atm_euclidean,
5293,b25648e4-410f-523d-86d6-76b48024cead,2023-10-06,0.0003225192,0,Lucknow,nearest_canonical_atm_euclidean,
5294,0938de46-20ee-565f-8cb9-c244d99c02f5,2023-02-03,0.0003225192,0,Lucknow,nearest_canonical_atm_euclidean,
5295,9ef1f57a-9c76-54f4-88c7-329cacdf4337,2023-09-08,0.0003225192,0,Lucknow,nearest_canonical_atm_euclidean,
5296,31e7b6f5-c0b1-564b-8692-675d6bee412f,2023-09-08,0.0003225192,0,Lucknow,nearest_canonical_atm_euclidean,
5297,9ef1f57a-9c76-54f4-88c7-329cacdf4337,2023-12-08,0.0003225192,0,Lucknow,nearest_canonical_atm_euclidean,
5298,31e7b6f5-c0b1-564b-8692-675d6bee412f,2023-12-08,0.0003225192,0,Lucknow,nearest_canonical_atm_euclidean,
5299,0938de46-20ee-565f-8cb9-c244d99c02f5,2023-12-08,0.0003225192,0,Lucknow,nearest_canonical_atm_euclidean,
5300,b25648e4-410f-523d-86d6-76b48024cead,2023-12-08,0.0003225192,0,Lucknow,nearest_canonical_atm_euclidean,
5301,05c1024d-e62f-59b7-9751-1261d943137f,2023-12-08,0.0003225192,0,Lucknow,nearest_canonical_atm_euclidean,
5302,ad7f21b0-723d-510f-9f11-ac0ba42389f2,2023-06-09,0.0003225192,0,Lucknow,nearest_canonical_atm_euclidean,
5303,31e7b6f5-c0b1-564b-8692-675d6bee412f,2023-07-28,0.0003225192,0,Lucknow,nearest_canonical_atm_euclidean,
5304,31e7b6f5-c0b1-564b-8692-675d6bee412f,2023-07-14,0.0003225192,0,Lucknow,nearest_canonical_atm_euclidean,
5305,0938de46-20ee-565f-8cb9-c244d99c02f5,2023-07-14,0.0003225192,0,Lucknow,nearest_canonical_atm_euclidean,
5306,9ef1f57a-9c76-54f4-88c7-329cacdf4337,2023-05-05,0.0003225192,0,Lucknow,nearest_canonical_atm_euclidean,
5307,31e7b6f5-c0b1-564b-8692-675d6bee412f,2023-05-05,0.0003225192,0,Lucknow,nearest_canonical_atm_euclidean,
5308,0938de46-20ee-565f-8cb9-c244d99c02f5,2023-05-05,0.0003225192,0,Lucknow,nearest_canonical_atm_euclidean,
5309,c9476261-1e4f-57eb-a773-16d93ceb4f29,2023-06-23,0.0003225192,0,Lucknow,nearest_canonical_atm_euclidean,
5310,9ef1f57a-9c76-54f4-88c7-329cacdf4337,2023-06-23,0.0003225192,0,Lucknow,nearest_canonical_atm_euclidean,
5311,31e7b6f5-c0b1-564b-8692-675d6bee412f,2023-06-23,0.0003225192,0,Lucknow,nearest_canonical_atm_euclidean,
5312,0938de46-20ee-565f-8cb9-c244d99c02f5,2023-06-23,0.0003225192,0,Lucknow,nearest_canonical_atm_euclidean,
5313,b25648e4-410f-523d-86d6-76b48024cead,2023-06-23,0.0003225192,0,Lucknow,nearest_canonical_atm_euclidean,
5314,0938de46-20ee-565f-8cb9-c244d99c02f5,2023-07-28,0.0003225192,0,Lucknow,nearest_canonical_atm_euclidean,
5315,b25648e4-410f-523d-86d6-76b48024cead,2023-11-03,0.0003225192,0,Lucknow,nearest_canonical_atm_euclidean,
5316,05c1024d-e62f-59b7-9751-1261d943137f,2023-11-03,0.0003225192,0,Lucknow,nearest_canonical_atm_euclidean,
5317,ad7f21b0-723d-510f-9f11-ac0ba42389f2,2023-11-03,0.0003225192,0,Lucknow,nearest_canonical_atm_euclidean,
5318,a8b3d2c8-657e-52df-aaf2-b0ec66590b37,2023-11-03,0.0003225192,0,Lucknow,nearest_canonical_atm_euclidean,
5319,05c1024d-e62f-59b7-9751-1261d943137f,2023-08-04,0.0003225192,0,Lucknow,nearest_canonical_atm_euclidean,
5320,9ef1f57a-9c76-54f4-88c7-329cacdf4337,2023-03-31,0.0003225192,0,Lucknow,nearest_canonical_atm_euclidean,
5321,c9476261-1e4f-57eb-a773-16d93ceb4f29,2023-04-28,0.0003225192,0,Lucknow,nearest_canonical_atm_euclidean,
5322,31e7b6f5-c0b1-564b-8692-675d6bee412f,2023-03-31,0.0003225192,0,Lucknow,nearest_canonical_atm_euclidean,
5323,ad7f21b0-723d-510f-9f11-ac0ba42389f2,2023-04-21,0.0003225192,0,Lucknow,nearest_canonical_atm_euclidean,
5324,0938de46-20ee-565f-8cb9-c244d99c02f5,2023-03-31,0.0003225192,0,Lucknow,nearest_canonical_atm_euclidean,
5325,a8b3d2c8-657e-52df-aaf2-b0ec66590b37,2023-07-14,0.0003225192,0,Lucknow,nearest_canonical_atm_euclidean,
5326,287eb5bc-5856-5dfc-aafa-8b01262a99ba,2023-07-14,0.0003225192,0,Lucknow,nearest_canonical_atm_euclidean,
5327,e4a23985-38d6-536b-8d6c-a9fbe71958aa,2023-07-14,0.0003225192,0,Lucknow,nearest_canonical_atm_euclidean,
5328,c9476261-1e4f-57eb-a773-16d93ceb4f29,2023-07-14,0.0003225192,0,Lucknow,nearest_canonical_atm_euclidean,
5329,9ef1f57a-9c76-54f4-88c7-329cacdf4337,2023-05-19,0.0003225192,0,Lucknow,nearest_canonical_atm_euclidean,
5330,31e7b6f5-c0b1-564b-8692-675d6bee412f,2023-05-19,0.0003225192,0,Lucknow,nearest_canonical_atm_euclidean,
5331,a8b3d2c8-657e-52df-aaf2-b0ec66590b37,2023-05-19,0.0003225192,0,Lucknow,nearest_canonical_atm_euclidean,
5332,287eb5bc-5856-5dfc-aafa-8b01262a99ba,2023-05-19,0.0003225192,0,Lucknow,nearest_canonical_atm_euclidean,
5333,b25648e4-410f-523d-86d6-76b48024cead,2023-03-31,0.0003225192,0,Lucknow,nearest_canonical_atm_euclidean,
5334,e4a23985-38d6-536b-8d6c-a9fbe71958aa,2023-05-19,0.0003225192,0,Lucknow,nearest_canonical_atm_euclidean,
5335,05c1024d-e62f-59b7-9751-1261d943137f,2023-06-09,0.0003225192,0,Lucknow,nearest_canonical_atm_euclidean,
5336,9ef1f57a-9c76-54f4-88c7-329cacdf4337,2023-06-09,0.0003225192,0,Lucknow,nearest_canonical_atm_euclidean,
5337,31e7b6f5-c0b1-564b-8692-675d6bee412f,2023-06-09,0.0003225192,0,Lucknow,nearest_canonical_atm_euclidean,
5338,0938de46-20ee-565f-8cb9-c244d99c02f5,2023-06-09,0.0003225192,0,Lucknow,nearest_canonical_atm_euclidean,
5339,b25648e4-410f-523d-86d6-76b48024cead,2023-06-09,0.0003225192,0,Lucknow,nearest_canonical_atm_euclidean,
5340,a8b3d2c8-657e-52df-aaf2-b0ec66590b37,2023-09-08,0.0003225192,0,Lucknow,nearest_canonical_atm_euclidean,
5341,287eb5bc-5856-5dfc-aafa-8b01262a99ba,2023-09-08,0.0003225192,0,Lucknow,nearest_canonical_atm_euclidean,
5342,e4a23985-38d6-536b-8d6c-a9fbe71958aa,2023-09-08,0.0003225192,0,Lucknow,nearest_canonical_atm_euclidean,
5343,c9476261-1e4f-57eb-a773-16d93ceb4f29,2023-09-08,0.0003225192,0,Lucknow,nearest_canonical_atm_euclidean,
5344,9ef1f57a-9c76-54f4-88c7-329cacdf4337,2023-11-03,0.0003225192,0,Lucknow,nearest_canonical_atm_euclidean,
5345,31e7b6f5-c0b1-564b-8692-675d6bee412f,2023-11-03,0.0003225192,0,Lucknow,nearest_canonical_atm_euclidean,
5346,0938de46-20ee-565f-8cb9-c244d99c02f5,2023-11-03,0.0003225192,0,Lucknow,nearest_canonical_atm_euclidean,
5347,e4a23985-38d6-536b-8d6c-a9fbe71958aa,2023-05-12,0.0003225192,0,Lucknow,nearest_canonical_atm_euclidean,
5348,c9476261-1e4f-57eb-a773-16d93ceb4f29,2023-05-12,0.0003225192,0,Lucknow,nearest_canonical_atm_euclidean,
5349,c9476261-1e4f-57eb-a773-16d93ceb4f29,2023-04-14,0.0003225192,0,Lucknow,nearest_canonical_atm_euclidean,
5350,31e7b6f5-c0b1-564b-8692-675d6bee412f,2023-05-12,0.0003225192,0,Lucknow,nearest_canonical_atm_euclidean,
5351,05c1024d-e62f-59b7-9751-1261d943137f,2023-02-10,0.0003225192,0,Lucknow,nearest_canonical_atm_euclidean,
5352,ad7f21b0-723d-510f-9f11-ac0ba42389f2,2023-02-10,0.0003225192,0,Lucknow,nearest_canonical_atm_euclidean,
5353,a8b3d2c8-657e-52df-aaf2-b0ec66590b37,2023-02-10,0.0003225192,0,Lucknow,nearest_canonical_atm_euclidean,
5354,0938de46-20ee-565f-8cb9-c244d99c02f5,2023-04-14,0.0003225192,0,Lucknow,nearest_canonical_atm_euclidean,
5355,05c1024d-e62f-59b7-9751-1261d943137f,2023-03-31,0.0003225192,0,Lucknow,nearest_canonical_atm_euclidean,
5356,05c1024d-e62f-59b7-9751-1261d943137f,2023-11-17,0.0003225192,0,Lucknow,nearest_canonical_atm_euclidean,
5357,0938de46-20ee-565f-8cb9-c244d99c02f5,2023-02-24,0.0003225192,0,Lucknow,nearest_canonical_atm_euclidean,
5358,b25648e4-410f-523d-86d6-76b48024cead,2023-02-24,0.0003225192,0,Lucknow,nearest_canonical_atm_euclidean,
5359,05c1024d-e62f-59b7-9751-1261d943137f,2023-02-24,0.0003225192,0,Lucknow,nearest_canonical_atm_euclidean,
5360,a8b3d2c8-657e-52df-aaf2-b0ec66590b37,2023-09-01,0.0003225192,0,Lucknow,nearest_canonical_atm_euclidean,
5361,287eb5bc-5856-5dfc-aafa-8b01262a99ba,2023-09-01,0.0003225192,0,Lucknow,nearest_canonical_atm_euclidean,
5362,e4a23985-38d6-536b-8d6c-a9fbe71958aa,2023-09-01,0.0003225192,0,Lucknow,nearest_canonical_atm_euclidean,
5363,c9476261-1e4f-57eb-a773-16d93ceb4f29,2023-09-01,0.0003225192,0,Lucknow,nearest_canonical_atm_euclidean,
5364,9ef1f57a-9c76-54f4-88c7-329cacdf4337,2023-07-14,0.0003225192,0,Lucknow,nearest_canonical_atm_euclidean,
5365,e4a23985-38d6-536b-8d6c-a9fbe71958aa,2023-02-03,0.0003225192,0,Lucknow,nearest_canonical_atm_euclidean,
5366,c9476261-1e4f-57eb-a773-16d93ceb4f29,2023-02-03,0.0003225192,0,Lucknow,nearest_canonical_atm_euclidean,
5367,05c1024d-e62f-59b7-9751-1261d943137f,2023-09-22,0.0003225192,0,Lucknow,nearest_canonical_atm_euclidean,
5368,ad7f21b0-723d-510f-9f11-ac0ba42389f2,2023-12-08,0.0003225192,0,Lucknow,nearest_canonical_atm_euclidean,
5369,a8b3d2c8-657e-52df-aaf2-b0ec66590b37,2023-12-08,0.0003225192,0,Lucknow,nearest_canonical_atm_euclidean,
5370,287eb5bc-5856-5dfc-aafa-8b01262a99ba,2023-12-08,0.0003225192,0,Lucknow,nearest_canonical_atm_euclidean,
5371,e4a23985-38d6-536b-8d6c-a9fbe71958aa,2023-12-08,0.0003225192,0,Lucknow,nearest_canonical_atm_euclidean,
5372,c9476261-1e4f-57eb-a773-16d93ceb4f29,2023-12-08,0.0003225192,0,Lucknow,nearest_canonical_atm_euclidean,
5373,b25648e4-410f-523d-86d6-76b48024cead,2023-09-08,0.0003225192,0,Lucknow,nearest_canonical_atm_euclidean,
5374,05c1024d-e62f-59b7-9751-1261d943137f,2023-09-08,0.0003225192,0,Lucknow,nearest_canonical_atm_euclidean,
5375,ad7f21b0-723d-510f-9f11-ac0ba42389f2,2023-09-08,0.0003225192,0,Lucknow,nearest_canonical_atm_euclidean,
5376,9ef1f57a-9c76-54f4-88c7-329cacdf4337,2023-02-24,0.0003225192,0,Lucknow,nearest_canonical_atm_euclidean,
5377,31e7b6f5-c0b1-564b-8692-675d6bee412f,2023-02-24,0.0003225192,0,Lucknow,nearest_canonical_atm_euclidean,
5378,0938de46-20ee-565f-8cb9-c244d99c02f5,2023-09-01,0.0003225192,0,Lucknow,nearest_canonical_atm_euclidean,
5379,b25648e4-410f-523d-86d6-76b48024cead,2023-09-01,0.0003225192,0,Lucknow,nearest_canonical_atm_euclidean,
5380,05c1024d-e62f-59b7-9751-1261d943137f,2023-09-01,0.0003225192,0,Lucknow,nearest_canonical_atm_euclidean,
5381,ad7f21b0-723d-510f-9f11-ac0ba42389f2,2023-09-01,0.0003225192,0,Lucknow,nearest_canonical_atm_euclidean,
5382,e4a23985-38d6-536b-8d6c-a9fbe71958aa,2023-02-24,0.0003225192,0,Lucknow,nearest_canonical_atm_euclidean,
5383,c9476261-1e4f-57eb-a773-16d93ceb4f29,2023-02-24,0.0003225192,0,Lucknow,nearest_canonical_atm_euclidean,
5384,05c1024d-e62f-59b7-9751-1261d943137f,2023-02-03,0.0003225192,0,Lucknow,nearest_canonical_atm_euclidean,
5385,05c1024d-e62f-59b7-9751-1261d943137f,2023-05-19,0.0003225192,0,Lucknow,nearest_canonical_atm_euclidean,
5386,ad7f21b0-723d-510f-9f11-ac0ba42389f2,2023-05-19,0.0003225192,0,Lucknow,nearest_canonical_atm_euclidean,
5387,287eb5bc-5856-5dfc-aafa-8b01262a99ba,2023-11-03,0.0003225192,0,Lucknow,nearest_canonical_atm_euclidean,
5388,e4a23985-38d6-536b-8d6c-a9fbe71958aa,2023-11-03,0.0003225192,0,Lucknow,nearest_canonical_atm_euclidean,
5389,c9476261-1e4f-57eb-a773-16d93ceb4f29,2023-11-03,0.0003225192,0,Lucknow,nearest_canonical_atm_euclidean,
5390,ad7f21b0-723d-510f-9f11-ac0ba42389f2,2023-07-28,0.0003225192,0,Lucknow,nearest_canonical_atm_euclidean,
5391,a8b3d2c8-657e-52df-aaf2-b0ec66590b37,2023-07-28,0.0003225192,0,Lucknow,nearest_canonical_atm_euclidean,
5392,287eb5bc-5856-5dfc-aafa-8b01262a99ba,2023-07-28,0.0003225192,0,Lucknow,nearest_canonical_atm_euclidean,
5393,e4a23985-38d6-536b-8d6c-a9fbe71958aa,2023-07-28,0.0003225192,0,Lucknow,nearest_canonical_atm_euclidean,
5394,c9476261-1e4f-57eb-a773-16d93ceb4f29,2023-07-28,0.0003225192,0,Lucknow,nearest_canonical_atm_euclidean,
5395,0938de46-20ee-565f-8cb9-c244d99c02f5,2023-11-24,0.0003225192,0,Lucknow,nearest_canonical_atm_euclidean,
5396,b25648e4-410f-523d-86d6-76b48024cead,2023-11-24,0.0003225192,0,Lucknow,nearest_canonical_atm_euclidean,
5397,05c1024d-e62f-59b7-9751-1261d943137f,2023-11-24,0.0003225192,0,Lucknow,nearest_canonical_atm_euclidean,
5398,ad7f21b0-723d-510f-9f11-ac0ba42389f2,2023-11-24,0.0003225192,0,Lucknow,nearest_canonical_atm_euclidean,
5399,ad7f21b0-723d-510f-9f11-ac0ba42389f2,2023-02-03,0.0003225192,0,Lucknow,nearest_canonical_atm_euclidean,
5400,a8b3d2c8-657e-52df-aaf2-b0ec66590b37,2023-02-03,0.0003225192,0,Lucknow,nearest_canonical_atm_euclidean,
5401,287eb5bc-5856-5dfc-aafa-8b01262a99ba,2023-02-03,0.0003225192,0,Lucknow,nearest_canonical_atm_euclidean,
5402,ad7f21b0-723d-510f-9f11-ac0ba42389f2,2023-09-22,0.0003225192,0,Lucknow,nearest_canonical_atm_euclidean,
5403,287eb5bc-5856-5dfc-aafa-8b01262a99ba,2023-10-06,0.0003225192,0,Lucknow,nearest_canonical_atm_euclidean,
5404,e4a23985-38d6-536b-8d6c-a9fbe71958aa,2023-10-06,0.0003225192,0,Lucknow,nearest_canonical_atm_euclidean,
5405,c9476261-1e4f-57eb-a773-16d93ceb4f29,2023-10-06,0.0003225192,0,Lucknow,nearest_canonical_atm_euclidean,
5406,a8b3d2c8-657e-52df-aaf2-b0ec66590b37,2023-09-22,0.0003225192,0,Lucknow,nearest_canonical_atm_euclidean,
5407,287eb5bc-5856-5dfc-aafa-8b01262a99ba,2023-09-22,0.0003225192,0,Lucknow,nearest_canonical_atm_euclidean,
5408,0938de46-20ee-565f-8cb9-c244d99c02f5,2023-09-08,0.0003225192,0,Lucknow,nearest_canonical_atm_euclidean,
5409,9ef1f57a-9c76-54f4-88c7-329cacdf4337,2023-09-01,0.0003225192,0,Lucknow,nearest_canonical_atm_euclidean,
5410,31e7b6f5-c0b1-564b-8692-675d6bee412f,2023-09-01,0.0003225192,0,Lucknow,nearest_canonical_atm_euclidean,
5411,287eb5bc-5856-5dfc-aafa-8b01262a99ba,2023-02-24,0.0003225192,0,Lucknow,nearest_canonical_atm_euclidean,
5412,a8b3d2c8-657e-52df-aaf2-b0ec66590b37,2023-06-09,0.0003225192,0,Lucknow,nearest_canonical_atm_euclidean,
5413,287eb5bc-5856-5dfc-aafa-8b01262a99ba,2023-06-09,0.0003225192,0,Lucknow,nearest_canonical_atm_euclidean,
5414,e4a23985-38d6-536b-8d6c-a9fbe71958aa,2023-06-09,0.0003225192,0,Lucknow,nearest_canonical_atm_euclidean,
5415,c9476261-1e4f-57eb-a773-16d93ceb4f29,2023-06-09,0.0003225192,0,Lucknow,nearest_canonical_atm_euclidean,
5416,e4a23985-38d6-536b-8d6c-a9fbe71958aa,2023-09-22,0.0003225192,0,Lucknow,nearest_canonical_atm_euclidean,
5417,ad7f21b0-723d-510f-9f11-ac0ba42389f2,2023-03-31,0.0003225192,0,Lucknow,nearest_canonical_atm_euclidean,
5418,a8b3d2c8-657e-52df-aaf2-b0ec66590b37,2023-03-31,0.0003225192,0,Lucknow,nearest_canonical_atm_euclidean,
5419,9ef1f57a-9c76-54f4-88c7-329cacdf4337,2023-01-13,0.0003225192,0,Lucknow,nearest_canonical_atm_euclidean,
5420,31e7b6f5-c0b1-564b-8692-675d6bee412f,2023-01-13,0.0003225192,0,Lucknow,nearest_canonical_atm_euclidean,
5421,0938de46-20ee-565f-8cb9-c244d99c02f5,2023-01-13,0.0003225192,0,Lucknow,nearest_canonical_atm_euclidean,
5422,9ef1f57a-9c76-54f4-88c7-329cacdf4337,2023-05-26,0.0003225192,0,Lucknow,nearest_canonical_atm_euclidean,
5423,0938de46-20ee-565f-8cb9-c244d99c02f5,2023-05-19,0.0003225192,0,Lucknow,nearest_canonical_atm_euclidean,
5424,b25648e4-410f-523d-86d6-76b48024cead,2023-05-19,0.0003225192,0,Lucknow,nearest_canonical_atm_euclidean,
5425,b25648e4-410f-523d-86d6-76b48024cead,2023-11-17,0.0003225192,0,Lucknow,nearest_canonical_atm_euclidean,
5426,b25648e4-410f-523d-86d6-76b48024cead,2023-07-07,0.0003225192,0,Lucknow,nearest_canonical_atm_euclidean,
5427,05c1024d-e62f-59b7-9751-1261d943137f,2023-07-07,0.0003225192,0,Lucknow,nearest_canonical_atm_euclidean,
5428,ad7f21b0-723d-510f-9f11-ac0ba42389f2,2023-07-07,0.0003225192,0,Lucknow,nearest_canonical_atm_euclidean,
5429,a8b3d2c8-657e-52df-aaf2-b0ec66590b37,2023-07-07,0.0003225192,0,Lucknow,nearest_canonical_atm_euclidean,
5430,287eb5bc-5856-5dfc-aafa-8b01262a99ba,2023-07-07,0.0003225192,0,Lucknow,nearest_canonical_atm_euclidean,
5431,e4a23985-38d6-536b-8d6c-a9fbe71958aa,2023-07-07,0.0003225192,0,Lucknow,nearest_canonical_atm_euclidean,
5432,c9476261-1e4f-57eb-a773-16d93ceb4f29,2023-07-07,0.0003225192,0,Lucknow,nearest_canonical_atm_euclidean,
5433,b25648e4-410f-523d-86d6-76b48024cead,2023-07-14,0.0003225192,0,Lucknow,nearest_canonical_atm_euclidean,
5434,c9476261-1e4f-57eb-a773-16d93ceb4f29,2023-01-13,0.0003225192,0,Lucknow,nearest_canonical_atm_euclidean,
5435,a8b3d2c8-657e-52df-aaf2-b0ec66590b37,2023-08-11,0.0003225192,0,Lucknow,nearest_canonical_atm_euclidean,
5436,9ef1f57a-9c76-54f4-88c7-329cacdf4337,2023-03-17,0.0003225192,0,Lucknow,nearest_canonical_atm_euclidean,
5437,9ef1f57a-9c76-54f4-88c7-329cacdf4337,2023-02-03,0.0003225192,0,Lucknow,nearest_canonical_atm_euclidean,
5438,31e7b6f5-c0b1-564b-8692-675d6bee412f,2023-02-03,0.0003225192,0,Lucknow,nearest_canonical_atm_euclidean,
5439,05c1024d-e62f-59b7-9751-1261d943137f,2023-07-14,0.0003225192,0,Lucknow,nearest_canonical_atm_euclidean,
5440,ad7f21b0-723d-510f-9f11-ac0ba42389f2,2023-07-14,0.0003225192,0,Lucknow,nearest_canonical_atm_euclidean,
5441,31e7b6f5-c0b1-564b-8692-675d6bee412f,2023-03-17,0.0003225192,0,Lucknow,nearest_canonical_atm_euclidean,
5442,287eb5bc-5856-5dfc-aafa-8b01262a99ba,2023-04-21,0.0003225192,0,Lucknow,nearest_canonical_atm_euclidean,
5443,9ef1f57a-9c76-54f4-88c7-329cacdf4337,2023-01-20,0.0003225192,0,Lucknow,nearest_canonical_atm_euclidean,
5444,31e7b6f5-c0b1-564b-8692-675d6bee412f,2023-01-20,0.0003225192,0,Lucknow,nearest_canonical_atm_euclidean,
5445,0938de46-20ee-565f-8cb9-c244d99c02f5,2023-01-20,0.0003225192,0,Lucknow,nearest_canonical_atm_euclidean,
5446,b25648e4-410f-523d-86d6-76b48024cead,2023-01-20,0.0003225192,0,Lucknow,nearest_canonical_atm_euclidean,
5447,05c1024d-e62f-59b7-9751-1261d943137f,2023-01-20,0.0003225192,0,Lucknow,nearest_canonical_atm_euclidean,
5448,ad7f21b0-723d-510f-9f11-ac0ba42389f2,2023-01-20,0.0003225192,0,Lucknow,nearest_canonical_atm_euclidean,
5449,9ef1f57a-9c76-54f4-88c7-329cacdf4337,2023-11-24,0.0003225192,0,Lucknow,nearest_canonical_atm_euclidean,
5450,31e7b6f5-c0b1-564b-8692-675d6bee412f,2023-11-24,0.0003225192,0,Lucknow,nearest_canonical_atm_euclidean,
5451,05c1024d-e62f-59b7-9751-1261d943137f,2023-07-28,0.0003225192,0,Lucknow,nearest_canonical_atm_euclidean,
5452,0938de46-20ee-565f-8cb9-c244d99c02f5,2023-03-17,0.0003225192,0,Lucknow,nearest_canonical_atm_euclidean,
5453,9ef1f57a-9c76-54f4-88c7-329cacdf4337,2023-07-28,0.0003225192,0,Lucknow,nearest_canonical_atm_euclidean,
5454,e4a23985-38d6-536b-8d6c-a9fbe71958aa,2023-04-21,0.0003225192,0,Lucknow,nearest_canonical_atm_euclidean,
5455,c9476261-1e4f-57eb-a773-16d93ceb4f29,2023-04-21,0.0003225192,0,Lucknow,nearest_canonical_atm_euclidean,
5456,a8b3d2c8-657e-52df-aaf2-b0ec66590b37,2023-02-24,0.0003225192,0,Lucknow,nearest_canonical_atm_euclidean,
5457,9ef1f57a-9c76-54f4-88c7-329cacdf4337,2023-11-17,0.0003225192,0,Lucknow,nearest_canonical_atm_euclidean,
5458,31e7b6f5-c0b1-564b-8692-675d6bee412f,2023-11-17,0.0003225192,0,Lucknow,nearest_canonical_atm_euclidean,
5459,ad7f21b0-723d-510f-9f11-ac0ba42389f2,2023-02-24,0.0003225192,0,Lucknow,nearest_canonical_atm_euclidean,
5460,a8b3d2c8-657e-52df-aaf2-b0ec66590b37,2023-04-21,0.0003225192,0,Lucknow,nearest_canonical_atm_euclidean,
5461,9ef1f57a-9c76-54f4-88c7-329cacdf4337,2023-10-06,0.0003225192,0,Lucknow,nearest_canonical_atm_euclidean,
5462,31e7b6f5-c0b1-564b-8692-675d6bee412f,2023-10-06,0.0003225192,0,Lucknow,nearest_canonical_atm_euclidean,
5463,0938de46-20ee-565f-8cb9-c244d99c02f5,2023-10-06,0.0003225192,0,Lucknow,nearest_canonical_atm_euclidean,
5464,ad7f21b0-723d-510f-9f11-ac0ba42389f2,2023-10-06,0.0003225192,0,Lucknow,nearest_canonical_atm_euclidean,
5465,ad7f21b0-723d-510f-9f11-ac0ba42389f2,2023-04-14,0.0003225192,0,Lucknow,nearest_canonical_atm_euclidean,
5466,a8b3d2c8-657e-52df-aaf2-b0ec66590b37,2023-04-14,0.0003225192,0,Lucknow,nearest_canonical_atm_euclidean,
5467,9ef1f57a-9c76-54f4-88c7-329cacdf4337,2023-12-15,0.0003225192,0,Lucknow,nearest_canonical_atm_euclidean,
5468,31e7b6f5-c0b1-564b-8692-675d6bee412f,2023-12-15,0.0003225192,0,Lucknow,nearest_canonical_atm_euclidean,
5469,0938de46-20ee-565f-8cb9-c244d99c02f5,2023-12-15,0.0003225192,0,Lucknow,nearest_canonical_atm_euclidean,
5470,31e7b6f5-c0b1-564b-8692-675d6bee412f,2023-09-22,0.0003225192,0,Lucknow,nearest_canonical_atm_euclidean,
5471,0938de46-20ee-565f-8cb9-c244d99c02f5,2023-09-22,0.0003225192,0,Lucknow,nearest_canonical_atm_euclidean,
5472,b25648e4-410f-523d-86d6-76b48024cead,2023-09-22,0.0003225192,0,Lucknow,nearest_canonical_atm_euclidean,
5473,a8b3d2c8-657e-52df-aaf2-b0ec66590b37,2023-12-15,0.0003225192,0,Lucknow,nearest_canonical_atm_euclidean,
5474,287eb5bc-5856-5dfc-aafa-8b01262a99ba,2023-12-15,0.0003225192,0,Lucknow,nearest_canonical_atm_euclidean,
5475,e4a23985-38d6-536b-8d6c-a9fbe71958aa,2023-12-15,0.0003225192,0,Lucknow,nearest_canonical_atm_euclidean,
5476,c9476261-1e4f-57eb-a773-16d93ceb4f29,2023-12-15,0.0003225192,0,Lucknow,nearest_canonical_atm_euclidean,
5477,ad7f21b0-723d-510f-9f11-ac0ba42389f2,2023-12-15,0.0003225192,0,Lucknow,nearest_canonical_atm_euclidean,
5478,b25648e4-410f-523d-86d6-76b48024cead,2023-03-17,0.0003225192,0,Lucknow,nearest_canonical_atm_euclidean,
5479,0938de46-20ee-565f-8cb9-c244d99c02f5,2023-05-26,0.0003225192,0,Lucknow,nearest_canonical_atm_euclidean,
5480,31e7b6f5-c0b1-564b-8692-675d6bee412f,2023-05-26,0.0003225192,0,Lucknow,nearest_canonical_atm_euclidean,
5481,a8b3d2c8-657e-52df-aaf2-b0ec66590b37,2023-10-06,0.0003225192,0,Lucknow,nearest_canonical_atm_euclidean,
5482,0938de46-20ee-565f-8cb9-c244d99c02f5,2023-11-17,0.0003225192,0,Lucknow,nearest_canonical_atm_euclidean,
5483,9ef1f57a-9c76-54f4-88c7-329cacdf4337,2023-07-07,0.0003225192,0,Lucknow,nearest_canonical_atm_euclidean,
5484,31e7b6f5-c0b1-564b-8692-675d6bee412f,2023-07-07,0.0003225192,0,Lucknow,nearest_canonical_atm_euclidean,
5485,0938de46-20ee-565f-8cb9-c244d99c02f5,2023-07-07,0.0003225192,0,Lucknow,nearest_canonical_atm_euclidean,
5486,b25648e4-410f-523d-86d6-76b48024cead,2023-07-28,0.0003225192,0,Lucknow,nearest_canonical_atm_euclidean,
5487,9ef1f57a-9c76-54f4-88c7-329cacdf4337,2023-08-11,0.0003225192,0,Lucknow,nearest_canonical_atm_euclidean,
5488,05c1024d-e62f-59b7-9751-1261d943137f,2023-09-15,0.0003225192,0,Lucknow,nearest_canonical_atm_euclidean,
5489,05c1024d-e62f-59b7-9751-1261d943137f,2023-06-02,0.0003225192,0,Lucknow,nearest_canonical_atm_euclidean,
5490,ad7f21b0-723d-510f-9f11-ac0ba42389f2,2023-06-02,0.0003225192,0,Lucknow,nearest_canonical_atm_euclidean,
5491,a8b3d2c8-657e-52df-aaf2-b0ec66590b37,2023-06-02,0.0003225192,0,Lucknow,nearest_canonical_atm_euclidean,
5492,c9476261-1e4f-57eb-a773-16d93ceb4f29,2023-09-22,0.0003225192,0,Lucknow,nearest_canonical_atm_euclidean,
5493,b25648e4-410f-523d-86d6-76b48024cead,2023-12-15,0.0003225192,0,Lucknow,nearest_canonical_atm_euclidean,
5494,05c1024d-e62f-59b7-9751-1261d943137f,2023-12-15,0.0003225192,0,Lucknow,nearest_canonical_atm_euclidean,
5495,b25648e4-410f-523d-86d6-76b48024cead,2023-04-14,0.0003225192,0,Lucknow,nearest_canonical_atm_euclidean,
5496,e59ea14d-6014-54fe-bc4f-daf0d4c133e3,2023-01-06,0.00032246695,0,Ahmedabad,nearest_canonical_atm_euclidean,
5497,182ddc72-62c6-5f3b-b7ae-935c5b5e605b,2023-11-10,0.0003223403,0,Jaipur,nearest_canonical_atm_euclidean,
5498,7aee3f20-61f3-58df-bbd1-af7d2ad4f502,2023-03-03,0.00032220173,0,Mumbai,nearest_canonical_atm_euclidean,
5499,d3483408-08a1-5840-8a4f-e2a5d47c989b,2023-01-06,0.00032179404,0,Chennai,nearest_canonical_atm_euclidean,
5500,34ff42c5-aa0c-58b5-b153-3aa920bff5c7,2023-04-28,0.0003214773,0,Chennai,nearest_canonical_atm_euclidean,
5501,7142d25c-5954-53f9-ba18-f95055901780,2023-12-01,0.00032097567,0,Bengaluru,nearest_canonical_atm_euclidean,
5502,de2d188a-a433-5f4b-869a-2ffe30dfc6ab,2023-08-04,0.0003202494,0,Ahmedabad,nearest_canonical_atm_euclidean,
5503,94effd11-8fd8-50af-8f4c-b5a629d11375,2023-07-14,0.00032014807,0,Jaipur,nearest_canonical_atm_euclidean,
5504,4aabdbdc-9536-5b73-bab4-7cbee9886fed,2023-02-10,0.00032002447,0,Hyderabad,nearest_canonical_atm_euclidean,
5505,afecdedf-a580-5453-aee1-cce5a1fc6571,2023-05-26,0.0003199897,0,Ahmedabad,nearest_canonical_atm_euclidean,
5506,ab7406b4-42c4-5a64-a99f-ed1e9a1912a6,2023-09-01,0.00031987106,0,Kolkata,nearest_canonical_atm_euclidean,
5507,23f00f1f-a233-5e89-8069-27d2584ad221,2023-02-17,0.00031944894,0,Hyderabad,nearest_canonical_atm_euclidean,
5508,07b1cb4d-de17-5ac2-a00b-02cf9e672ff0,2023-06-30,0.00031941,0,Ahmedabad,nearest_canonical_atm_euclidean,
5509,b76d9deb-4963-5298-b5ab-e7aa1216e9a4,2023-02-17,0.00031912662,0,Kolkata,nearest_canonical_atm_euclidean,
5510,14f26062-7d75-550d-ae7d-50ad61eb0e1b,2023-04-07,0.00031902106,0,Jaipur,nearest_canonical_atm_euclidean,
5511,2e751f5b-ebe1-5162-b43d-482303a259e3,2023-06-23,0.00031878997,0,Kolkata,nearest_canonical_atm_euclidean,
5512,06c1e399-5422-598e-8078-2622bf0dc842,2023-12-15,0.00031874652,0,Jaipur,nearest_canonical_atm_euclidean,
5513,dce0c68a-90eb-5756-908b-549f801f0816,2023-12-15,0.00031780193,0,Hyderabad,nearest_canonical_atm_euclidean,
5514,d96fb612-761a-52d1-8bfd-a2368e7f9fd3,2023-12-01,0.0003169568,0,Jaipur,nearest_canonical_atm_euclidean,
5515,7c1562ed-0c51-50a9-b83b-049fcdfe12b4,2023-06-30,0.00031577118,0,Jaipur,nearest_canonical_atm_euclidean,
5516,2016ab0e-ff89-583d-a9d0-fc320842681a,2023-07-28,0.0003155542,0,Lucknow,nearest_canonical_atm_euclidean,
5517,2016ab0e-ff89-583d-a9d0-fc320842681a,2023-05-19,0.0003155542,0,Lucknow,nearest_canonical_atm_euclidean,
5518,2016ab0e-ff89-583d-a9d0-fc320842681a,2023-07-07,0.0003155542,0,Lucknow,nearest_canonical_atm_euclidean,
5519,796bee8d-8c38-5342-8a4a-a0fac3cffbb9,2023-07-07,0.0003155542,0,Lucknow,nearest_canonical_atm_euclidean,
5520,796bee8d-8c38-5342-8a4a-a0fac3cffbb9,2023-05-19,0.0003155542,0,Lucknow,nearest_canonical_atm_euclidean,
5521,796bee8d-8c38-5342-8a4a-a0fac3cffbb9,2023-12-15,0.0003155542,0,Lucknow,nearest_canonical_atm_euclidean,
5522,2016ab0e-ff89-583d-a9d0-fc320842681a,2023-02-10,0.0003155542,0,Lucknow,nearest_canonical_atm_euclidean,
5523,796bee8d-8c38-5342-8a4a-a0fac3cffbb9,2023-03-31,0.0003155542,0,Lucknow,nearest_canonical_atm_euclidean,
5524,796bee8d-8c38-5342-8a4a-a0fac3cffbb9,2023-11-03,0.0003155542,0,Lucknow,nearest_canonical_atm_euclidean,
5525,2016ab0e-ff89-583d-a9d0-fc320842681a,2023-11-03,0.0003155542,0,Lucknow,nearest_canonical_atm_euclidean,
5526,796bee8d-8c38-5342-8a4a-a0fac3cffbb9,2023-05-12,0.0003155542,0,Lucknow,nearest_canonical_atm_euclidean,
5527,2016ab0e-ff89-583d-a9d0-fc320842681a,2023-08-04,0.0003155542,0,Lucknow,nearest_canonical_atm_euclidean,
5528,796bee8d-8c38-5342-8a4a-a0fac3cffbb9,2023-08-04,0.0003155542,0,Lucknow,nearest_canonical_atm_euclidean,
5529,2016ab0e-ff89-583d-a9d0-fc320842681a,2023-05-12,0.0003155542,0,Lucknow,nearest_canonical_atm_euclidean,
5530,796bee8d-8c38-5342-8a4a-a0fac3cffbb9,2023-09-08,0.0003155542,0,Lucknow,nearest_canonical_atm_euclidean,
5531,2016ab0e-ff89-583d-a9d0-fc320842681a,2023-12-08,0.0003155542,0,Lucknow,nearest_canonical_atm_euclidean,
5532,2016ab0e-ff89-583d-a9d0-fc320842681a,2023-02-03,0.0003155542,0,Lucknow,nearest_canonical_atm_euclidean,
5533,796bee8d-8c38-5342-8a4a-a0fac3cffbb9,2023-09-01,0.0003155542,0,Lucknow,nearest_canonical_atm_euclidean,
5534,796bee8d-8c38-5342-8a4a-a0fac3cffbb9,2023-10-27,0.0003155542,0,Lucknow,nearest_canonical_atm_euclidean,
5535,796bee8d-8c38-5342-8a4a-a0fac3cffbb9,2023-02-10,0.0003155542,0,Lucknow,nearest_canonical_atm_euclidean,
5536,2016ab0e-ff89-583d-a9d0-fc320842681a,2023-06-23,0.0003155542,0,Lucknow,nearest_canonical_atm_euclidean,
5537,2016ab0e-ff89-583d-a9d0-fc320842681a,2023-10-27,0.0003155542,0,Lucknow,nearest_canonical_atm_euclidean,
5538,796bee8d-8c38-5342-8a4a-a0fac3cffbb9,2023-06-23,0.0003155542,0,Lucknow,nearest_canonical_atm_euclidean,
5539,2016ab0e-ff89-583d-a9d0-fc320842681a,2023-05-05,0.0003155542,0,Lucknow,nearest_canonical_atm_euclidean,
5540,796bee8d-8c38-5342-8a4a-a0fac3cffbb9,2023-03-24,0.0003155542,0,Lucknow,nearest_canonical_atm_euclidean,
5541,796bee8d-8c38-5342-8a4a-a0fac3cffbb9,2023-03-10,0.0003155542,0,Lucknow,nearest_canonical_atm_euclidean,
5542,796bee8d-8c38-5342-8a4a-a0fac3cffbb9,2023-01-06,0.0003155542,0,Lucknow,nearest_canonical_atm_euclidean,
5543,2016ab0e-ff89-583d-a9d0-fc320842681a,2023-03-10,0.0003155542,0,Lucknow,nearest_canonical_atm_euclidean,
5544,2016ab0e-ff89-583d-a9d0-fc320842681a,2023-04-21,0.0003155542,0,Lucknow,nearest_canonical_atm_euclidean,
5545,796bee8d-8c38-5342-8a4a-a0fac3cffbb9,2023-11-17,0.0003155542,0,Lucknow,nearest_canonical_atm_euclidean,
5546,2016ab0e-ff89-583d-a9d0-fc320842681a,2023-09-01,0.0003155542,0,Lucknow,nearest_canonical_atm_euclidean,
5547,796bee8d-8c38-5342-8a4a-a0fac3cffbb9,2023-02-24,0.0003155542,0,Lucknow,nearest_canonical_atm_euclidean,
5548,2016ab0e-ff89-583d-a9d0-fc320842681a,2023-06-09,0.0003155542,0,Lucknow,nearest_canonical_atm_euclidean,
5549,2016ab0e-ff89-583d-a9d0-fc320842681a,2023-02-24,0.0003155542,0,Lucknow,nearest_canonical_atm_euclidean,
5550,796bee8d-8c38-5342-8a4a-a0fac3cffbb9,2023-07-14,0.0003155542,0,Lucknow,nearest_canonical_atm_euclidean,
5551,796bee8d-8c38-5342-8a4a-a0fac3cffbb9,2023-02-03,0.0003155542,0,Lucknow,nearest_canonical_atm_euclidean,
5552,796bee8d-8c38-5342-8a4a-a0fac3cffbb9,2023-10-06,0.0003155542,0,Lucknow,nearest_canonical_atm_euclidean,
5553,796bee8d-8c38-5342-8a4a-a0fac3cffbb9,2023-11-24,0.0003155542,0,Lucknow,nearest_canonical_atm_euclidean,
5554,2016ab0e-ff89-583d-a9d0-fc320842681a,2023-06-02,0.0003155542,0,Lucknow,nearest_canonical_atm_euclidean,
5555,2016ab0e-ff89-583d-a9d0-fc320842681a,2023-11-24,0.0003155542,0,Lucknow,nearest_canonical_atm_euclidean,
5556,2016ab0e-ff89-583d-a9d0-fc320842681a,2023-03-17,0.0003155542,0,Lucknow,nearest_canonical_atm_euclidean,
5557,796bee8d-8c38-5342-8a4a-a0fac3cffbb9,2023-05-05,0.0003155542,0,Lucknow,nearest_canonical_atm_euclidean,
5558,2016ab0e-ff89-583d-a9d0-fc320842681a,2023-01-06,0.0003155542,0,Lucknow,nearest_canonical_atm_euclidean,
5559,2016ab0e-ff89-583d-a9d0-fc320842681a,2023-09-08,0.0003155542,0,Lucknow,nearest_canonical_atm_euclidean,
5560,2016ab0e-ff89-583d-a9d0-fc320842681a,2023-08-11,0.0003155542,0,Lucknow,nearest_canonical_atm_euclidean,
5561,796bee8d-8c38-5342-8a4a-a0fac3cffbb9,2023-06-02,0.0003155542,0,Lucknow,nearest_canonical_atm_euclidean,
5562,796bee8d-8c38-5342-8a4a-a0fac3cffbb9,2023-12-08,0.0003155542,0,Lucknow,nearest_canonical_atm_euclidean,
5563,796bee8d-8c38-5342-8a4a-a0fac3cffbb9,2023-06-09,0.0003155542,0,Lucknow,nearest_canonical_atm_euclidean,
5564,2016ab0e-ff89-583d-a9d0-fc320842681a,2023-07-14,0.0003155542,0,Lucknow,nearest_canonical_atm_euclidean,
5565,796bee8d-8c38-5342-8a4a-a0fac3cffbb9,2023-09-15,0.0003155542,0,Lucknow,nearest_canonical_atm_euclidean,
5566,796bee8d-8c38-5342-8a4a-a0fac3cffbb9,2023-03-17,0.0003155542,0,Lucknow,nearest_canonical_atm_euclidean,
5567,2016ab0e-ff89-583d-a9d0-fc320842681a,2023-04-07,0.0003155542,0,Lucknow,nearest_canonical_atm_euclidean,
5568,796bee8d-8c38-5342-8a4a-a0fac3cffbb9,2023-04-07,0.0003155542,0,Lucknow,nearest_canonical_atm_euclidean,
5569,796bee8d-8c38-5342-8a4a-a0fac3cffbb9,2023-08-11,0.0003155542,0,Lucknow,nearest_canonical_atm_euclidean,
5570,2016ab0e-ff89-583d-a9d0-fc320842681a,2023-03-24,0.0003155542,0,Lucknow,nearest_canonical_atm_euclidean,
5571,2016ab0e-ff89-583d-a9d0-fc320842681a,2023-09-15,0.0003155542,0,Lucknow,nearest_canonical_atm_euclidean,
5572,796bee8d-8c38-5342-8a4a-a0fac3cffbb9,2023-01-27,0.0003155542,0,Lucknow,nearest_canonical_atm_euclidean,
5573,2016ab0e-ff89-583d-a9d0-fc320842681a,2023-01-27,0.0003155542,0,Lucknow,nearest_canonical_atm_euclidean,
5574,2016ab0e-ff89-583d-a9d0-fc320842681a,2023-10-20,0.0003155542,0,Lucknow,nearest_canonical_atm_euclidean,
5575,796bee8d-8c38-5342-8a4a-a0fac3cffbb9,2022-12-30,0.0003155542,0,Lucknow,nearest_canonical_atm_euclidean,
5576,796bee8d-8c38-5342-8a4a-a0fac3cffbb9,2023-04-21,0.0003155542,0,Lucknow,nearest_canonical_atm_euclidean,
5577,796bee8d-8c38-5342-8a4a-a0fac3cffbb9,2023-04-28,0.0003155542,0,Lucknow,nearest_canonical_atm_euclidean,
5578,2016ab0e-ff89-583d-a9d0-fc320842681a,2023-10-13,0.0003155542,0,Lucknow,nearest_canonical_atm_euclidean,
5579,796bee8d-8c38-5342-8a4a-a0fac3cffbb9,2023-10-13,0.0003155542,0,Lucknow,nearest_canonical_atm_euclidean,
5580,796bee8d-8c38-5342-8a4a-a0fac3cffbb9,2023-10-20,0.0003155542,0,Lucknow,nearest_canonical_atm_euclidean,
5581,2016ab0e-ff89-583d-a9d0-fc320842681a,2023-02-17,0.0003155542,0,Lucknow,nearest_canonical_atm_euclidean,
5582,796bee8d-8c38-5342-8a4a-a0fac3cffbb9,2023-07-21,0.0003155542,0,Lucknow,nearest_canonical_atm_euclidean,
5583,2016ab0e-ff89-583d-a9d0-fc320842681a,2023-06-16,0.0003155542,0,Lucknow,nearest_canonical_atm_euclidean,
5584,2016ab0e-ff89-583d-a9d0-fc320842681a,2023-07-21,0.0003155542,0,Lucknow,nearest_canonical_atm_euclidean,
5585,2016ab0e-ff89-583d-a9d0-fc320842681a,2023-11-17,0.0003155542,0,Lucknow,nearest_canonical_atm_euclidean,
5586,2016ab0e-ff89-583d-a9d0-fc320842681a,2023-03-03,0.0003155542,0,Lucknow,nearest_canonical_atm_euclidean,
5587,2016ab0e-ff89-583d-a9d0-fc320842681a,2023-12-01,0.0003155542,0,Lucknow,nearest_canonical_atm_euclidean,
5588,796bee8d-8c38-5342-8a4a-a0fac3cffbb9,2023-08-18,0.0003155542,0,Lucknow,nearest_canonical_atm_euclidean,
5589,2016ab0e-ff89-583d-a9d0-fc320842681a,2023-08-18,0.0003155542,0,Lucknow,nearest_canonical_atm_euclidean,
5590,2016ab0e-ff89-583d-a9d0-fc320842681a,2023-09-29,0.0003155542,0,Lucknow,nearest_canonical_atm_euclidean,
5591,796bee8d-8c38-5342-8a4a-a0fac3cffbb9,2023-03-03,0.0003155542,0,Lucknow,nearest_canonical_atm_euclidean,
5592,796bee8d-8c38-5342-8a4a-a0fac3cffbb9,2023-06-16,0.0003155542,0,Lucknow,nearest_canonical_atm_euclidean,
5593,796bee8d-8c38-5342-8a4a-a0fac3cffbb9,2023-02-17,0.0003155542,0,Lucknow,nearest_canonical_atm_euclidean,
5594,796bee8d-8c38-5342-8a4a-a0fac3cffbb9,2023-12-01,0.0003155542,0,Lucknow,nearest_canonical_atm_euclidean,
5595,2016ab0e-ff89-583d-a9d0-fc320842681a,2023-01-13,0.0003155542,0,Lucknow,nearest_canonical_atm_euclidean,
5596,796bee8d-8c38-5342-8a4a-a0fac3cffbb9,2023-01-13,0.0003155542,0,Lucknow,nearest_canonical_atm_euclidean,
5597,2016ab0e-ff89-583d-a9d0-fc320842681a,2023-11-10,0.0003155542,0,Lucknow,nearest_canonical_atm_euclidean,
5598,796bee8d-8c38-5342-8a4a-a0fac3cffbb9,2023-11-10,0.0003155542,0,Lucknow,nearest_canonical_atm_euclidean,
5599,796bee8d-8c38-5342-8a4a-a0fac3cffbb9,2023-09-29,0.0003155542,0,Lucknow,nearest_canonical_atm_euclidean,
5600,2016ab0e-ff89-583d-a9d0-fc320842681a,2023-06-30,0.0003155542,0,Lucknow,nearest_canonical_atm_euclidean,
5601,796bee8d-8c38-5342-8a4a-a0fac3cffbb9,2023-06-30,0.0003155542,0,Lucknow,nearest_canonical_atm_euclidean,
5602,2016ab0e-ff89-583d-a9d0-fc320842681a,2022-12-30,0.0003155542,0,Lucknow,nearest_canonical_atm_euclidean,
5603,796bee8d-8c38-5342-8a4a-a0fac3cffbb9,2023-08-25,0.0003155542,0,Lucknow,nearest_canonical_atm_euclidean,
5604,2016ab0e-ff89-583d-a9d0-fc320842681a,2023-08-25,0.0003155542,0,Lucknow,nearest_canonical_atm_euclidean,
5605,2016ab0e-ff89-583d-a9d0-fc320842681a,2023-05-26,0.0003155542,0,Lucknow,nearest_canonical_atm_euclidean,
5606,2016ab0e-ff89-583d-a9d0-fc320842681a,2023-03-31,0.0003155542,0,Lucknow,nearest_canonical_atm_euclidean,
5607,2016ab0e-ff89-583d-a9d0-fc320842681a,2023-09-22,0.0003155542,0,Lucknow,nearest_canonical_atm_euclidean,
5608,2016ab0e-ff89-583d-a9d0-fc320842681a,2023-04-28,0.0003155542,0,Lucknow,nearest_canonical_atm_euclidean,
5609,796bee8d-8c38-5342-8a4a-a0fac3cffbb9,2023-07-28,0.0003155542,0,Lucknow,nearest_canonical_atm_euclidean,
5610,796bee8d-8c38-5342-8a4a-a0fac3cffbb9,2023-01-20,0.0003155542,0,Lucknow,nearest_canonical_atm_euclidean,
5611,2016ab0e-ff89-583d-a9d0-fc320842681a,2023-01-20,0.0003155542,0,Lucknow,nearest_canonical_atm_euclidean,
5612,796bee8d-8c38-5342-8a4a-a0fac3cffbb9,2023-05-26,0.0003155542,0,Lucknow,nearest_canonical_atm_euclidean,
5613,2016ab0e-ff89-583d-a9d0-fc320842681a,2023-10-06,0.0003155542,0,Lucknow,nearest_canonical_atm_euclidean,
5614,2016ab0e-ff89-583d-a9d0-fc320842681a,2023-12-15,0.0003155542,0,Lucknow,nearest_canonical_atm_euclidean,
5615,796bee8d-8c38-5342-8a4a-a0fac3cffbb9,2023-04-14,0.0003155542,0,Lucknow,nearest_canonical_atm_euclidean,
5616,796bee8d-8c38-5342-8a4a-a0fac3cffbb9,2023-09-22,0.0003155542,0,Lucknow,nearest_canonical_atm_euclidean,
5617,2016ab0e-ff89-583d-a9d0-fc320842681a,2023-04-14,0.0003155542,0,Lucknow,nearest_canonical_atm_euclidean,
5618,9f8333ec-0af9-502c-8e87-21bd0e5ef301,2023-12-08,0.00031496692,0,Kolkata,nearest_canonical_atm_euclidean,
5619,051674e2-a8c4-5111-bf54-2c937a9c722a,2023-09-22,0.0003149558,0,New Delhi,nearest_canonical_atm_euclidean,
5620,f69a2a75-085f-5b60-b0c2-9aebccd78b03,2023-06-02,0.00031492996,0,Hyderabad,nearest_canonical_atm_euclidean,
5621,67107270-efc6-529d-8ace-22395900dddc,2023-07-21,0.00031488886,0,Ahmedabad,nearest_canonical_atm_euclidean,
5622,f3b246fb-34cb-5d78-af2d-6a294c2857ba,2023-01-20,0.00031474748,0,Kolkata,nearest_canonical_atm_euclidean,
5623,b76d9deb-4963-5298-b5ab-e7aa1216e9a4,2023-05-19,0.00031446133,0,Kolkata,nearest_canonical_atm_euclidean,
5624,59fb71b7-27d2-56ae-87ab-548765379b67,2023-07-14,0.00031369957,0,Bengaluru,nearest_canonical_atm_euclidean,
5625,9b0bfc62-59d8-573e-81b2-fee4669a409a,2023-02-24,0.00031357576,0,Hyderabad,nearest_canonical_atm_euclidean,
5626,34ff42c5-aa0c-58b5-b153-3aa920bff5c7,2023-01-27,0.00031342366,0,Chennai,nearest_canonical_atm_euclidean,
5627,0e83a772-d0c1-5d38-9f1f-4a51eb7ee575,2023-10-27,0.00031275922,0,Kolkata,nearest_canonical_atm_euclidean,
5628,dce0c68a-90eb-5756-908b-549f801f0816,2023-09-29,0.0003122849,1,Hyderabad,nearest_canonical_atm_euclidean,
5629,a9c5b13b-e31b-5d61-b111-d30041fcd1e9,2023-08-04,0.00031202924,0,Ahmedabad,nearest_canonical_atm_euclidean,
5630,07b1cb4d-de17-5ac2-a00b-02cf9e672ff0,2023-05-19,0.00031196233,0,Ahmedabad,nearest_canonical_atm_euclidean,
5631,06c1e399-5422-598e-8078-2622bf0dc842,2023-02-24,0.0003106635,0,Jaipur,nearest_canonical_atm_euclidean,
5632,f3b246fb-34cb-5d78-af2d-6a294c2857ba,2023-10-13,0.00031052198,0,Kolkata,nearest_canonical_atm_euclidean,
5633,869d900f-916d-59fb-a1c5-980ea46f3005,2023-08-04,0.00030963245,0,Chennai,nearest_canonical_atm_euclidean,
5634,f9c8bdaf-f2d5-519b-81d4-759a53bf1015,2023-11-10,0.00030948842,0,Chennai,nearest_canonical_atm_euclidean,
5635,a2bdeeac-87ea-5acb-a121-647dd81616e4,2023-04-21,0.0003087072,0,Bengaluru,nearest_canonical_atm_euclidean,
5636,a5676c6d-3d3e-517c-81a9-86b85c039df1,2023-05-05,0.00030767237,0,Ahmedabad,nearest_canonical_atm_euclidean,
5637,a891a4aa-b7cd-521d-928f-f58da9655ef5,2023-03-10,0.00030762248,0,Hyderabad,nearest_canonical_atm_euclidean,
5638,869d900f-916d-59fb-a1c5-980ea46f3005,2023-09-29,0.00030761663,0,Chennai,nearest_canonical_atm_euclidean,
5639,90bcf56f-15e8-5317-aff9-2bb508a1d03a,2023-05-05,0.00030741727,0,Chennai,nearest_canonical_atm_euclidean,
5640,90bcf56f-15e8-5317-aff9-2bb508a1d03a,2023-06-02,0.00030718642,0,Chennai,nearest_canonical_atm_euclidean,
5641,f1f8d2d0-6ea3-5875-acce-a83a08547247,2023-02-17,0.00030648874,0,New Delhi,nearest_canonical_atm_euclidean,
5642,ab7406b4-42c4-5a64-a99f-ed1e9a1912a6,2023-11-17,0.00030640577,0,Kolkata,nearest_canonical_atm_euclidean,
5643,90bcf56f-15e8-5317-aff9-2bb508a1d03a,2023-10-27,0.00030640373,0,Chennai,nearest_canonical_atm_euclidean,
5644,06c1e399-5422-598e-8078-2622bf0dc842,2023-06-23,0.00030639,0,Jaipur,nearest_canonical_atm_euclidean,
5645,c5ebb465-883d-56d7-ade4-8ad239491127,2023-11-10,0.0003058057,0,Jaipur,nearest_canonical_atm_euclidean,
5646,59684263-0e01-5fc5-9de6-966d650e19e5,2023-12-08,0.00030565824,0,Mumbai,nearest_canonical_atm_euclidean,
5647,83a48d15-e769-5c36-ba85-663466038d79,2023-04-07,0.00030562183,0,Kolkata,nearest_canonical_atm_euclidean,
5648,6e2eb94c-abea-566d-881f-33304c81d95b,2023-08-04,0.0003049463,0,Hyderabad,nearest_canonical_atm_euclidean,
5649,59fb71b7-27d2-56ae-87ab-548765379b67,2023-11-24,0.00030468733,0,Bengaluru,nearest_canonical_atm_euclidean,
5650,3e2afad7-44dc-5833-9826-b036621dee60,2023-05-12,0.00030436303,0,Jaipur,nearest_canonical_atm_euclidean,
5651,e789fbe5-81bc-554f-9309-2f60d40df893,2023-07-21,0.0003043596,0,Kolkata,nearest_canonical_atm_euclidean,
5652,0e0b8e6c-f46a-5dce-b705-93abfbcedab7,2023-04-14,0.00030409792,0,New Delhi,nearest_canonical_atm_euclidean,
5653,0e83a772-d0c1-5d38-9f1f-4a51eb7ee575,2023-03-31,0.00030359853,0,Kolkata,nearest_canonical_atm_euclidean,
5654,a891a4aa-b7cd-521d-928f-f58da9655ef5,2023-04-21,0.00030312393,0,Hyderabad,nearest_canonical_atm_euclidean,
5655,869d900f-916d-59fb-a1c5-980ea46f3005,2023-10-27,0.00030170282,0,Chennai,nearest_canonical_atm_euclidean,
5656,b76d9deb-4963-5298-b5ab-e7aa1216e9a4,2023-03-24,0.00030059254,0,Kolkata,nearest_canonical_atm_euclidean,
5657,4407e36e-71bc-5526-9a73-9f76e801cc45,2023-03-10,0.00030055072,0,Kolkata,nearest_canonical_atm_euclidean,
5658,9ec9c0ef-9209-5a42-84e8-2013032e9b9e,2023-07-21,0.00030041262,0,Chennai,nearest_canonical_atm_euclidean,
5659,dce0c68a-90eb-5756-908b-549f801f0816,2023-09-15,0.000299945,0,Hyderabad,nearest_canonical_atm_euclidean,
5660,6110b5e8-c838-5a36-af9e-ceec51e0c409,2023-05-19,0.00029900082,0,New Delhi,nearest_canonical_atm_euclidean,
5661,6110b5e8-c838-5a36-af9e-ceec51e0c409,2023-10-20,0.00029866266,0,New Delhi,nearest_canonical_atm_euclidean,
5662,1d7d8374-7d25-5244-9349-2dba7c91bf60,2023-03-03,0.00029862704,0,Ahmedabad,nearest_canonical_atm_euclidean,
5663,8279eaa3-c5e0-5a20-9db9-075ee86efeb4,2023-02-24,0.0002983126,0,Kolkata,nearest_canonical_atm_euclidean,
5664,59fb71b7-27d2-56ae-87ab-548765379b67,2023-10-06,0.00029824892,0,Bengaluru,nearest_canonical_atm_euclidean,
5665,ab7406b4-42c4-5a64-a99f-ed1e9a1912a6,2023-10-27,0.00029819916,0,Kolkata,nearest_canonical_atm_euclidean,
5666,59684263-0e01-5fc5-9de6-966d650e19e5,2023-06-30,0.000298065,0,Mumbai,nearest_canonical_atm_euclidean,
5667,14e22c3d-5500-5971-b937-f612a3b05543,2023-11-10,0.00029795192,0,Chennai,nearest_canonical_atm_euclidean,
5668,b41f1475-dca2-5dc1-938e-9543cd4de399,2023-09-01,0.00029789965,0,Ahmedabad,nearest_canonical_atm_euclidean,
5669,9adf3d58-2b6f-5de3-8510-5cc671d1d2e8,2023-12-08,0.00029784485,0,Ahmedabad,nearest_canonical_atm_euclidean,
5670,e789fbe5-81bc-554f-9309-2f60d40df893,2023-07-07,0.0002966348,0,Kolkata,nearest_canonical_atm_euclidean,
5671,b76d9deb-4963-5298-b5ab-e7aa1216e9a4,2023-12-01,0.00029640016,0,Kolkata,nearest_canonical_atm_euclidean,
5672,869d900f-916d-59fb-a1c5-980ea46f3005,2023-04-07,0.00029590292,0,Chennai,nearest_canonical_atm_euclidean,
5673,a2bdeeac-87ea-5acb-a121-647dd81616e4,2023-03-31,0.00029589646,0,Bengaluru,nearest_canonical_atm_euclidean,
5674,51f7f7da-0718-5063-91b2-d743096e78e1,2023-09-01,0.00029571934,0,Bengaluru,nearest_canonical_atm_euclidean,
5675,14f26062-7d75-550d-ae7d-50ad61eb0e1b,2023-12-01,0.0002956049,0,Jaipur,nearest_canonical_atm_euclidean,
5676,f1f8d2d0-6ea3-5875-acce-a83a08547247,2023-02-10,0.0002952908,0,New Delhi,nearest_canonical_atm_euclidean,
5677,67107270-efc6-529d-8ace-22395900dddc,2023-11-03,0.0002948812,0,Ahmedabad,nearest_canonical_atm_euclidean,
5678,635a3341-9d2b-57a9-ba47-f754bf6e364e,2023-06-16,0.0002938308,0,Lucknow,nearest_canonical_atm_euclidean,
5679,00a1e880-09ef-58c5-8214-c4df6417c3e4,2023-08-18,0.0002938308,0,Lucknow,nearest_canonical_atm_euclidean,
5680,00a1e880-09ef-58c5-8214-c4df6417c3e4,2022-12-30,0.0002938308,0,Lucknow,nearest_canonical_atm_euclidean,
5681,a8e462d9-87ea-5eb3-8e35-501e90c4c5c1,2023-06-30,0.0002938308,0,Lucknow,nearest_canonical_atm_euclidean,
5682,635a3341-9d2b-57a9-ba47-f754bf6e364e,2023-12-01,0.0002938308,0,Lucknow,nearest_canonical_atm_euclidean,
5683,a8e462d9-87ea-5eb3-8e35-501e90c4c5c1,2023-02-17,0.0002938308,0,Lucknow,nearest_canonical_atm_euclidean,
5684,635a3341-9d2b-57a9-ba47-f754bf6e364e,2023-02-17,0.0002938308,0,Lucknow,nearest_canonical_atm_euclidean,
5685,00a1e880-09ef-58c5-8214-c4df6417c3e4,2023-03-03,0.0002938308,0,Lucknow,nearest_canonical_atm_euclidean,
5686,a8e462d9-87ea-5eb3-8e35-501e90c4c5c1,2023-03-03,0.0002938308,0,Lucknow,nearest_canonical_atm_euclidean,
5687,a8e462d9-87ea-5eb3-8e35-501e90c4c5c1,2022-12-30,0.0002938308,0,Lucknow,nearest_canonical_atm_euclidean,
5688,635a3341-9d2b-57a9-ba47-f754bf6e364e,2022-12-30,0.0002938308,0,Lucknow,nearest_canonical_atm_euclidean,
5689,a8e462d9-87ea-5eb3-8e35-501e90c4c5c1,2023-04-21,0.0002938308,0,Lucknow,nearest_canonical_atm_euclidean,
5690,a8e462d9-87ea-5eb3-8e35-501e90c4c5c1,2023-11-10,0.0002938308,0,Lucknow,nearest_canonical_atm_euclidean,
5691,635a3341-9d2b-57a9-ba47-f754bf6e364e,2023-10-13,0.0002938308,0,Lucknow,nearest_canonical_atm_euclidean,
5692,00a1e880-09ef-58c5-8214-c4df6417c3e4,2023-04-28,0.0002938308,0,Lucknow,nearest_canonical_atm_euclidean,
5693,a8e462d9-87ea-5eb3-8e35-501e90c4c5c1,2023-08-25,0.0002938308,0,Lucknow,nearest_canonical_atm_euclidean,
5694,635a3341-9d2b-57a9-ba47-f754bf6e364e,2023-11-10,0.0002938308,0,Lucknow,nearest_canonical_atm_euclidean,
5695,a8e462d9-87ea-5eb3-8e35-501e90c4c5c1,2023-05-26,0.0002938308,0,Lucknow,nearest_canonical_atm_euclidean,
5696,00a1e880-09ef-58c5-8214-c4df6417c3e4,2023-09-22,0.0002938308,0,Lucknow,nearest_canonical_atm_euclidean,
5697,635a3341-9d2b-57a9-ba47-f754bf6e364e,2023-07-28,0.0002938308,0,Lucknow,nearest_canonical_atm_euclidean,
5698,00a1e880-09ef-58c5-8214-c4df6417c3e4,2023-02-10,0.0002938308,0,Lucknow,nearest_canonical_atm_euclidean,
5699,a8e462d9-87ea-5eb3-8e35-501e90c4c5c1,2023-04-28,0.0002938308,0,Lucknow,nearest_canonical_atm_euclidean,
5700,635a3341-9d2b-57a9-ba47-f754bf6e364e,2023-09-29,0.0002938308,0,Lucknow,nearest_canonical_atm_euclidean,
5701,00a1e880-09ef-58c5-8214-c4df6417c3e4,2023-06-30,0.0002938308,0,Lucknow,nearest_canonical_atm_euclidean,
5702,00a1e880-09ef-58c5-8214-c4df6417c3e4,2023-01-13,0.0002938308,0,Lucknow,nearest_canonical_atm_euclidean,
5703,635a3341-9d2b-57a9-ba47-f754bf6e364e,2023-08-18,0.0002938308,0,Lucknow,nearest_canonical_atm_euclidean,
5704,00a1e880-09ef-58c5-8214-c4df6417c3e4,2023-05-05,0.0002938308,0,Lucknow,nearest_canonical_atm_euclidean,
5705,a8e462d9-87ea-5eb3-8e35-501e90c4c5c1,2023-06-16,0.0002938308,0,Lucknow,nearest_canonical_atm_euclidean,
5706,a8e462d9-87ea-5eb3-8e35-501e90c4c5c1,2023-04-14,0.0002938308,0,Lucknow,nearest_canonical_atm_euclidean,
5707,635a3341-9d2b-57a9-ba47-f754bf6e364e,2023-08-25,0.0002938308,0,Lucknow,nearest_canonical_atm_euclidean,
5708,00a1e880-09ef-58c5-8214-c4df6417c3e4,2023-08-25,0.0002938308,0,Lucknow,nearest_canonical_atm_euclidean,
5709,635a3341-9d2b-57a9-ba47-f754bf6e364e,2023-09-22,0.0002938308,0,Lucknow,nearest_canonical_atm_euclidean,
5710,635a3341-9d2b-57a9-ba47-f754bf6e364e,2023-12-15,0.0002938308,0,Lucknow,nearest_canonical_atm_euclidean,
5711,a8e462d9-87ea-5eb3-8e35-501e90c4c5c1,2023-10-06,0.0002938308,0,Lucknow,nearest_canonical_atm_euclidean,
5712,00a1e880-09ef-58c5-8214-c4df6417c3e4,2023-12-15,0.0002938308,0,Lucknow,nearest_canonical_atm_euclidean,
5713,a8e462d9-87ea-5eb3-8e35-501e90c4c5c1,2023-09-22,0.0002938308,0,Lucknow,nearest_canonical_atm_euclidean,
5714,635a3341-9d2b-57a9-ba47-f754bf6e364e,2023-05-26,0.0002938308,0,Lucknow,nearest_canonical_atm_euclidean,
5715,635a3341-9d2b-57a9-ba47-f754bf6e364e,2023-01-20,0.0002938308,0,Lucknow,nearest_canonical_atm_euclidean,
5716,00a1e880-09ef-58c5-8214-c4df6417c3e4,2023-10-06,0.0002938308,0,Lucknow,nearest_canonical_atm_euclidean,
5717,a8e462d9-87ea-5eb3-8e35-501e90c4c5c1,2023-01-20,0.0002938308,0,Lucknow,nearest_canonical_atm_euclidean,
5718,a8e462d9-87ea-5eb3-8e35-501e90c4c5c1,2023-07-28,0.0002938308,0,Lucknow,nearest_canonical_atm_euclidean,
5719,a8e462d9-87ea-5eb3-8e35-501e90c4c5c1,2023-07-14,0.0002938308,0,Lucknow,nearest_canonical_atm_euclidean,
5720,00a1e880-09ef-58c5-8214-c4df6417c3e4,2023-04-21,0.0002938308,0,Lucknow,nearest_canonical_atm_euclidean,
5721,00a1e880-09ef-58c5-8214-c4df6417c3e4,2023-02-24,0.0002938308,0,Lucknow,nearest_canonical_atm_euclidean,
5722,00a1e880-09ef-58c5-8214-c4df6417c3e4,2023-05-12,0.0002938308,0,Lucknow,nearest_canonical_atm_euclidean,
5723,635a3341-9d2b-57a9-ba47-f754bf6e364e,2023-01-06,0.0002938308,0,Lucknow,nearest_canonical_atm_euclidean,
5724,a8e462d9-87ea-5eb3-8e35-501e90c4c5c1,2023-03-10,0.0002938308,0,Lucknow,nearest_canonical_atm_euclidean,
5725,00a1e880-09ef-58c5-8214-c4df6417c3e4,2023-06-23,0.0002938308,0,Lucknow,nearest_canonical_atm_euclidean,
5726,a8e462d9-87ea-5eb3-8e35-501e90c4c5c1,2023-06-23,0.0002938308,0,Lucknow,nearest_canonical_atm_euclidean,
5727,00a1e880-09ef-58c5-8214-c4df6417c3e4,2023-05-26,0.0002938308,0,Lucknow,nearest_canonical_atm_euclidean,
5728,00a1e880-09ef-58c5-8214-c4df6417c3e4,2023-10-20,0.0002938308,0,Lucknow,nearest_canonical_atm_euclidean,
5729,00a1e880-09ef-58c5-8214-c4df6417c3e4,2023-01-27,0.0002938308,0,Lucknow,nearest_canonical_atm_euclidean,
5730,635a3341-9d2b-57a9-ba47-f754bf6e364e,2023-01-27,0.0002938308,0,Lucknow,nearest_canonical_atm_euclidean,
5731,635a3341-9d2b-57a9-ba47-f754bf6e364e,2023-04-21,0.0002938308,0,Lucknow,nearest_canonical_atm_euclidean,
5732,a8e462d9-87ea-5eb3-8e35-501e90c4c5c1,2023-01-27,0.0002938308,0,Lucknow,nearest_canonical_atm_euclidean,
5733,00a1e880-09ef-58c5-8214-c4df6417c3e4,2023-11-17,0.0002938308,0,Lucknow,nearest_canonical_atm_euclidean,
5734,a8e462d9-87ea-5eb3-8e35-501e90c4c5c1,2023-07-21,0.0002938308,0,Lucknow,nearest_canonical_atm_euclidean,
5735,a8e462d9-87ea-5eb3-8e35-501e90c4c5c1,2023-10-20,0.0002938308,0,Lucknow,nearest_canonical_atm_euclidean,
5736,00a1e880-09ef-58c5-8214-c4df6417c3e4,2023-04-07,0.0002938308,0,Lucknow,nearest_canonical_atm_euclidean,
5737,00a1e880-09ef-58c5-8214-c4df6417c3e4,2023-02-17,0.0002938308,0,Lucknow,nearest_canonical_atm_euclidean,
5738,635a3341-9d2b-57a9-ba47-f754bf6e364e,2023-10-20,0.0002938308,0,Lucknow,nearest_canonical_atm_euclidean,
5739,635a3341-9d2b-57a9-ba47-f754bf6e364e,2023-04-07,0.0002938308,0,Lucknow,nearest_canonical_atm_euclidean,
5740,00a1e880-09ef-58c5-8214-c4df6417c3e4,2023-10-13,0.0002938308,0,Lucknow,nearest_canonical_atm_euclidean,
5741,a8e462d9-87ea-5eb3-8e35-501e90c4c5c1,2023-10-13,0.0002938308,0,Lucknow,nearest_canonical_atm_euclidean,
5742,635a3341-9d2b-57a9-ba47-f754bf6e364e,2023-06-30,0.0002938308,0,Lucknow,nearest_canonical_atm_euclidean,
5743,635a3341-9d2b-57a9-ba47-f754bf6e364e,2023-06-02,0.0002938308,0,Lucknow,nearest_canonical_atm_euclidean,
5744,a8e462d9-87ea-5eb3-8e35-501e90c4c5c1,2023-08-18,0.0002938308,0,Lucknow,nearest_canonical_atm_euclidean,
5745,a8e462d9-87ea-5eb3-8e35-501e90c4c5c1,2023-12-01,0.0002938308,0,Lucknow,nearest_canonical_atm_euclidean,
5746,00a1e880-09ef-58c5-8214-c4df6417c3e4,2023-12-01,0.0002938308,0,Lucknow,nearest_canonical_atm_euclidean,
5747,635a3341-9d2b-57a9-ba47-f754bf6e364e,2023-03-03,0.0002938308,0,Lucknow,nearest_canonical_atm_euclidean,
5748,a8e462d9-87ea-5eb3-8e35-501e90c4c5c1,2023-11-17,0.0002938308,0,Lucknow,nearest_canonical_atm_euclidean,
5749,00a1e880-09ef-58c5-8214-c4df6417c3e4,2023-07-21,0.0002938308,0,Lucknow,nearest_canonical_atm_euclidean,
5750,00a1e880-09ef-58c5-8214-c4df6417c3e4,2023-06-16,0.0002938308,0,Lucknow,nearest_canonical_atm_euclidean,
5751,a8e462d9-87ea-5eb3-8e35-501e90c4c5c1,2023-01-13,0.0002938308,0,Lucknow,nearest_canonical_atm_euclidean,
5752,00a1e880-09ef-58c5-8214-c4df6417c3e4,2023-11-10,0.0002938308,0,Lucknow,nearest_canonical_atm_euclidean,
5753,a8e462d9-87ea-5eb3-8e35-501e90c4c5c1,2023-09-29,0.0002938308,0,Lucknow,nearest_canonical_atm_euclidean,
5754,00a1e880-09ef-58c5-8214-c4df6417c3e4,2023-09-29,0.0002938308,0,Lucknow,nearest_canonical_atm_euclidean,
5755,a8e462d9-87ea-5eb3-8e35-501e90c4c5c1,2023-03-24,0.0002938308,0,Lucknow,nearest_canonical_atm_euclidean,
5756,00a1e880-09ef-58c5-8214-c4df6417c3e4,2023-01-06,0.0002938308,0,Lucknow,nearest_canonical_atm_euclidean,
5757,a8e462d9-87ea-5eb3-8e35-501e90c4c5c1,2023-09-15,0.0002938308,0,Lucknow,nearest_canonical_atm_euclidean,
5758,a8e462d9-87ea-5eb3-8e35-501e90c4c5c1,2023-05-05,0.0002938308,0,Lucknow,nearest_canonical_atm_euclidean,
5759,a8e462d9-87ea-5eb3-8e35-501e90c4c5c1,2023-03-17,0.0002938308,0,Lucknow,nearest_canonical_atm_euclidean,
5760,635a3341-9d2b-57a9-ba47-f754bf6e364e,2023-08-11,0.0002938308,0,Lucknow,nearest_canonical_atm_euclidean,
5761,a8e462d9-87ea-5eb3-8e35-501e90c4c5c1,2023-08-11,0.0002938308,0,Lucknow,nearest_canonical_atm_euclidean,
5762,635a3341-9d2b-57a9-ba47-f754bf6e364e,2023-09-15,0.0002938308,0,Lucknow,nearest_canonical_atm_euclidean,
5763,635a3341-9d2b-57a9-ba47-f754bf6e364e,2023-06-09,0.0002938308,0,Lucknow,nearest_canonical_atm_euclidean,
5764,635a3341-9d2b-57a9-ba47-f754bf6e364e,2023-02-24,0.0002938308,0,Lucknow,nearest_canonical_atm_euclidean,
5765,635a3341-9d2b-57a9-ba47-f754bf6e364e,2023-03-24,0.0002938308,0,Lucknow,nearest_canonical_atm_euclidean,
5766,a8e462d9-87ea-5eb3-8e35-501e90c4c5c1,2023-01-06,0.0002938308,0,Lucknow,nearest_canonical_atm_euclidean,
5767,00a1e880-09ef-58c5-8214-c4df6417c3e4,2023-03-31,0.0002938308,0,Lucknow,nearest_canonical_atm_euclidean,
5768,635a3341-9d2b-57a9-ba47-f754bf6e364e,2023-04-28,0.0002938308,0,Lucknow,nearest_canonical_atm_euclidean,
5769,00a1e880-09ef-58c5-8214-c4df6417c3e4,2023-09-01,0.0002938308,0,Lucknow,nearest_canonical_atm_euclidean,
5770,00a1e880-09ef-58c5-8214-c4df6417c3e4,2023-09-08,0.0002938308,0,Lucknow,nearest_canonical_atm_euclidean,
5771,00a1e880-09ef-58c5-8214-c4df6417c3e4,2023-06-02,0.0002938308,0,Lucknow,nearest_canonical_atm_euclidean,
5772,00a1e880-09ef-58c5-8214-c4df6417c3e4,2023-08-11,0.0002938308,0,Lucknow,nearest_canonical_atm_euclidean,
5773,a8e462d9-87ea-5eb3-8e35-501e90c4c5c1,2023-06-02,0.0002938308,0,Lucknow,nearest_canonical_atm_euclidean,
5774,00a1e880-09ef-58c5-8214-c4df6417c3e4,2023-11-24,0.0002938308,0,Lucknow,nearest_canonical_atm_euclidean,
5775,a8e462d9-87ea-5eb3-8e35-501e90c4c5c1,2023-04-07,0.0002938308,0,Lucknow,nearest_canonical_atm_euclidean,
5776,635a3341-9d2b-57a9-ba47-f754bf6e364e,2023-12-08,0.0002938308,0,Lucknow,nearest_canonical_atm_euclidean,
5777,00a1e880-09ef-58c5-8214-c4df6417c3e4,2023-03-24,0.0002938308,0,Lucknow,nearest_canonical_atm_euclidean,
5778,00a1e880-09ef-58c5-8214-c4df6417c3e4,2023-09-15,0.0002938308,0,Lucknow,nearest_canonical_atm_euclidean,
5779,a8e462d9-87ea-5eb3-8e35-501e90c4c5c1,2023-06-09,0.0002938308,0,Lucknow,nearest_canonical_atm_euclidean,
5780,00a1e880-09ef-58c5-8214-c4df6417c3e4,2023-07-14,0.0002938308,0,Lucknow,nearest_canonical_atm_euclidean,
5781,635a3341-9d2b-57a9-ba47-f754bf6e364e,2023-03-17,0.0002938308,0,Lucknow,nearest_canonical_atm_euclidean,
5782,635a3341-9d2b-57a9-ba47-f754bf6e364e,2023-07-21,0.0002938308,0,Lucknow,nearest_canonical_atm_euclidean,
5783,a8e462d9-87ea-5eb3-8e35-501e90c4c5c1,2023-11-24,0.0002938308,0,Lucknow,nearest_canonical_atm_euclidean,
5784,635a3341-9d2b-57a9-ba47-f754bf6e364e,2023-05-19,0.0002938308,0,Lucknow,nearest_canonical_atm_euclidean,
5785,635a3341-9d2b-57a9-ba47-f754bf6e364e,2023-04-14,0.0002938308,0,Lucknow,nearest_canonical_atm_euclidean,
5786,00a1e880-09ef-58c5-8214-c4df6417c3e4,2023-06-09,0.0002938308,0,Lucknow,nearest_canonical_atm_euclidean,
5787,635a3341-9d2b-57a9-ba47-f754bf6e364e,2023-05-12,0.0002938308,0,Lucknow,nearest_canonical_atm_euclidean,
5788,a8e462d9-87ea-5eb3-8e35-501e90c4c5c1,2023-05-12,0.0002938308,0,Lucknow,nearest_canonical_atm_euclidean,
5789,00a1e880-09ef-58c5-8214-c4df6417c3e4,2023-08-04,0.0002938308,0,Lucknow,nearest_canonical_atm_euclidean,
5790,a8e462d9-87ea-5eb3-8e35-501e90c4c5c1,2023-11-03,0.0002938308,0,Lucknow,nearest_canonical_atm_euclidean,
5791,635a3341-9d2b-57a9-ba47-f754bf6e364e,2023-03-31,0.0002938308,0,Lucknow,nearest_canonical_atm_euclidean,
5792,00a1e880-09ef-58c5-8214-c4df6417c3e4,2023-03-10,0.0002938308,0,Lucknow,nearest_canonical_atm_euclidean,
5793,00a1e880-09ef-58c5-8214-c4df6417c3e4,2023-03-17,0.0002938308,0,Lucknow,nearest_canonical_atm_euclidean,
5794,a8e462d9-87ea-5eb3-8e35-501e90c4c5c1,2023-02-24,0.0002938308,0,Lucknow,nearest_canonical_atm_euclidean,
5795,635a3341-9d2b-57a9-ba47-f754bf6e364e,2023-07-14,0.0002938308,0,Lucknow,nearest_canonical_atm_euclidean,
5796,635a3341-9d2b-57a9-ba47-f754bf6e364e,2023-03-10,0.0002938308,0,Lucknow,nearest_canonical_atm_euclidean,
5797,00a1e880-09ef-58c5-8214-c4df6417c3e4,2023-04-14,0.0002938308,0,Lucknow,nearest_canonical_atm_euclidean,
5798,00a1e880-09ef-58c5-8214-c4df6417c3e4,2023-10-27,0.0002938308,0,Lucknow,nearest_canonical_atm_euclidean,
5799,635a3341-9d2b-57a9-ba47-f754bf6e364e,2023-06-23,0.0002938308,0,Lucknow,nearest_canonical_atm_euclidean,
5800,a8e462d9-87ea-5eb3-8e35-501e90c4c5c1,2023-12-08,0.0002938308,0,Lucknow,nearest_canonical_atm_euclidean,
5801,00a1e880-09ef-58c5-8214-c4df6417c3e4,2023-12-08,0.0002938308,0,Lucknow,nearest_canonical_atm_euclidean,
5802,635a3341-9d2b-57a9-ba47-f754bf6e364e,2023-09-08,0.0002938308,0,Lucknow,nearest_canonical_atm_euclidean,
5803,635a3341-9d2b-57a9-ba47-f754bf6e364e,2023-08-04,0.0002938308,0,Lucknow,nearest_canonical_atm_euclidean,
5804,a8e462d9-87ea-5eb3-8e35-501e90c4c5c1,2023-08-04,0.0002938308,0,Lucknow,nearest_canonical_atm_euclidean,
5805,a8e462d9-87ea-5eb3-8e35-501e90c4c5c1,2023-09-08,0.0002938308,0,Lucknow,nearest_canonical_atm_euclidean,
5806,a8e462d9-87ea-5eb3-8e35-501e90c4c5c1,2023-10-27,0.0002938308,0,Lucknow,nearest_canonical_atm_euclidean,
5807,635a3341-9d2b-57a9-ba47-f754bf6e364e,2023-05-05,0.0002938308,0,Lucknow,nearest_canonical_atm_euclidean,
5808,635a3341-9d2b-57a9-ba47-f754bf6e364e,2023-10-27,0.0002938308,0,Lucknow,nearest_canonical_atm_euclidean,
5809,a8e462d9-87ea-5eb3-8e35-501e90c4c5c1,2023-09-01,0.0002938308,0,Lucknow,nearest_canonical_atm_euclidean,
5810,635a3341-9d2b-57a9-ba47-f754bf6e364e,2023-09-01,0.0002938308,0,Lucknow,nearest_canonical_atm_euclidean,
5811,00a1e880-09ef-58c5-8214-c4df6417c3e4,2023-02-03,0.0002938308,0,Lucknow,nearest_canonical_atm_euclidean,
5812,a8e462d9-87ea-5eb3-8e35-501e90c4c5c1,2023-02-03,0.0002938308,0,Lucknow,nearest_canonical_atm_euclidean,
5813,00a1e880-09ef-58c5-8214-c4df6417c3e4,2023-01-20,0.0002938308,0,Lucknow,nearest_canonical_atm_euclidean,
5814,635a3341-9d2b-57a9-ba47-f754bf6e364e,2023-02-10,0.0002938308,0,Lucknow,nearest_canonical_atm_euclidean,
5815,a8e462d9-87ea-5eb3-8e35-501e90c4c5c1,2023-07-07,0.0002938308,0,Lucknow,nearest_canonical_atm_euclidean,
5816,00a1e880-09ef-58c5-8214-c4df6417c3e4,2023-07-07,0.0002938308,0,Lucknow,nearest_canonical_atm_euclidean,
5817,a8e462d9-87ea-5eb3-8e35-501e90c4c5c1,2023-03-31,0.0002938308,0,Lucknow,nearest_canonical_atm_euclidean,
5818,635a3341-9d2b-57a9-ba47-f754bf6e364e,2023-07-07,0.0002938308,0,Lucknow,nearest_canonical_atm_euclidean,
5819,635a3341-9d2b-57a9-ba47-f754bf6e364e,2023-01-13,0.0002938308,0,Lucknow,nearest_canonical_atm_euclidean,
5820,00a1e880-09ef-58c5-8214-c4df6417c3e4,2023-11-03,0.0002938308,0,Lucknow,nearest_canonical_atm_euclidean,
5821,00a1e880-09ef-58c5-8214-c4df6417c3e4,2023-07-28,0.0002938308,0,Lucknow,nearest_canonical_atm_euclidean,
5822,635a3341-9d2b-57a9-ba47-f754bf6e364e,2023-11-24,0.0002938308,0,Lucknow,nearest_canonical_atm_euclidean,
5823,a8e462d9-87ea-5eb3-8e35-501e90c4c5c1,2023-12-15,0.0002938308,0,Lucknow,nearest_canonical_atm_euclidean,
5824,00a1e880-09ef-58c5-8214-c4df6417c3e4,2023-05-19,0.0002938308,0,Lucknow,nearest_canonical_atm_euclidean,
5825,a8e462d9-87ea-5eb3-8e35-501e90c4c5c1,2023-02-10,0.0002938308,0,Lucknow,nearest_canonical_atm_euclidean,
5826,a8e462d9-87ea-5eb3-8e35-501e90c4c5c1,2023-05-19,0.0002938308,0,Lucknow,nearest_canonical_atm_euclidean,
5827,635a3341-9d2b-57a9-ba47-f754bf6e364e,2023-10-06,0.0002938308,0,Lucknow,nearest_canonical_atm_euclidean,
5828,635a3341-9d2b-57a9-ba47-f754bf6e364e,2023-11-17,0.0002938308,0,Lucknow,nearest_canonical_atm_euclidean,
5829,635a3341-9d2b-57a9-ba47-f754bf6e364e,2023-02-03,0.0002938308,0,Lucknow,nearest_canonical_atm_euclidean,
5830,635a3341-9d2b-57a9-ba47-f754bf6e364e,2023-11-03,0.0002938308,0,Lucknow,nearest_canonical_atm_euclidean,
5831,4aabdbdc-9536-5b73-bab4-7cbee9886fed,2023-05-05,0.0002937756,0,Hyderabad,nearest_canonical_atm_euclidean,
5832,47b40f44-e493-5f2d-b12c-8a7eb6ccd6f4,2023-08-18,0.0002933941,0,Jaipur,nearest_canonical_atm_euclidean,
5833,f69a2a75-085f-5b60-b0c2-9aebccd78b03,2023-05-19,0.0002930466,0,Hyderabad,nearest_canonical_atm_euclidean,
5834,afecdedf-a580-5453-aee1-cce5a1fc6571,2023-07-07,0.00029280028,0,Ahmedabad,nearest_canonical_atm_euclidean,
5835,91abf21e-5b5e-5823-b4f0-c5d40f77d717,2023-06-16,0.00029269423,0,New Delhi,nearest_canonical_atm_euclidean,
5836,6a5e8429-628a-5a7d-b3da-577e42cb4cd4,2023-08-18,0.00029235758,0,Bengaluru,nearest_canonical_atm_euclidean,
5837,3e2afad7-44dc-5833-9826-b036621dee60,2023-09-01,0.00029226145,0,Jaipur,nearest_canonical_atm_euclidean,
5838,6ded4d28-8bc2-5507-85db-b9ec23a0756c,2023-02-17,0.00029215947,0,Mumbai,nearest_canonical_atm_euclidean,
5839,ab7406b4-42c4-5a64-a99f-ed1e9a1912a6,2023-12-01,0.0002920314,0,Kolkata,nearest_canonical_atm_euclidean,
5840,59fb71b7-27d2-56ae-87ab-548765379b67,2023-06-23,0.00029178648,0,Bengaluru,nearest_canonical_atm_euclidean,
5841,b41f1475-dca2-5dc1-938e-9543cd4de399,2023-03-03,0.00029170275,0,Ahmedabad,nearest_canonical_atm_euclidean,
5842,6110b5e8-c838-5a36-af9e-ceec51e0c409,2023-05-26,0.00029162128,0,New Delhi,nearest_canonical_atm_euclidean,
5843,9f8333ec-0af9-502c-8e87-21bd0e5ef301,2023-12-01,0.00029140868,0,Kolkata,nearest_canonical_atm_euclidean,
5844,4cc4f0b0-6522-5752-8674-65bde1e7ee07,2023-08-04,0.00029135894,0,Hyderabad,nearest_canonical_atm_euclidean,
5845,422e93c8-7fc2-5abd-bd82-7b2eb566f6e6,2023-02-17,0.000291302,0,Kolkata,nearest_canonical_atm_euclidean,
5846,b3dc96a5-31cc-51a8-a4bc-4d47da6df377,2022-12-30,0.00029062017,0,New Delhi,nearest_canonical_atm_euclidean,
5847,f69a2a75-085f-5b60-b0c2-9aebccd78b03,2023-10-06,0.00029043067,0,Hyderabad,nearest_canonical_atm_euclidean,
5848,4aabdbdc-9536-5b73-bab4-7cbee9886fed,2023-09-15,0.00028996836,0,Hyderabad,nearest_canonical_atm_euclidean,
5849,f9c8bdaf-f2d5-519b-81d4-759a53bf1015,2023-04-07,0.00028994682,0,Chennai,nearest_canonical_atm_euclidean,
5850,9adf3d58-2b6f-5de3-8510-5cc671d1d2e8,2023-11-03,0.00028908646,0,Ahmedabad,nearest_canonical_atm_euclidean,
5851,182ddc72-62c6-5f3b-b7ae-935c5b5e605b,2023-03-24,0.00028774183,0,Jaipur,nearest_canonical_atm_euclidean,
5852,83a48d15-e769-5c36-ba85-663466038d79,2023-07-28,0.00028769133,0,Kolkata,nearest_canonical_atm_euclidean,
5853,8d9781e0-0f19-5e72-9add-8fe3b028bb83,2023-08-04,0.00028755175,0,Hyderabad,nearest_canonical_atm_euclidean,
5854,b3dc96a5-31cc-51a8-a4bc-4d47da6df377,2023-03-10,0.00028754902,0,New Delhi,nearest_canonical_atm_euclidean,
5855,4cc4f0b0-6522-5752-8674-65bde1e7ee07,2023-07-14,0.00028739308,0,Hyderabad,nearest_canonical_atm_euclidean,
5856,e59ea14d-6014-54fe-bc4f-daf0d4c133e3,2023-10-13,0.00028688746,0,Ahmedabad,nearest_canonical_atm_euclidean,
5857,67107270-efc6-529d-8ace-22395900dddc,2023-10-13,0.00028661953,0,Ahmedabad,nearest_canonical_atm_euclidean,
5858,182ddc72-62c6-5f3b-b7ae-935c5b5e605b,2023-09-08,0.0002863573,0,Jaipur,nearest_canonical_atm_euclidean,
5859,2e751f5b-ebe1-5162-b43d-482303a259e3,2023-02-17,0.00028617855,0,Kolkata,nearest_canonical_atm_euclidean,
5860,51f7f7da-0718-5063-91b2-d743096e78e1,2023-01-20,0.00028606944,0,Bengaluru,nearest_canonical_atm_euclidean,
5861,4e782d22-24b2-5334-ad26-772dec5c36d3,2023-06-23,0.0002858388,0,Jaipur,nearest_canonical_atm_euclidean,
5862,34ff42c5-aa0c-58b5-b153-3aa920bff5c7,2023-09-22,0.00028569196,0,Chennai,nearest_canonical_atm_euclidean,
5863,6e2eb94c-abea-566d-881f-33304c81d95b,2023-12-08,0.00028524423,0,Hyderabad,nearest_canonical_atm_euclidean,
5864,e59ea14d-6014-54fe-bc4f-daf0d4c133e3,2023-01-27,0.00028509847,0,Ahmedabad,nearest_canonical_atm_euclidean,
5865,e2c14eb0-27b2-5683-922f-22f075a86d45,2023-05-12,0.0002839429,0,Kolkata,nearest_canonical_atm_euclidean,
5866,07b1cb4d-de17-5ac2-a00b-02cf9e672ff0,2023-02-17,0.00028383438,0,Ahmedabad,nearest_canonical_atm_euclidean,
5867,38ef268a-dcd0-56f8-8c8f-954520b5c33b,2023-06-30,0.00028325507,0,Ahmedabad,nearest_canonical_atm_euclidean,
5868,83a48d15-e769-5c36-ba85-663466038d79,2023-04-21,0.00028310926,0,Kolkata,nearest_canonical_atm_euclidean,
5869,aac4fab3-2fa2-532d-b442-87ce705ae9f3,2023-10-06,0.00028168256,0,Bengaluru,nearest_canonical_atm_euclidean,
5870,a891a4aa-b7cd-521d-928f-f58da9655ef5,2023-06-09,0.0002813205,0,Hyderabad,nearest_canonical_atm_euclidean,
5871,3e2afad7-44dc-5833-9826-b036621dee60,2023-11-17,0.0002807573,0,Jaipur,nearest_canonical_atm_euclidean,
5872,06c1e399-5422-598e-8078-2622bf0dc842,2023-12-01,0.0002805566,0,Jaipur,nearest_canonical_atm_euclidean,
5873,4aabdbdc-9536-5b73-bab4-7cbee9886fed,2023-04-28,0.00027985242,0,Hyderabad,nearest_canonical_atm_euclidean,
5874,7c8fbbb0-7633-546c-b927-1accdba2044a,2023-09-08,0.00027879808,0,Chennai,nearest_canonical_atm_euclidean,
5875,67107270-efc6-529d-8ace-22395900dddc,2023-08-25,0.00027853716,0,Ahmedabad,nearest_canonical_atm_euclidean,
5876,46d959a8-3a7a-51b4-a5d0-e6489f19d5ab,2023-11-17,0.00027836915,0,Ahmedabad,nearest_canonical_atm_euclidean,
5877,94effd11-8fd8-50af-8f4c-b5a629d11375,2023-03-24,0.00027823594,0,Jaipur,nearest_canonical_atm_euclidean,
5878,ce707439-e5cd-56de-8ce2-b3a7f8a910c5,2023-01-13,0.0002763491,0,Hyderabad,nearest_canonical_atm_euclidean,
5879,3e2afad7-44dc-5833-9826-b036621dee60,2023-09-29,0.00027632067,0,Jaipur,nearest_canonical_atm_euclidean,
5880,0e83a772-d0c1-5d38-9f1f-4a51eb7ee575,2023-01-27,0.00027586764,0,Kolkata,nearest_canonical_atm_euclidean,
5881,ea588019-c786-57ab-8c8d-be7ada3e3273,2023-07-28,0.00027551333,0,Hyderabad,nearest_canonical_atm_euclidean,
5882,8d9781e0-0f19-5e72-9add-8fe3b028bb83,2023-11-24,0.000274968,0,Hyderabad,nearest_canonical_atm_euclidean,
5883,4e782d22-24b2-5334-ad26-772dec5c36d3,2023-02-03,0.00027489933,0,Jaipur,nearest_canonical_atm_euclidean,
5884,e2c14eb0-27b2-5683-922f-22f075a86d45,2023-10-20,0.00027447115,0,Kolkata,nearest_canonical_atm_euclidean,
5885,46d959a8-3a7a-51b4-a5d0-e6489f19d5ab,2023-02-10,0.00027363998,0,Ahmedabad,nearest_canonical_atm_euclidean,
5886,a9c5b13b-e31b-5d61-b111-d30041fcd1e9,2023-05-26,0.00027302682,0,Ahmedabad,nearest_canonical_atm_euclidean,
5887,8279eaa3-c5e0-5a20-9db9-075ee86efeb4,2023-04-07,0.00027229814,0,Kolkata,nearest_canonical_atm_euclidean,
5888,f69a2a75-085f-5b60-b0c2-9aebccd78b03,2023-10-27,0.00027227736,0,Hyderabad,nearest_canonical_atm_euclidean,
5889,9d88e52f-9303-5776-9acc-390b8ece126d,2023-06-30,0.00027177628,0,Chennai,nearest_canonical_atm_euclidean,
5890,642f4235-82f6-5143-8ea5-5048e8f0d80a,2023-04-14,0.0002717136,0,Hyderabad,nearest_canonical_atm_euclidean,
5891,869d900f-916d-59fb-a1c5-980ea46f3005,2023-12-08,0.0002716807,0,Chennai,nearest_canonical_atm_euclidean,
5892,91abf21e-5b5e-5823-b4f0-c5d40f77d717,2023-06-23,0.00027146243,0,New Delhi,nearest_canonical_atm_euclidean,
5893,9f8333ec-0af9-502c-8e87-21bd0e5ef301,2023-06-16,0.00027134575,0,Kolkata,nearest_canonical_atm_euclidean,
5894,e789fbe5-81bc-554f-9309-2f60d40df893,2023-03-03,0.0002712676,0,Kolkata,nearest_canonical_atm_euclidean,
5895,6110b5e8-c838-5a36-af9e-ceec51e0c409,2023-07-07,0.00027122183,0,New Delhi,nearest_canonical_atm_euclidean,
5896,6110b5e8-c838-5a36-af9e-ceec51e0c409,2023-04-28,0.0002711262,0,New Delhi,nearest_canonical_atm_euclidean,
5897,dce0c68a-90eb-5756-908b-549f801f0816,2023-01-20,0.00027002438,0,Hyderabad,nearest_canonical_atm_euclidean,
5898,4e782d22-24b2-5334-ad26-772dec5c36d3,2023-03-31,0.00026995025,0,Jaipur,nearest_canonical_atm_euclidean,
5899,7c1562ed-0c51-50a9-b83b-049fcdfe12b4,2023-08-25,0.0002695231,0,Jaipur,nearest_canonical_atm_euclidean,
5900,7c1562ed-0c51-50a9-b83b-049fcdfe12b4,2023-05-26,0.00026909352,0,Jaipur,nearest_canonical_atm_euclidean,
5901,41adf9c7-e4f5-56f8-a964-fecf7428833b,2023-05-05,0.00026900528,0,Jaipur,nearest_canonical_atm_euclidean,
5902,dce0c68a-90eb-5756-908b-549f801f0816,2023-05-12,0.00026868616,0,Hyderabad,nearest_canonical_atm_euclidean,
5903,b8864095-68a2-5748-a216-676e811b321c,2023-12-01,0.00026822748,0,Chennai,nearest_canonical_atm_euclidean,
5904,a9c5b13b-e31b-5d61-b111-d30041fcd1e9,2023-04-21,0.000268126,0,Ahmedabad,nearest_canonical_atm_euclidean,
5905,ea588019-c786-57ab-8c8d-be7ada3e3273,2023-08-11,0.00026762593,0,Hyderabad,nearest_canonical_atm_euclidean,
5906,3e2afad7-44dc-5833-9826-b036621dee60,2023-10-20,0.00026709316,0,Jaipur,nearest_canonical_atm_euclidean,
5907,e2c14eb0-27b2-5683-922f-22f075a86d45,2023-09-15,0.00026648777,0,Kolkata,nearest_canonical_atm_euclidean,
5908,d69d9b0a-1678-5866-b094-3f5f19c0c205,2023-05-12,0.00026615695,0,Ahmedabad,nearest_canonical_atm_euclidean,
5909,3e2afad7-44dc-5833-9826-b036621dee60,2023-10-27,0.0002652184,0,Jaipur,nearest_canonical_atm_euclidean,
5910,6110b5e8-c838-5a36-af9e-ceec51e0c409,2023-09-29,0.00026499017,0,New Delhi,nearest_canonical_atm_euclidean,
5911,7c8fbbb0-7633-546c-b927-1accdba2044a,2023-06-02,0.00026430914,0,Chennai,nearest_canonical_atm_euclidean,
5912,4e782d22-24b2-5334-ad26-772dec5c36d3,2023-04-21,0.0002642084,0,Jaipur,nearest_canonical_atm_euclidean,
5913,d69d9b0a-1678-5866-b094-3f5f19c0c205,2023-08-18,0.00026395786,0,Ahmedabad,nearest_canonical_atm_euclidean,
5914,afecdedf-a580-5453-aee1-cce5a1fc6571,2023-12-01,0.00026394753,0,Ahmedabad,nearest_canonical_atm_euclidean,
5915,08c99329-0e59-5327-8796-9fef243ca011,2023-05-19,0.00026282028,0,Bengaluru,nearest_canonical_atm_euclidean,
5916,f1f8d2d0-6ea3-5875-acce-a83a08547247,2023-04-07,0.00026278244,0,New Delhi,nearest_canonical_atm_euclidean,
5917,afecdedf-a580-5453-aee1-cce5a1fc6571,2023-09-01,0.00026260185,0,Ahmedabad,nearest_canonical_atm_euclidean,
5918,f801c521-91da-5b20-88bb-185c236cf141,2023-03-31,0.00026252875,0,Jaipur,nearest_canonical_atm_euclidean,
5919,f9c8bdaf-f2d5-519b-81d4-759a53bf1015,2023-06-23,0.00026247595,0,Chennai,nearest_canonical_atm_euclidean,
5920,f69a2a75-085f-5b60-b0c2-9aebccd78b03,2023-02-10,0.00026225156,0,Hyderabad,nearest_canonical_atm_euclidean,
5921,38ef268a-dcd0-56f8-8c8f-954520b5c33b,2023-06-16,0.00026203963,0,Ahmedabad,nearest_canonical_atm_euclidean,
5922,5737401f-13a5-5335-9e4c-336a9e870086,2023-06-16,0.00026033705,0,Kolkata,nearest_canonical_atm_euclidean,
5923,b41f1475-dca2-5dc1-938e-9543cd4de399,2023-10-20,0.0002597529,0,Ahmedabad,nearest_canonical_atm_euclidean,
5924,d3483408-08a1-5840-8a4f-e2a5d47c989b,2023-03-03,0.0002594245,0,Chennai,nearest_canonical_atm_euclidean,
5925,1af29445-7edb-54fb-a987-f6ba18f4dcc3,2023-09-15,0.00025937601,0,Bengaluru,nearest_canonical_atm_euclidean,
5926,4aabdbdc-9536-5b73-bab4-7cbee9886fed,2023-02-24,0.00025928402,0,Hyderabad,nearest_canonical_atm_euclidean,
5927,422e93c8-7fc2-5abd-bd82-7b2eb566f6e6,2023-10-06,0.00025918245,0,Kolkata,nearest_canonical_atm_euclidean,
5928,1d7d8374-7d25-5244-9349-2dba7c91bf60,2023-07-14,0.00025806398,0,Ahmedabad,nearest_canonical_atm_euclidean,
5929,f1f8d2d0-6ea3-5875-acce-a83a08547247,2023-06-02,0.00025729084,0,New Delhi,nearest_canonical_atm_euclidean,
5930,7c8fbbb0-7633-546c-b927-1accdba2044a,2023-07-21,0.0002572874,0,Chennai,nearest_canonical_atm_euclidean,
5931,afecdedf-a580-5453-aee1-cce5a1fc6571,2023-02-10,0.0002572484,0,Ahmedabad,nearest_canonical_atm_euclidean,
5932,14f26062-7d75-550d-ae7d-50ad61eb0e1b,2023-09-29,0.00025673019,0,Jaipur,nearest_canonical_atm_euclidean,
5933,34ff42c5-aa0c-58b5-b153-3aa920bff5c7,2022-12-30,0.00025672602,0,Chennai,nearest_canonical_atm_euclidean,
5934,67107270-efc6-529d-8ace-22395900dddc,2023-07-14,0.00025631784,0,Ahmedabad,nearest_canonical_atm_euclidean,
5935,e59ea14d-6014-54fe-bc4f-daf0d4c133e3,2023-06-16,0.00025595955,0,Ahmedabad,nearest_canonical_atm_euclidean,
5936,5773a83b-9871-5a2d-b54c-7edfa60ab72d,2023-12-08,0.0002559535,0,Jaipur,nearest_canonical_atm_euclidean,
5937,67107270-efc6-529d-8ace-22395900dddc,2023-02-03,0.0002555331,0,Ahmedabad,nearest_canonical_atm_euclidean,
5938,7142d25c-5954-53f9-ba18-f95055901780,2023-04-07,0.00025530125,0,Bengaluru,nearest_canonical_atm_euclidean,
5939,b2e6f33c-17a1-547b-a103-0541efcaee5d,2023-02-03,0.00025529202,0,Ahmedabad,nearest_canonical_atm_euclidean,
5940,e2c14eb0-27b2-5683-922f-22f075a86d45,2023-07-21,0.0002551706,0,Kolkata,nearest_canonical_atm_euclidean,
5941,8d9781e0-0f19-5e72-9add-8fe3b028bb83,2023-09-01,0.00025490142,0,Hyderabad,nearest_canonical_atm_euclidean,
5942,9ec9c0ef-9209-5a42-84e8-2013032e9b9e,2023-10-27,0.00025475636,0,Chennai,nearest_canonical_atm_euclidean,
5943,ab7406b4-42c4-5a64-a99f-ed1e9a1912a6,2023-08-25,0.00025446844,0,Kolkata,nearest_canonical_atm_euclidean,
5944,e59ea14d-6014-54fe-bc4f-daf0d4c133e3,2023-09-08,0.0002542943,0,Ahmedabad,nearest_canonical_atm_euclidean,
5945,5773a83b-9871-5a2d-b54c-7edfa60ab72d,2023-06-30,0.00025415543,0,Jaipur,nearest_canonical_atm_euclidean,
5946,c5ebb465-883d-56d7-ade4-8ad239491127,2023-06-02,0.00025410744,0,Jaipur,nearest_canonical_atm_euclidean,
5947,6110b5e8-c838-5a36-af9e-ceec51e0c409,2023-03-10,0.00025382923,0,New Delhi,nearest_canonical_atm_euclidean,
5948,23f00f1f-a233-5e89-8069-27d2584ad221,2023-03-10,0.00025347542,0,Hyderabad,nearest_canonical_atm_euclidean,
5949,dce0c68a-90eb-5756-908b-549f801f0816,2023-06-02,0.0002533092,0,Hyderabad,nearest_canonical_atm_euclidean,
5950,642f4235-82f6-5143-8ea5-5048e8f0d80a,2023-04-21,0.00025313126,0,Hyderabad,nearest_canonical_atm_euclidean,
5951,5773a83b-9871-5a2d-b54c-7edfa60ab72d,2023-10-06,0.00025283147,0,Jaipur,nearest_canonical_atm_euclidean,
5952,6ded4d28-8bc2-5507-85db-b9ec23a0756c,2023-12-15,0.00025258545,0,Mumbai,nearest_canonical_atm_euclidean,
5953,6110b5e8-c838-5a36-af9e-ceec51e0c409,2023-06-30,0.00025247302,0,New Delhi,nearest_canonical_atm_euclidean,
5954,964994af-c467-5422-8727-4914e98a9b1b,2023-08-18,0.0002522495,0,Hyderabad,nearest_canonical_atm_euclidean,
5955,b73cca25-bce0-5c18-8339-4e08c62ff897,2023-09-29,0.00025179607,0,Kolkata,nearest_canonical_atm_euclidean,
5956,9d88e52f-9303-5776-9acc-390b8ece126d,2023-12-01,0.00025161658,0,Chennai,nearest_canonical_atm_euclidean,
5957,9e342a67-6e23-50e0-affc-c624e2da2f70,2023-07-28,0.0002513449,0,Mumbai,nearest_canonical_atm_euclidean,
5958,14f26062-7d75-550d-ae7d-50ad61eb0e1b,2023-08-04,0.0002512287,0,Jaipur,nearest_canonical_atm_euclidean,
5959,14f26062-7d75-550d-ae7d-50ad61eb0e1b,2023-12-15,0.00025116786,0,Jaipur,nearest_canonical_atm_euclidean,
5960,9ec9c0ef-9209-5a42-84e8-2013032e9b9e,2023-09-29,0.00025080843,0,Chennai,nearest_canonical_atm_euclidean,
5961,dce0c68a-90eb-5756-908b-549f801f0816,2023-02-24,0.00025077042,0,Hyderabad,nearest_canonical_atm_euclidean,
5962,d69d9b0a-1678-5866-b094-3f5f19c0c205,2023-12-01,0.00025034853,0,Ahmedabad,nearest_canonical_atm_euclidean,
5963,65a9af02-f38e-5bc1-a908-6a3a653df0fc,2023-06-23,0.00025006253,0,Ahmedabad,nearest_canonical_atm_euclidean,
5964,f1f8d2d0-6ea3-5875-acce-a83a08547247,2023-10-06,0.0002495709,0,New Delhi,nearest_canonical_atm_euclidean,
5965,d3483408-08a1-5840-8a4f-e2a5d47c989b,2023-09-22,0.00024946194,0,Chennai,nearest_canonical_atm_euclidean,
5966,cf923010-1ea8-516f-8a40-b3db95dce888,2023-12-01,0.00024874468,0,Chennai,nearest_canonical_atm_euclidean,
5967,1d7d8374-7d25-5244-9349-2dba7c91bf60,2023-02-17,0.0002479576,0,Ahmedabad,nearest_canonical_atm_euclidean,
5968,e789fbe5-81bc-554f-9309-2f60d40df893,2023-02-03,0.00024774254,0,Kolkata,nearest_canonical_atm_euclidean,
5969,ab7406b4-42c4-5a64-a99f-ed1e9a1912a6,2023-02-03,0.00024762683,0,Kolkata,nearest_canonical_atm_euclidean,
5970,94effd11-8fd8-50af-8f4c-b5a629d11375,2023-08-25,0.00024754234,0,Jaipur,nearest_canonical_atm_euclidean,
5971,f1f8d2d0-6ea3-5875-acce-a83a08547247,2023-07-28,0.00024740546,0,New Delhi,nearest_canonical_atm_euclidean,
5972,4e782d22-24b2-5334-ad26-772dec5c36d3,2023-02-24,0.00024672542,0,Jaipur,nearest_canonical_atm_euclidean,
5973,0e83a772-d0c1-5d38-9f1f-4a51eb7ee575,2023-01-06,0.0002464245,0,Kolkata,nearest_canonical_atm_euclidean,
5974,0e0b8e6c-f46a-5dce-b705-93abfbcedab7,2023-07-14,0.000245066,0,New Delhi,nearest_canonical_atm_euclidean,
5975,fbbc3df5-4722-57b4-9788-6244a82eaa45,2023-07-14,0.00024488123,0,Chennai,nearest_canonical_atm_euclidean,
5976,c5ebb465-883d-56d7-ade4-8ad239491127,2023-11-03,0.00024486374,0,Jaipur,nearest_canonical_atm_euclidean,
5977,182ddc72-62c6-5f3b-b7ae-935c5b5e605b,2022-12-30,0.00024384285,0,Jaipur,nearest_canonical_atm_euclidean,
5978,b76d9deb-4963-5298-b5ab-e7aa1216e9a4,2023-01-27,0.0002437048,0,Kolkata,nearest_canonical_atm_euclidean,
5979,e3c72b40-457d-5627-b578-4da7a09c1fc1,2023-04-14,0.00024305761,0,New Delhi,nearest_canonical_atm_euclidean,
5980,182ddc72-62c6-5f3b-b7ae-935c5b5e605b,2023-09-01,0.00024305042,0,Jaipur,nearest_canonical_atm_euclidean,
5981,9f8333ec-0af9-502c-8e87-21bd0e5ef301,2023-08-25,0.00024279217,0,Kolkata,nearest_canonical_atm_euclidean,
5982,ea588019-c786-57ab-8c8d-be7ada3e3273,2023-05-05,0.00024223907,0,Hyderabad,nearest_canonical_atm_euclidean,
5983,6e2eb94c-abea-566d-881f-33304c81d95b,2023-04-21,0.00024061007,0,Hyderabad,nearest_canonical_atm_euclidean,
5984,7bb876b7-d98c-59b9-bfe7-5d6d8706898d,2023-04-21,0.00024037917,0,New Delhi,nearest_canonical_atm_euclidean,
5985,d3483408-08a1-5840-8a4f-e2a5d47c989b,2023-08-25,0.0002401771,0,Chennai,nearest_canonical_atm_euclidean,
5986,d3483408-08a1-5840-8a4f-e2a5d47c989b,2023-08-04,0.00023987779,0,Chennai,nearest_canonical_atm_euclidean,
5987,c1ef55eb-7ba3-5dca-9329-fa76b3327004,2023-04-14,0.00023822895,0,Chennai,nearest_canonical_atm_euclidean,
5988,14f26062-7d75-550d-ae7d-50ad61eb0e1b,2023-03-10,0.00023772617,0,Jaipur,nearest_canonical_atm_euclidean,
5989,c1ef55eb-7ba3-5dca-9329-fa76b3327004,2023-05-26,0.0002374994,0,Chennai,nearest_canonical_atm_euclidean,
5990,94effd11-8fd8-50af-8f4c-b5a629d11375,2023-04-07,0.00023710117,0,Jaipur,nearest_canonical_atm_euclidean,
5991,f9c8bdaf-f2d5-519b-81d4-759a53bf1015,2023-11-17,0.00023691384,0,Chennai,nearest_canonical_atm_euclidean,
5992,c991fb7a-f5c2-5464-b968-538bf5c140df,2023-10-06,0.00023635183,0,Mumbai,nearest_canonical_atm_euclidean,
5993,51f7f7da-0718-5063-91b2-d743096e78e1,2023-01-13,0.00023591913,0,Bengaluru,nearest_canonical_atm_euclidean,
5994,f9c8bdaf-f2d5-519b-81d4-759a53bf1015,2023-08-18,0.00023561878,0,Chennai,nearest_canonical_atm_euclidean,
5995,34ff42c5-aa0c-58b5-b153-3aa920bff5c7,2023-07-14,0.00023545059,0,Chennai,nearest_canonical_atm_euclidean,
5996,b73cca25-bce0-5c18-8339-4e08c62ff897,2023-06-30,0.00023528562,0,Kolkata,nearest_canonical_atm_euclidean,
5997,0e0b8e6c-f46a-5dce-b705-93abfbcedab7,2023-04-28,0.00023462233,0,New Delhi,nearest_canonical_atm_euclidean,
5998,5737401f-13a5-5335-9e4c-336a9e870086,2023-09-29,0.00023443068,0,Kolkata,nearest_canonical_atm_euclidean,
5999,3e2afad7-44dc-5833-9826-b036621dee60,2023-06-30,0.00023409497,0,Jaipur,nearest_canonical_atm_euclidean,
6000,800f26bb-ab13-53a8-8329-4e07a6b7cf1d,2023-12-08,0.00023367262,0,Mumbai,nearest_canonical_atm_euclidean,
6001,06c1e399-5422-598e-8078-2622bf0dc842,2023-05-26,0.00023351003,0,Jaipur,nearest_canonical_atm_euclidean,
6002,ea588019-c786-57ab-8c8d-be7ada3e3273,2023-11-24,0.00023317095,0,Hyderabad,nearest_canonical_atm_euclidean,
6003,9b0bfc62-59d8-573e-81b2-fee4669a409a,2023-11-24,0.00023313252,0,Hyderabad,nearest_canonical_atm_euclidean,
6004,3e2afad7-44dc-5833-9826-b036621dee60,2023-07-14,0.00023279712,0,Jaipur,nearest_canonical_atm_euclidean,
6005,869d900f-916d-59fb-a1c5-980ea46f3005,2023-06-30,0.00023270813,0,Chennai,nearest_canonical_atm_euclidean,
6006,2e751f5b-ebe1-5162-b43d-482303a259e3,2023-03-03,0.00023249279,0,Kolkata,nearest_canonical_atm_euclidean,
6007,b41f1475-dca2-5dc1-938e-9543cd4de399,2023-08-25,0.00023248792,0,Ahmedabad,nearest_canonical_atm_euclidean,
6008,23f00f1f-a233-5e89-8069-27d2584ad221,2023-06-09,0.00023206625,0,Hyderabad,nearest_canonical_atm_euclidean,
6009,41adf9c7-e4f5-56f8-a964-fecf7428833b,2023-05-19,0.00023143605,0,Jaipur,nearest_canonical_atm_euclidean,
6010,91abf21e-5b5e-5823-b4f0-c5d40f77d717,2023-06-30,0.00023097775,0,New Delhi,nearest_canonical_atm_euclidean,
6011,9b0bfc62-59d8-573e-81b2-fee4669a409a,2023-09-08,0.00023083706,0,Hyderabad,nearest_canonical_atm_euclidean,
6012,9b0bfc62-59d8-573e-81b2-fee4669a409a,2023-06-30,0.0002306096,0,Hyderabad,nearest_canonical_atm_euclidean,
6013,b73cca25-bce0-5c18-8339-4e08c62ff897,2023-04-21,0.00022987791,0,Kolkata,nearest_canonical_atm_euclidean,
6014,e3c72b40-457d-5627-b578-4da7a09c1fc1,2023-08-11,0.00022944367,0,New Delhi,nearest_canonical_atm_euclidean,
6015,6110b5e8-c838-5a36-af9e-ceec51e0c409,2023-12-01,0.00022912999,0,New Delhi,nearest_canonical_atm_euclidean,
6016,b41f1475-dca2-5dc1-938e-9543cd4de399,2023-01-06,0.00022899894,0,Ahmedabad,nearest_canonical_atm_euclidean,
6017,51f7f7da-0718-5063-91b2-d743096e78e1,2023-03-03,0.00022860408,0,Bengaluru,nearest_canonical_atm_euclidean,
6018,4e782d22-24b2-5334-ad26-772dec5c36d3,2023-07-28,0.0002285797,0,Jaipur,nearest_canonical_atm_euclidean,
6019,7142d25c-5954-53f9-ba18-f95055901780,2023-06-16,0.00022844068,0,Bengaluru,nearest_canonical_atm_euclidean,
6020,f1f8d2d0-6ea3-5875-acce-a83a08547247,2023-07-07,0.00022842805,0,New Delhi,nearest_canonical_atm_euclidean,
6021,06c1e399-5422-598e-8078-2622bf0dc842,2023-04-21,0.00022778276,0,Jaipur,nearest_canonical_atm_euclidean,
6022,182ddc72-62c6-5f3b-b7ae-935c5b5e605b,2023-12-08,0.00022634005,0,Jaipur,nearest_canonical_atm_euclidean,
6023,9b0bfc62-59d8-573e-81b2-fee4669a409a,2023-12-01,0.00022612908,0,Hyderabad,nearest_canonical_atm_euclidean,
6024,a9c5b13b-e31b-5d61-b111-d30041fcd1e9,2023-08-18,0.00022599306,0,Ahmedabad,nearest_canonical_atm_euclidean,
6025,4cc4f0b0-6522-5752-8674-65bde1e7ee07,2023-01-06,0.00022590024,0,Hyderabad,nearest_canonical_atm_euclidean,
6026,9ec9c0ef-9209-5a42-84e8-2013032e9b9e,2023-10-13,0.00022585243,0,Chennai,nearest_canonical_atm_euclidean,
6027,b8864095-68a2-5748-a216-676e811b321c,2023-06-30,0.00022560189,0,Chennai,nearest_canonical_atm_euclidean,
6028,7c8a9fea-1f01-5794-b1f8-1f33bc77651b,2023-02-17,0.00022543782,0,New Delhi,nearest_canonical_atm_euclidean,
6029,b76d9deb-4963-5298-b5ab-e7aa1216e9a4,2023-05-05,0.00022539549,0,Kolkata,nearest_canonical_atm_euclidean,
6030,964994af-c467-5422-8727-4914e98a9b1b,2023-01-27,0.00022461674,0,Hyderabad,nearest_canonical_atm_euclidean,
6031,4e782d22-24b2-5334-ad26-772dec5c36d3,2023-10-27,0.00022360325,0,Jaipur,nearest_canonical_atm_euclidean,
6032,4e782d22-24b2-5334-ad26-772dec5c36d3,2023-06-30,0.00022345576,0,Jaipur,nearest_canonical_atm_euclidean,
6033,f9c8bdaf-f2d5-519b-81d4-759a53bf1015,2023-02-10,0.00022329859,0,Chennai,nearest_canonical_atm_euclidean,
6034,f9c8bdaf-f2d5-519b-81d4-759a53bf1015,2023-10-20,0.00022315599,0,Chennai,nearest_canonical_atm_euclidean,
6035,9adf3d58-2b6f-5de3-8510-5cc671d1d2e8,2023-09-15,0.00022295267,0,Ahmedabad,nearest_canonical_atm_euclidean,
6036,81697ea2-f5de-540b-a729-ead84b45e611,2023-09-08,0.00022285852,0,Mumbai,nearest_canonical_atm_euclidean,
6037,94effd11-8fd8-50af-8f4c-b5a629d11375,2023-02-10,0.00022217049,0,Jaipur,nearest_canonical_atm_euclidean,
6038,14e22c3d-5500-5971-b937-f612a3b05543,2023-01-13,0.0002221417,0,Chennai,nearest_canonical_atm_euclidean,
6039,1b131b05-4df1-5564-b4fd-6cb5e09cfdd5,2023-07-07,0.00022192176,0,Kolkata,nearest_canonical_atm_euclidean,
6040,e59ea14d-6014-54fe-bc4f-daf0d4c133e3,2023-12-08,0.00022174574,0,Ahmedabad,nearest_canonical_atm_euclidean,
6041,9f8333ec-0af9-502c-8e87-21bd0e5ef301,2023-07-14,0.00022171595,0,Kolkata,nearest_canonical_atm_euclidean,
6042,59fb71b7-27d2-56ae-87ab-548765379b67,2023-11-03,0.00022164303,0,Bengaluru,nearest_canonical_atm_euclidean,
6043,ea588019-c786-57ab-8c8d-be7ada3e3273,2023-08-25,0.00022001126,0,Hyderabad,nearest_canonical_atm_euclidean,
6044,b3dc96a5-31cc-51a8-a4bc-4d47da6df377,2023-10-13,0.00021949373,0,New Delhi,nearest_canonical_atm_euclidean,
6045,9adf3d58-2b6f-5de3-8510-5cc671d1d2e8,2023-04-28,0.00021904758,0,Ahmedabad,nearest_canonical_atm_euclidean,
6046,182ddc72-62c6-5f3b-b7ae-935c5b5e605b,2023-01-06,0.00021882588,0,Jaipur,nearest_canonical_atm_euclidean,
6047,c1ef55eb-7ba3-5dca-9329-fa76b3327004,2023-02-24,0.00021808625,0,Chennai,nearest_canonical_atm_euclidean,
6048,e59ea14d-6014-54fe-bc4f-daf0d4c133e3,2023-08-04,0.00021721217,0,Ahmedabad,nearest_canonical_atm_euclidean,
6049,f69a2a75-085f-5b60-b0c2-9aebccd78b03,2023-05-12,0.00021696751,0,Hyderabad,nearest_canonical_atm_euclidean,
6050,b76d9deb-4963-5298-b5ab-e7aa1216e9a4,2023-10-06,0.00021654175,0,Kolkata,nearest_canonical_atm_euclidean,
6051,328c3398-026a-5b82-ad02-8598a7d943ba,2023-06-16,0.00021629251,0,Bengaluru,nearest_canonical_atm_euclidean,
6052,e2c14eb0-27b2-5683-922f-22f075a86d45,2023-05-05,0.00021562353,0,Kolkata,nearest_canonical_atm_euclidean,
6053,4e782d22-24b2-5334-ad26-772dec5c36d3,2023-11-17,0.0002154743,0,Jaipur,nearest_canonical_atm_euclidean,
6054,a891a4aa-b7cd-521d-928f-f58da9655ef5,2023-02-24,0.00021537983,0,Hyderabad,nearest_canonical_atm_euclidean,
6055,e59ea14d-6014-54fe-bc4f-daf0d4c133e3,2023-09-01,0.00021499328,0,Ahmedabad,nearest_canonical_atm_euclidean,
6056,5737401f-13a5-5335-9e4c-336a9e870086,2022-12-30,0.00021494982,0,Kolkata,nearest_canonical_atm_euclidean,
6057,a9c5b13b-e31b-5d61-b111-d30041fcd1e9,2023-11-03,0.00021473863,0,Ahmedabad,nearest_canonical_atm_euclidean,
6058,4aabdbdc-9536-5b73-bab4-7cbee9886fed,2023-04-14,0.00021434484,0,Hyderabad,nearest_canonical_atm_euclidean,
6059,d69d9b0a-1678-5866-b094-3f5f19c0c205,2023-11-10,0.00021434463,0,Ahmedabad,nearest_canonical_atm_euclidean,
6060,14f26062-7d75-550d-ae7d-50ad61eb0e1b,2023-09-08,0.00021419652,0,Jaipur,nearest_canonical_atm_euclidean,
6061,5773a83b-9871-5a2d-b54c-7edfa60ab72d,2023-09-08,0.0002139412,0,Jaipur,nearest_canonical_atm_euclidean,
6062,a9c5b13b-e31b-5d61-b111-d30041fcd1e9,2023-07-28,0.00021367677,0,Ahmedabad,nearest_canonical_atm_euclidean,
6063,d3483408-08a1-5840-8a4f-e2a5d47c989b,2023-01-20,0.00021359572,0,Chennai,nearest_canonical_atm_euclidean,
6064,5737401f-13a5-5335-9e4c-336a9e870086,2023-11-24,0.00021290297,0,Kolkata,nearest_canonical_atm_euclidean,
6065,4aabdbdc-9536-5b73-bab4-7cbee9886fed,2023-04-21,0.00021225862,0,Hyderabad,nearest_canonical_atm_euclidean,
6066,fbbc3df5-4722-57b4-9788-6244a82eaa45,2023-09-08,0.00021211214,0,Chennai,nearest_canonical_atm_euclidean,
6067,8279eaa3-c5e0-5a20-9db9-075ee86efeb4,2023-05-05,0.00021199712,0,Kolkata,nearest_canonical_atm_euclidean,
6068,94effd11-8fd8-50af-8f4c-b5a629d11375,2023-02-17,0.00021192676,0,Jaipur,nearest_canonical_atm_euclidean,
6069,869d900f-916d-59fb-a1c5-980ea46f3005,2023-07-28,0.00021188939,0,Chennai,nearest_canonical_atm_euclidean,
6070,5737401f-13a5-5335-9e4c-336a9e870086,2023-09-15,0.00021175004,0,Kolkata,nearest_canonical_atm_euclidean,
6071,f9c8bdaf-f2d5-519b-81d4-759a53bf1015,2023-09-29,0.00021161136,0,Chennai,nearest_canonical_atm_euclidean,
6072,34ff42c5-aa0c-58b5-b153-3aa920bff5c7,2023-08-04,0.00021137706,0,Chennai,nearest_canonical_atm_euclidean,
6073,6110b5e8-c838-5a36-af9e-ceec51e0c409,2023-11-10,0.0002111728,0,New Delhi,nearest_canonical_atm_euclidean,
6074,dce0c68a-90eb-5756-908b-549f801f0816,2023-10-13,0.0002111603,0,Hyderabad,nearest_canonical_atm_euclidean,
6075,f69a2a75-085f-5b60-b0c2-9aebccd78b03,2023-02-17,0.00021112949,0,Hyderabad,nearest_canonical_atm_euclidean,
6076,c1ef55eb-7ba3-5dca-9329-fa76b3327004,2023-07-21,0.000211051,0,Chennai,nearest_canonical_atm_euclidean,
6077,41174545-6f86-5ccc-94c0-7054225d58ad,2023-08-18,0.0002108772,0,Chennai,nearest_canonical_atm_euclidean,
6078,c5ebb465-883d-56d7-ade4-8ad239491127,2023-10-27,0.00021070236,0,Jaipur,nearest_canonical_atm_euclidean,
6079,9b0bfc62-59d8-573e-81b2-fee4669a409a,2023-07-21,0.00021040885,0,Hyderabad,nearest_canonical_atm_euclidean,
6080,7c8fbbb0-7633-546c-b927-1accdba2044a,2023-07-14,0.00021028872,0,Chennai,nearest_canonical_atm_euclidean,
6081,4407e36e-71bc-5526-9a73-9f76e801cc45,2023-03-03,0.0002096107,0,Kolkata,nearest_canonical_atm_euclidean,
6082,d69d9b0a-1678-5866-b094-3f5f19c0c205,2023-05-05,0.00020900102,0,Ahmedabad,nearest_canonical_atm_euclidean,
6083,b76d9deb-4963-5298-b5ab-e7aa1216e9a4,2023-06-16,0.00020898448,0,Kolkata,nearest_canonical_atm_euclidean,
6084,91abf21e-5b5e-5823-b4f0-c5d40f77d717,2023-02-24,0.0002089042,0,New Delhi,nearest_canonical_atm_euclidean,
6085,9adf3d58-2b6f-5de3-8510-5cc671d1d2e8,2023-02-24,0.00020876006,0,Ahmedabad,nearest_canonical_atm_euclidean,
6086,07b1cb4d-de17-5ac2-a00b-02cf9e672ff0,2023-10-27,0.00020831822,0,Ahmedabad,nearest_canonical_atm_euclidean,
6087,90bcf56f-15e8-5317-aff9-2bb508a1d03a,2023-02-24,0.0002082515,0,Chennai,nearest_canonical_atm_euclidean,
6088,c1ef55eb-7ba3-5dca-9329-fa76b3327004,2023-04-21,0.0002070353,0,Chennai,nearest_canonical_atm_euclidean,
6089,c1ef55eb-7ba3-5dca-9329-fa76b3327004,2023-03-10,0.00020660834,0,Chennai,nearest_canonical_atm_euclidean,
6090,94effd11-8fd8-50af-8f4c-b5a629d11375,2023-02-03,0.00020634572,0,Jaipur,nearest_canonical_atm_euclidean,
6091,b76d9deb-4963-5298-b5ab-e7aa1216e9a4,2023-10-27,0.00020631247,0,Kolkata,nearest_canonical_atm_euclidean,
6092,a9c5b13b-e31b-5d61-b111-d30041fcd1e9,2023-03-03,0.00020557553,0,Ahmedabad,nearest_canonical_atm_euclidean,
6093,b2e6f33c-17a1-547b-a103-0541efcaee5d,2023-08-18,0.00020434298,0,Ahmedabad,nearest_canonical_atm_euclidean,
6094,642f4235-82f6-5143-8ea5-5048e8f0d80a,2023-08-25,0.00020425845,0,Hyderabad,nearest_canonical_atm_euclidean,
6095,b76d9deb-4963-5298-b5ab-e7aa1216e9a4,2023-09-08,0.0002039327,0,Kolkata,nearest_canonical_atm_euclidean,
6096,5773a83b-9871-5a2d-b54c-7edfa60ab72d,2023-03-10,0.00020343396,0,Jaipur,nearest_canonical_atm_euclidean,
6097,59fb71b7-27d2-56ae-87ab-548765379b67,2023-03-10,0.00020326256,0,Bengaluru,nearest_canonical_atm_euclidean,
6098,e59ea14d-6014-54fe-bc4f-daf0d4c133e3,2023-11-10,0.000203016,0,Ahmedabad,nearest_canonical_atm_euclidean,
6099,f1f8d2d0-6ea3-5875-acce-a83a08547247,2023-03-31,0.00020291982,0,New Delhi,nearest_canonical_atm_euclidean,
6100,b7c4c3b5-15ff-512b-bc9b-d52f3797f893,2022-12-30,0.00020275716,0,Chennai,nearest_canonical_atm_euclidean,
6101,6ded4d28-8bc2-5507-85db-b9ec23a0756c,2023-10-06,0.00020214681,0,Mumbai,nearest_canonical_atm_euclidean,
6102,b41f1475-dca2-5dc1-938e-9543cd4de399,2023-07-21,0.0002020622,0,Ahmedabad,nearest_canonical_atm_euclidean,
6103,f69a2a75-085f-5b60-b0c2-9aebccd78b03,2023-08-04,0.00020203098,0,Hyderabad,nearest_canonical_atm_euclidean,
6104,a9c5b13b-e31b-5d61-b111-d30041fcd1e9,2023-06-16,0.00020202367,0,Ahmedabad,nearest_canonical_atm_euclidean,
6105,869d900f-916d-59fb-a1c5-980ea46f3005,2023-10-06,0.00020181554,0,Chennai,nearest_canonical_atm_euclidean,
6106,d3483408-08a1-5840-8a4f-e2a5d47c989b,2023-08-18,0.00020150328,0,Chennai,nearest_canonical_atm_euclidean,
6107,c1ef55eb-7ba3-5dca-9329-fa76b3327004,2023-04-07,0.0002008396,0,Chennai,nearest_canonical_atm_euclidean,
6108,e59ea14d-6014-54fe-bc4f-daf0d4c133e3,2023-01-20,0.0002006857,0,Ahmedabad,nearest_canonical_atm_euclidean,
6109,e789fbe5-81bc-554f-9309-2f60d40df893,2023-01-06,0.00020054568,0,Kolkata,nearest_canonical_atm_euclidean,
6110,f69a2a75-085f-5b60-b0c2-9aebccd78b03,2023-10-20,0.00020003748,0,Hyderabad,nearest_canonical_atm_euclidean,
6111,6ded4d28-8bc2-5507-85db-b9ec23a0756c,2023-06-23,0.0001992536,0,Mumbai,nearest_canonical_atm_euclidean,
6112,23f00f1f-a233-5e89-8069-27d2584ad221,2023-03-24,0.00019919242,0,Hyderabad,nearest_canonical_atm_euclidean,
6113,47b40f44-e493-5f2d-b12c-8a7eb6ccd6f4,2023-07-28,0.00019910034,0,Jaipur,nearest_canonical_atm_euclidean,
6114,8d9781e0-0f19-5e72-9add-8fe3b028bb83,2023-02-24,0.00019895725,0,Hyderabad,nearest_canonical_atm_euclidean,
6115,14e22c3d-5500-5971-b937-f612a3b05543,2023-12-01,0.00019822673,0,Chennai,nearest_canonical_atm_euclidean,
6116,1d7d8374-7d25-5244-9349-2dba7c91bf60,2023-01-27,0.00019809994,0,Ahmedabad,nearest_canonical_atm_euclidean,
6117,182ddc72-62c6-5f3b-b7ae-935c5b5e605b,2023-02-17,0.00019785228,0,Jaipur,nearest_canonical_atm_euclidean,
6118,c1ef55eb-7ba3-5dca-9329-fa76b3327004,2023-06-09,0.00019704425,0,Chennai,nearest_canonical_atm_euclidean,
6119,c5ebb465-883d-56d7-ade4-8ad239491127,2023-06-09,0.00019695559,0,Jaipur,nearest_canonical_atm_euclidean,
6120,90bcf56f-15e8-5317-aff9-2bb508a1d03a,2023-02-17,0.00019694808,0,Chennai,nearest_canonical_atm_euclidean,
6121,b73cca25-bce0-5c18-8339-4e08c62ff897,2023-03-03,0.00019682078,0,Kolkata,nearest_canonical_atm_euclidean,
6122,f69a2a75-085f-5b60-b0c2-9aebccd78b03,2023-09-22,0.00019641999,0,Hyderabad,nearest_canonical_atm_euclidean,
6123,ab7406b4-42c4-5a64-a99f-ed1e9a1912a6,2023-01-20,0.0001963683,0,Kolkata,nearest_canonical_atm_euclidean,
6124,14f26062-7d75-550d-ae7d-50ad61eb0e1b,2023-07-28,0.00019579209,0,Jaipur,nearest_canonical_atm_euclidean,
6125,4cc4f0b0-6522-5752-8674-65bde1e7ee07,2023-05-12,0.0001954172,0,Hyderabad,nearest_canonical_atm_euclidean,
6126,81697ea2-f5de-540b-a729-ead84b45e611,2023-12-15,0.00019541645,0,Mumbai,nearest_canonical_atm_euclidean,
6127,c5ebb465-883d-56d7-ade4-8ad239491127,2023-09-15,0.00019479511,1,Jaipur,nearest_canonical_atm_euclidean,
6128,f9c8bdaf-f2d5-519b-81d4-759a53bf1015,2023-03-31,0.00019474108,0,Chennai,nearest_canonical_atm_euclidean,
6129,59fb71b7-27d2-56ae-87ab-548765379b67,2023-02-24,0.00019455641,0,Bengaluru,nearest_canonical_atm_euclidean,
6130,d3483408-08a1-5840-8a4f-e2a5d47c989b,2023-12-01,0.00019422,0,Chennai,nearest_canonical_atm_euclidean,
6131,9ec9c0ef-9209-5a42-84e8-2013032e9b9e,2023-08-11,0.0001942026,0,Chennai,nearest_canonical_atm_euclidean,
6132,67107270-efc6-529d-8ace-22395900dddc,2023-05-19,0.00019413521,0,Ahmedabad,nearest_canonical_atm_euclidean,
6133,d69d9b0a-1678-5866-b094-3f5f19c0c205,2023-05-19,0.00019361575,0,Ahmedabad,nearest_canonical_atm_euclidean,
6134,182ddc72-62c6-5f3b-b7ae-935c5b5e605b,2023-10-06,0.00019361058,0,Jaipur,nearest_canonical_atm_euclidean,
6135,e789fbe5-81bc-554f-9309-2f60d40df893,2023-03-17,0.00019354987,0,Kolkata,nearest_canonical_atm_euclidean,
6136,4cc4f0b0-6522-5752-8674-65bde1e7ee07,2023-04-07,0.00019345761,0,Hyderabad,nearest_canonical_atm_euclidean,
6137,de2d188a-a433-5f4b-869a-2ffe30dfc6ab,2023-06-30,0.00019286823,0,Ahmedabad,nearest_canonical_atm_euclidean,
6138,07b1cb4d-de17-5ac2-a00b-02cf9e672ff0,2023-09-15,0.00019266404,0,Ahmedabad,nearest_canonical_atm_euclidean,
6139,6110b5e8-c838-5a36-af9e-ceec51e0c409,2023-10-27,0.00019245711,0,New Delhi,nearest_canonical_atm_euclidean,
6140,f3b246fb-34cb-5d78-af2d-6a294c2857ba,2023-10-27,0.00019216136,0,Kolkata,nearest_canonical_atm_euclidean,
6141,e2c14eb0-27b2-5683-922f-22f075a86d45,2023-04-07,0.00019196192,0,Kolkata,nearest_canonical_atm_euclidean,
6142,9b0bfc62-59d8-573e-81b2-fee4669a409a,2023-03-17,0.00019189605,0,Hyderabad,nearest_canonical_atm_euclidean,
6143,06c1e399-5422-598e-8078-2622bf0dc842,2023-06-02,0.0001917223,0,Jaipur,nearest_canonical_atm_euclidean,
6144,0e83a772-d0c1-5d38-9f1f-4a51eb7ee575,2023-05-26,0.00019154852,0,Kolkata,nearest_canonical_atm_euclidean,
6145,c5ebb465-883d-56d7-ade4-8ad239491127,2023-05-19,0.00019079335,0,Jaipur,nearest_canonical_atm_euclidean,
6146,f9c8bdaf-f2d5-519b-81d4-759a53bf1015,2023-01-13,0.00019059861,0,Chennai,nearest_canonical_atm_euclidean,
6147,dce0c68a-90eb-5756-908b-549f801f0816,2023-02-10,0.00019018506,0,Hyderabad,nearest_canonical_atm_euclidean,
6148,81a02119-b06c-5fc0-b634-9f212b95825a,2023-10-13,0.00019018071,0,Hyderabad,nearest_canonical_atm_euclidean,
6149,46d959a8-3a7a-51b4-a5d0-e6489f19d5ab,2023-04-07,0.00018919246,0,Ahmedabad,nearest_canonical_atm_euclidean,
6150,b73cca25-bce0-5c18-8339-4e08c62ff897,2023-01-06,0.00018917026,0,Kolkata,nearest_canonical_atm_euclidean,
6151,4e782d22-24b2-5334-ad26-772dec5c36d3,2023-10-20,0.00018906586,0,Jaipur,nearest_canonical_atm_euclidean,
6152,83a48d15-e769-5c36-ba85-663466038d79,2023-08-04,0.00018897504,0,Kolkata,nearest_canonical_atm_euclidean,
6153,2e751f5b-ebe1-5162-b43d-482303a259e3,2023-08-04,0.00018865745,0,Kolkata,nearest_canonical_atm_euclidean,
6154,41adf9c7-e4f5-56f8-a964-fecf7428833b,2023-04-07,0.00018855225,0,Jaipur,nearest_canonical_atm_euclidean,
6155,3e2afad7-44dc-5833-9826-b036621dee60,2023-04-07,0.00018852565,0,Jaipur,nearest_canonical_atm_euclidean,
6156,182ddc72-62c6-5f3b-b7ae-935c5b5e605b,2023-04-28,0.00018852043,0,Jaipur,nearest_canonical_atm_euclidean,
6157,b73cca25-bce0-5c18-8339-4e08c62ff897,2023-05-12,0.00018821869,0,Kolkata,nearest_canonical_atm_euclidean,
6158,869d900f-916d-59fb-a1c5-980ea46f3005,2023-08-18,0.00018810263,0,Chennai,nearest_canonical_atm_euclidean,
6159,422e93c8-7fc2-5abd-bd82-7b2eb566f6e6,2023-04-07,0.00018810244,0,Kolkata,nearest_canonical_atm_euclidean,
6160,23f00f1f-a233-5e89-8069-27d2584ad221,2023-11-24,0.00018732206,0,Hyderabad,nearest_canonical_atm_euclidean,
6161,67107270-efc6-529d-8ace-22395900dddc,2023-09-15,0.00018684186,0,Ahmedabad,nearest_canonical_atm_euclidean,
6162,b3dc96a5-31cc-51a8-a4bc-4d47da6df377,2023-07-14,0.00018665366,0,New Delhi,nearest_canonical_atm_euclidean,
6163,a9c5b13b-e31b-5d61-b111-d30041fcd1e9,2022-12-30,0.00018518425,0,Ahmedabad,nearest_canonical_atm_euclidean,
6164,0949a9d8-1c2f-5d53-bc48-6050d92fe35b,2023-05-05,0.00018500809,0,Bengaluru,nearest_canonical_atm_euclidean,
6165,dce0c68a-90eb-5756-908b-549f801f0816,2023-10-20,0.00018468556,0,Hyderabad,nearest_canonical_atm_euclidean,
6166,e59ea14d-6014-54fe-bc4f-daf0d4c133e3,2023-10-20,0.00018407956,0,Ahmedabad,nearest_canonical_atm_euclidean,
6167,5773a83b-9871-5a2d-b54c-7edfa60ab72d,2023-04-28,0.00018376495,0,Jaipur,nearest_canonical_atm_euclidean,
6168,cf923010-1ea8-516f-8a40-b3db95dce888,2022-12-30,0.00018351524,0,Chennai,nearest_canonical_atm_euclidean,
6169,f3b246fb-34cb-5d78-af2d-6a294c2857ba,2023-05-05,0.00018349846,0,Kolkata,nearest_canonical_atm_euclidean,
6170,7c1562ed-0c51-50a9-b83b-049fcdfe12b4,2023-11-17,0.0001834311,0,Jaipur,nearest_canonical_atm_euclidean,
6171,cf923010-1ea8-516f-8a40-b3db95dce888,2023-07-14,0.00018324946,0,Chennai,nearest_canonical_atm_euclidean,
6172,dce0c68a-90eb-5756-908b-549f801f0816,2023-08-04,0.00018279676,0,Hyderabad,nearest_canonical_atm_euclidean,
6173,b2e6f33c-17a1-547b-a103-0541efcaee5d,2023-04-28,0.00018277256,0,Ahmedabad,nearest_canonical_atm_euclidean,
6174,f9c8bdaf-f2d5-519b-81d4-759a53bf1015,2023-09-15,0.0001821652,0,Chennai,nearest_canonical_atm_euclidean,
6175,5773a83b-9871-5a2d-b54c-7edfa60ab72d,2023-08-04,0.00018204085,0,Jaipur,nearest_canonical_atm_euclidean,
6176,5773a83b-9871-5a2d-b54c-7edfa60ab72d,2023-10-13,0.00018184881,0,Jaipur,nearest_canonical_atm_euclidean,
6177,f69a2a75-085f-5b60-b0c2-9aebccd78b03,2023-01-13,0.0001815974,0,Hyderabad,nearest_canonical_atm_euclidean,
6178,e789fbe5-81bc-554f-9309-2f60d40df893,2023-06-09,0.00018141308,0,Kolkata,nearest_canonical_atm_euclidean,
6179,6110b5e8-c838-5a36-af9e-ceec51e0c409,2023-03-24,0.00018099409,0,New Delhi,nearest_canonical_atm_euclidean,
6180,b8864095-68a2-5748-a216-676e811b321c,2023-01-06,0.00018087435,0,Chennai,nearest_canonical_atm_euclidean,
6181,9b0bfc62-59d8-573e-81b2-fee4669a409a,2023-04-07,0.00018078796,0,Hyderabad,nearest_canonical_atm_euclidean,
6182,fbbc3df5-4722-57b4-9788-6244a82eaa45,2023-08-18,0.00017830223,0,Chennai,nearest_canonical_atm_euclidean,
6183,964994af-c467-5422-8727-4914e98a9b1b,2023-04-07,0.00017814913,0,Hyderabad,nearest_canonical_atm_euclidean,
6184,ea588019-c786-57ab-8c8d-be7ada3e3273,2023-08-04,0.00017737014,0,Hyderabad,nearest_canonical_atm_euclidean,
6185,9b0bfc62-59d8-573e-81b2-fee4669a409a,2023-07-28,0.00017665602,0,Hyderabad,nearest_canonical_atm_euclidean,
6186,bbdf6837-aab5-5b4e-839e-9ee61eaea352,2023-10-13,0.00017662098,0,Mumbai,nearest_canonical_atm_euclidean,
6187,67107270-efc6-529d-8ace-22395900dddc,2023-08-18,0.00017636854,0,Ahmedabad,nearest_canonical_atm_euclidean,
6188,bbdf6837-aab5-5b4e-839e-9ee61eaea352,2023-07-07,0.00017627775,0,Mumbai,nearest_canonical_atm_euclidean,
6189,51f7f7da-0718-5063-91b2-d743096e78e1,2023-01-06,0.00017617208,0,Bengaluru,nearest_canonical_atm_euclidean,
6190,06c1e399-5422-598e-8078-2622bf0dc842,2023-04-28,0.00017610285,0,Jaipur,nearest_canonical_atm_euclidean,
6191,90bcf56f-15e8-5317-aff9-2bb508a1d03a,2023-06-30,0.00017560554,0,Chennai,nearest_canonical_atm_euclidean,
6192,182ddc72-62c6-5f3b-b7ae-935c5b5e605b,2023-03-10,0.00017560521,0,Jaipur,nearest_canonical_atm_euclidean,
6193,46d959a8-3a7a-51b4-a5d0-e6489f19d5ab,2023-07-21,0.00017554862,0,Ahmedabad,nearest_canonical_atm_euclidean,
6194,a891a4aa-b7cd-521d-928f-f58da9655ef5,2023-10-13,0.00017542798,0,Hyderabad,nearest_canonical_atm_euclidean,
6195,5773a83b-9871-5a2d-b54c-7edfa60ab72d,2023-02-10,0.00017495373,0,Jaipur,nearest_canonical_atm_euclidean,
6196,b8864095-68a2-5748-a216-676e811b321c,2023-04-21,0.00017452503,0,Chennai,nearest_canonical_atm_euclidean,
6197,fceef9b3-9818-5d9c-9786-aa1ba0a869e2,2023-07-21,0.00017404243,0,Mumbai,nearest_canonical_atm_euclidean,
6198,f69a2a75-085f-5b60-b0c2-9aebccd78b03,2023-07-14,0.00017385301,0,Hyderabad,nearest_canonical_atm_euclidean,
6199,f69a2a75-085f-5b60-b0c2-9aebccd78b03,2023-09-15,0.00017359626,0,Hyderabad,nearest_canonical_atm_euclidean,
6200,f801c521-91da-5b20-88bb-185c236cf141,2022-12-30,0.00017305616,0,Jaipur,nearest_canonical_atm_euclidean,
6201,59fb71b7-27d2-56ae-87ab-548765379b67,2023-01-13,0.00017289702,0,Bengaluru,nearest_canonical_atm_euclidean,
6202,23f00f1f-a233-5e89-8069-27d2584ad221,2023-06-16,0.00017254984,0,Hyderabad,nearest_canonical_atm_euclidean,
6203,dce0c68a-90eb-5756-908b-549f801f0816,2023-02-03,0.00017209387,0,Hyderabad,nearest_canonical_atm_euclidean,
6204,f69a2a75-085f-5b60-b0c2-9aebccd78b03,2023-11-03,0.00017205089,0,Hyderabad,nearest_canonical_atm_euclidean,
6205,81697ea2-f5de-540b-a729-ead84b45e611,2023-10-20,0.00017187413,0,Mumbai,nearest_canonical_atm_euclidean,
6206,7c1562ed-0c51-50a9-b83b-049fcdfe12b4,2022-12-30,0.00017167431,0,Jaipur,nearest_canonical_atm_euclidean,
6207,afecdedf-a580-5453-aee1-cce5a1fc6571,2023-06-30,0.00017146523,0,Ahmedabad,nearest_canonical_atm_euclidean,
6208,06c1e399-5422-598e-8078-2622bf0dc842,2023-05-05,0.00017087082,0,Jaipur,nearest_canonical_atm_euclidean,
6209,c991fb7a-f5c2-5464-b968-538bf5c140df,2023-04-21,0.00016952417,0,Mumbai,nearest_canonical_atm_euclidean,
6210,67107270-efc6-529d-8ace-22395900dddc,2023-07-28,0.00016908621,0,Ahmedabad,nearest_canonical_atm_euclidean,
6211,b76d9deb-4963-5298-b5ab-e7aa1216e9a4,2023-11-10,0.00016876472,0,Kolkata,nearest_canonical_atm_euclidean,
6212,1d7d8374-7d25-5244-9349-2dba7c91bf60,2023-12-08,0.00016854762,0,Ahmedabad,nearest_canonical_atm_euclidean,
6213,3aa4e1f6-58c6-5cbb-a302-28689bbca879,2023-08-25,0.00016849667,0,Bengaluru,nearest_canonical_atm_euclidean,
6214,14f26062-7d75-550d-ae7d-50ad61eb0e1b,2023-03-17,0.00016831425,0,Jaipur,nearest_canonical_atm_euclidean,
6215,07b1cb4d-de17-5ac2-a00b-02cf9e672ff0,2023-12-15,0.00016774244,0,Ahmedabad,nearest_canonical_atm_euclidean,
6216,5737401f-13a5-5335-9e4c-336a9e870086,2023-06-02,0.00016761421,0,Kolkata,nearest_canonical_atm_euclidean,
6217,b73cca25-bce0-5c18-8339-4e08c62ff897,2023-09-01,0.00016743706,0,Kolkata,nearest_canonical_atm_euclidean,
6218,81697ea2-f5de-540b-a729-ead84b45e611,2023-08-18,0.00016733812,0,Mumbai,nearest_canonical_atm_euclidean,
6219,8d9781e0-0f19-5e72-9add-8fe3b028bb83,2023-02-10,0.00016716063,0,Hyderabad,nearest_canonical_atm_euclidean,
6220,4407e36e-71bc-5526-9a73-9f76e801cc45,2023-11-24,0.00016695751,0,Kolkata,nearest_canonical_atm_euclidean,
6221,f9c8bdaf-f2d5-519b-81d4-759a53bf1015,2023-12-15,0.00016671189,0,Chennai,nearest_canonical_atm_euclidean,
6222,07b1cb4d-de17-5ac2-a00b-02cf9e672ff0,2022-12-30,0.00016650824,0,Ahmedabad,nearest_canonical_atm_euclidean,
6223,a891a4aa-b7cd-521d-928f-f58da9655ef5,2023-07-21,0.00016630418,0,Hyderabad,nearest_canonical_atm_euclidean,
6224,67107270-efc6-529d-8ace-22395900dddc,2023-03-10,0.00016618228,0,Ahmedabad,nearest_canonical_atm_euclidean,
6225,67107270-efc6-529d-8ace-22395900dddc,2023-02-24,0.00016614393,0,Ahmedabad,nearest_canonical_atm_euclidean,
6226,ab7406b4-42c4-5a64-a99f-ed1e9a1912a6,2023-06-02,0.0001660573,0,Kolkata,nearest_canonical_atm_euclidean,
6227,e59ea14d-6014-54fe-bc4f-daf0d4c133e3,2023-12-15,0.00016565008,0,Ahmedabad,nearest_canonical_atm_euclidean,
6228,ea588019-c786-57ab-8c8d-be7ada3e3273,2023-12-08,0.000164666,0,Hyderabad,nearest_canonical_atm_euclidean,
6229,6110b5e8-c838-5a36-af9e-ceec51e0c409,2023-09-22,0.00016461826,0,New Delhi,nearest_canonical_atm_euclidean,
6230,06c1e399-5422-598e-8078-2622bf0dc842,2023-04-14,0.00016406088,0,Jaipur,nearest_canonical_atm_euclidean,
6231,59fb71b7-27d2-56ae-87ab-548765379b67,2023-11-17,0.00016400989,0,Bengaluru,nearest_canonical_atm_euclidean,
6232,ea588019-c786-57ab-8c8d-be7ada3e3273,2023-12-15,0.00016391235,0,Hyderabad,nearest_canonical_atm_euclidean,
6233,c5ebb465-883d-56d7-ade4-8ad239491127,2023-09-29,0.00016370851,0,Jaipur,nearest_canonical_atm_euclidean,
6234,ea588019-c786-57ab-8c8d-be7ada3e3273,2023-08-18,0.00016335765,0,Hyderabad,nearest_canonical_atm_euclidean,
6235,869d900f-916d-59fb-a1c5-980ea46f3005,2023-10-20,0.00016331482,0,Chennai,nearest_canonical_atm_euclidean,
6236,06c1e399-5422-598e-8078-2622bf0dc842,2023-08-25,0.00016315778,0,Jaipur,nearest_canonical_atm_euclidean,
6237,c5ebb465-883d-56d7-ade4-8ad239491127,2023-06-23,0.00016241008,0,Jaipur,nearest_canonical_atm_euclidean,
6238,9adf3d58-2b6f-5de3-8510-5cc671d1d2e8,2023-11-17,0.00016223737,0,Ahmedabad,nearest_canonical_atm_euclidean,
6239,5773a83b-9871-5a2d-b54c-7edfa60ab72d,2023-01-27,0.00016202063,0,Jaipur,nearest_canonical_atm_euclidean,
6240,a5676c6d-3d3e-517c-81a9-86b85c039df1,2023-11-03,0.00016194787,0,Ahmedabad,nearest_canonical_atm_euclidean,
6241,422e93c8-7fc2-5abd-bd82-7b2eb566f6e6,2023-07-14,0.0001618415,0,Kolkata,nearest_canonical_atm_euclidean,
6242,7c8a9fea-1f01-5794-b1f8-1f33bc77651b,2023-08-25,0.00016171917,0,New Delhi,nearest_canonical_atm_euclidean,
6243,f9c8bdaf-f2d5-519b-81d4-759a53bf1015,2023-04-21,0.00016105546,0,Chennai,nearest_canonical_atm_euclidean,
6244,1af29445-7edb-54fb-a987-f6ba18f4dcc3,2023-02-10,0.00016097656,0,Bengaluru,nearest_canonical_atm_euclidean,
6245,23f00f1f-a233-5e89-8069-27d2584ad221,2023-11-03,0.00016058057,0,Hyderabad,nearest_canonical_atm_euclidean,
6246,6e2eb94c-abea-566d-881f-33304c81d95b,2023-10-13,0.00016050389,0,Hyderabad,nearest_canonical_atm_euclidean,
6247,b8864095-68a2-5748-a216-676e811b321c,2023-07-21,0.000160313,0,Chennai,nearest_canonical_atm_euclidean,
6248,3e2afad7-44dc-5833-9826-b036621dee60,2023-08-04,0.00016025828,0,Jaipur,nearest_canonical_atm_euclidean,
6249,182ddc72-62c6-5f3b-b7ae-935c5b5e605b,2023-11-24,0.00016012049,0,Jaipur,nearest_canonical_atm_euclidean,
6250,b73cca25-bce0-5c18-8339-4e08c62ff897,2023-03-31,0.00016009578,0,Kolkata,nearest_canonical_atm_euclidean,
6251,e789fbe5-81bc-554f-9309-2f60d40df893,2023-07-28,0.00015985277,0,Kolkata,nearest_canonical_atm_euclidean,
6252,4e782d22-24b2-5334-ad26-772dec5c36d3,2023-02-10,0.00015970849,0,Jaipur,nearest_canonical_atm_euclidean,
6253,5737401f-13a5-5335-9e4c-336a9e870086,2023-12-08,0.00015955583,0,Kolkata,nearest_canonical_atm_euclidean,
6254,c5ebb465-883d-56d7-ade4-8ad239491127,2023-12-01,0.00015903679,0,Jaipur,nearest_canonical_atm_euclidean,
6255,5773a83b-9871-5a2d-b54c-7edfa60ab72d,2023-05-12,0.00015896797,0,Jaipur,nearest_canonical_atm_euclidean,
6256,4aabdbdc-9536-5b73-bab4-7cbee9886fed,2023-03-31,0.00015856315,0,Hyderabad,nearest_canonical_atm_euclidean,
6257,c4d45e66-af66-5d62-9ec1-a719ee0110b8,2023-06-02,0.00015790036,0,Bengaluru,nearest_canonical_atm_euclidean,
6258,14f26062-7d75-550d-ae7d-50ad61eb0e1b,2023-12-08,0.0001574301,0,Jaipur,nearest_canonical_atm_euclidean,
6259,47b40f44-e493-5f2d-b12c-8a7eb6ccd6f4,2023-07-07,0.00015733721,0,Jaipur,nearest_canonical_atm_euclidean,
6260,a9c5b13b-e31b-5d61-b111-d30041fcd1e9,2023-09-22,0.00015673049,0,Ahmedabad,nearest_canonical_atm_euclidean,
6261,7142d25c-5954-53f9-ba18-f95055901780,2023-06-23,0.00015641876,0,Bengaluru,nearest_canonical_atm_euclidean,
6262,5773a83b-9871-5a2d-b54c-7edfa60ab72d,2023-01-06,0.00015622738,0,Jaipur,nearest_canonical_atm_euclidean,
6263,ce707439-e5cd-56de-8ce2-b3a7f8a910c5,2023-11-03,0.00015603055,0,Hyderabad,nearest_canonical_atm_euclidean,
6264,91abf21e-5b5e-5823-b4f0-c5d40f77d717,2023-01-27,0.00015577486,0,New Delhi,nearest_canonical_atm_euclidean,
6265,34ff42c5-aa0c-58b5-b153-3aa920bff5c7,2023-08-11,0.0001556077,0,Chennai,nearest_canonical_atm_euclidean,
6266,a891a4aa-b7cd-521d-928f-f58da9655ef5,2023-02-03,0.0001551681,0,Hyderabad,nearest_canonical_atm_euclidean,
6267,67107270-efc6-529d-8ace-22395900dddc,2023-06-02,0.00015479111,0,Ahmedabad,nearest_canonical_atm_euclidean,
6268,d69d9b0a-1678-5866-b094-3f5f19c0c205,2023-11-17,0.00015456826,0,Ahmedabad,nearest_canonical_atm_euclidean,
6269,6110b5e8-c838-5a36-af9e-ceec51e0c409,2023-07-28,0.00015435646,0,New Delhi,nearest_canonical_atm_euclidean,
6270,7142d25c-5954-53f9-ba18-f95055901780,2023-05-05,0.0001542795,0,Bengaluru,nearest_canonical_atm_euclidean,
6271,4aabdbdc-9536-5b73-bab4-7cbee9886fed,2023-09-29,0.00015416362,0,Hyderabad,nearest_canonical_atm_euclidean,
6272,6ded4d28-8bc2-5507-85db-b9ec23a0756c,2023-03-03,0.0001531528,0,Mumbai,nearest_canonical_atm_euclidean,
6273,23f00f1f-a233-5e89-8069-27d2584ad221,2023-08-11,0.00015287209,0,Hyderabad,nearest_canonical_atm_euclidean,
6274,5773a83b-9871-5a2d-b54c-7edfa60ab72d,2022-12-30,0.00015278874,0,Jaipur,nearest_canonical_atm_euclidean,
6275,b76d9deb-4963-5298-b5ab-e7aa1216e9a4,2023-03-31,0.00015246826,0,Kolkata,nearest_canonical_atm_euclidean,
6276,5773a83b-9871-5a2d-b54c-7edfa60ab72d,2023-02-17,0.00015242219,0,Jaipur,nearest_canonical_atm_euclidean,
6277,b41f1475-dca2-5dc1-938e-9543cd4de399,2022-12-30,0.00015218284,0,Ahmedabad,nearest_canonical_atm_euclidean,
6278,4e782d22-24b2-5334-ad26-772dec5c36d3,2023-09-15,0.00015201287,0,Jaipur,nearest_canonical_atm_euclidean,
6279,f9c8bdaf-f2d5-519b-81d4-759a53bf1015,2023-06-02,0.00015169027,0,Chennai,nearest_canonical_atm_euclidean,
6280,cf923010-1ea8-516f-8a40-b3db95dce888,2023-11-17,0.00015151463,0,Chennai,nearest_canonical_atm_euclidean,
6281,1b131b05-4df1-5564-b4fd-6cb5e09cfdd5,2023-06-30,0.0001513174,0,Kolkata,nearest_canonical_atm_euclidean,
6282,b76d9deb-4963-5298-b5ab-e7aa1216e9a4,2023-02-10,0.00015126029,0,Kolkata,nearest_canonical_atm_euclidean,
6283,863a1f8a-9358-5d83-a37a-ef1b3af72061,2023-12-01,0.00015117737,0,New Delhi,nearest_canonical_atm_euclidean,
6284,94effd11-8fd8-50af-8f4c-b5a629d11375,2023-10-13,0.00015071162,0,Jaipur,nearest_canonical_atm_euclidean,
6285,c5ebb465-883d-56d7-ade4-8ad239491127,2022-12-30,0.00015031193,0,Jaipur,nearest_canonical_atm_euclidean,
6286,94effd11-8fd8-50af-8f4c-b5a629d11375,2023-11-17,0.00015019774,0,Jaipur,nearest_canonical_atm_euclidean,
6287,b76d9deb-4963-5298-b5ab-e7aa1216e9a4,2023-05-26,0.0001501797,0,Kolkata,nearest_canonical_atm_euclidean,
6288,4407e36e-71bc-5526-9a73-9f76e801cc45,2023-01-13,0.00014990571,0,Kolkata,nearest_canonical_atm_euclidean,
6289,46d959a8-3a7a-51b4-a5d0-e6489f19d5ab,2023-10-20,0.00014989228,0,Ahmedabad,nearest_canonical_atm_euclidean,
6290,51f7f7da-0718-5063-91b2-d743096e78e1,2023-04-28,0.00014939158,0,Bengaluru,nearest_canonical_atm_euclidean,
6291,06c1e399-5422-598e-8078-2622bf0dc842,2023-01-27,0.00014927766,0,Jaipur,nearest_canonical_atm_euclidean,
6292,8d9781e0-0f19-5e72-9add-8fe3b028bb83,2023-03-10,0.00014913113,0,Hyderabad,nearest_canonical_atm_euclidean,
6293,46d959a8-3a7a-51b4-a5d0-e6489f19d5ab,2023-07-28,0.00014852318,0,Ahmedabad,nearest_canonical_atm_euclidean,
6294,07b1cb4d-de17-5ac2-a00b-02cf9e672ff0,2023-10-06,0.00014819243,0,Ahmedabad,nearest_canonical_atm_euclidean,
6295,d3483408-08a1-5840-8a4f-e2a5d47c989b,2023-09-08,0.00014816276,0,Chennai,nearest_canonical_atm_euclidean,
6296,a9c5b13b-e31b-5d61-b111-d30041fcd1e9,2023-11-17,0.0001479637,0,Ahmedabad,nearest_canonical_atm_euclidean,
6297,6ded4d28-8bc2-5507-85db-b9ec23a0756c,2023-10-13,0.0001479235,0,Mumbai,nearest_canonical_atm_euclidean,
6298,e2c14eb0-27b2-5683-922f-22f075a86d45,2023-03-10,0.00014739158,0,Kolkata,nearest_canonical_atm_euclidean,
6299,ce707439-e5cd-56de-8ce2-b3a7f8a910c5,2023-02-17,0.00014630903,0,Hyderabad,nearest_canonical_atm_euclidean,
6300,2e751f5b-ebe1-5162-b43d-482303a259e3,2023-09-29,0.00014626536,0,Kolkata,nearest_canonical_atm_euclidean,
6301,c5ebb465-883d-56d7-ade4-8ad239491127,2023-12-08,0.00014613697,0,Jaipur,nearest_canonical_atm_euclidean,
6302,b41f1475-dca2-5dc1-938e-9543cd4de399,2023-10-13,0.00014580431,0,Ahmedabad,nearest_canonical_atm_euclidean,
6303,1af29445-7edb-54fb-a987-f6ba18f4dcc3,2023-09-01,0.00014577081,0,Bengaluru,nearest_canonical_atm_euclidean,
6304,afecdedf-a580-5453-aee1-cce5a1fc6571,2023-11-24,0.00014576579,0,Ahmedabad,nearest_canonical_atm_euclidean,
6305,f69a2a75-085f-5b60-b0c2-9aebccd78b03,2023-04-21,0.00014525036,0,Hyderabad,nearest_canonical_atm_euclidean,
6306,23f00f1f-a233-5e89-8069-27d2584ad221,2023-11-17,0.00014475413,0,Hyderabad,nearest_canonical_atm_euclidean,
6307,e789fbe5-81bc-554f-9309-2f60d40df893,2023-01-20,0.00014475358,0,Kolkata,nearest_canonical_atm_euclidean,
6308,182ddc72-62c6-5f3b-b7ae-935c5b5e605b,2023-06-09,0.00014401549,0,Jaipur,nearest_canonical_atm_euclidean,
6309,23f00f1f-a233-5e89-8069-27d2584ad221,2023-09-01,0.0001434448,0,Hyderabad,nearest_canonical_atm_euclidean,
6310,3e2afad7-44dc-5833-9826-b036621dee60,2023-02-24,0.00014334048,0,Jaipur,nearest_canonical_atm_euclidean,
6311,5737401f-13a5-5335-9e4c-336a9e870086,2023-08-11,0.00014333503,0,Kolkata,nearest_canonical_atm_euclidean,
6312,e2c14eb0-27b2-5683-922f-22f075a86d45,2023-04-21,0.00014270401,0,Kolkata,nearest_canonical_atm_euclidean,
6313,c1ef55eb-7ba3-5dca-9329-fa76b3327004,2023-08-11,0.00014262987,0,Chennai,nearest_canonical_atm_euclidean,
6314,dce0c68a-90eb-5756-908b-549f801f0816,2023-02-17,0.00014234049,0,Hyderabad,nearest_canonical_atm_euclidean,
6315,e59ea14d-6014-54fe-bc4f-daf0d4c133e3,2023-03-03,0.00014191779,0,Ahmedabad,nearest_canonical_atm_euclidean,
6316,0949a9d8-1c2f-5d53-bc48-6050d92fe35b,2023-06-09,0.0001415364,0,Bengaluru,nearest_canonical_atm_euclidean,
6317,d69d9b0a-1678-5866-b094-3f5f19c0c205,2023-07-21,0.0001413356,0,Ahmedabad,nearest_canonical_atm_euclidean,
6318,ab7406b4-42c4-5a64-a99f-ed1e9a1912a6,2023-08-18,0.00014127078,0,Kolkata,nearest_canonical_atm_euclidean,
6319,8279eaa3-c5e0-5a20-9db9-075ee86efeb4,2023-09-22,0.00014096372,0,Kolkata,nearest_canonical_atm_euclidean,
6320,c5ebb465-883d-56d7-ade4-8ad239491127,2023-05-12,0.00014081849,0,Jaipur,nearest_canonical_atm_euclidean,
6321,4407e36e-71bc-5526-9a73-9f76e801cc45,2023-01-06,0.00014074828,0,Kolkata,nearest_canonical_atm_euclidean,
6322,c5ebb465-883d-56d7-ade4-8ad239491127,2023-10-06,0.00014041596,0,Jaipur,nearest_canonical_atm_euclidean,
6323,4cc4f0b0-6522-5752-8674-65bde1e7ee07,2023-03-10,0.00014013107,0,Hyderabad,nearest_canonical_atm_euclidean,
6324,1d7d8374-7d25-5244-9349-2dba7c91bf60,2023-07-28,0.00013971877,0,Ahmedabad,nearest_canonical_atm_euclidean,
6325,d3483408-08a1-5840-8a4f-e2a5d47c989b,2023-10-06,0.00013957337,0,Chennai,nearest_canonical_atm_euclidean,
6326,83a48d15-e769-5c36-ba85-663466038d79,2023-12-08,0.00013929882,0,Kolkata,nearest_canonical_atm_euclidean,
6327,d05fbe4b-fcba-52a3-9d29-e0fce9ccdbd9,2023-05-26,0.00013920256,0,New Delhi,nearest_canonical_atm_euclidean,
6328,5773a83b-9871-5a2d-b54c-7edfa60ab72d,2023-07-14,0.00013835696,0,Jaipur,nearest_canonical_atm_euclidean,
6329,5737401f-13a5-5335-9e4c-336a9e870086,2023-11-03,0.00013822746,0,Kolkata,nearest_canonical_atm_euclidean,
6330,06c1e399-5422-598e-8078-2622bf0dc842,2023-10-20,0.0001379962,0,Jaipur,nearest_canonical_atm_euclidean,
6331,7c1562ed-0c51-50a9-b83b-049fcdfe12b4,2023-02-17,0.00013778333,0,Jaipur,nearest_canonical_atm_euclidean,
6332,91abf21e-5b5e-5823-b4f0-c5d40f77d717,2023-03-17,0.00013776652,0,New Delhi,nearest_canonical_atm_euclidean,
6333,b41f1475-dca2-5dc1-938e-9543cd4de399,2023-09-15,0.00013751256,0,Ahmedabad,nearest_canonical_atm_euclidean,
6334,e789fbe5-81bc-554f-9309-2f60d40df893,2023-02-24,0.00013750403,0,Kolkata,nearest_canonical_atm_euclidean,
6335,7c1562ed-0c51-50a9-b83b-049fcdfe12b4,2023-04-07,0.00013741935,0,Jaipur,nearest_canonical_atm_euclidean,
6336,afecdedf-a580-5453-aee1-cce5a1fc6571,2023-03-17,0.00013740834,0,Ahmedabad,nearest_canonical_atm_euclidean,
6337,81a02119-b06c-5fc0-b634-9f212b95825a,2023-07-21,0.00013721993,0,Hyderabad,nearest_canonical_atm_euclidean,
6338,869d900f-916d-59fb-a1c5-980ea46f3005,2023-06-09,0.00013691839,0,Chennai,nearest_canonical_atm_euclidean,
6339,ce707439-e5cd-56de-8ce2-b3a7f8a910c5,2023-02-24,0.00013673287,0,Hyderabad,nearest_canonical_atm_euclidean,
6340,8279eaa3-c5e0-5a20-9db9-075ee86efeb4,2023-05-26,0.00013620715,0,Kolkata,nearest_canonical_atm_euclidean,
6341,8279eaa3-c5e0-5a20-9db9-075ee86efeb4,2023-05-12,0.00013593519,0,Kolkata,nearest_canonical_atm_euclidean,
6342,dce0c68a-90eb-5756-908b-549f801f0816,2023-05-26,0.00013588193,0,Hyderabad,nearest_canonical_atm_euclidean,
6343,d05fbe4b-fcba-52a3-9d29-e0fce9ccdbd9,2023-10-20,0.00013552891,0,New Delhi,nearest_canonical_atm_euclidean,
6344,83a48d15-e769-5c36-ba85-663466038d79,2023-03-31,0.00013542545,0,Kolkata,nearest_canonical_atm_euclidean,
6345,f69a2a75-085f-5b60-b0c2-9aebccd78b03,2023-10-13,0.00013539667,0,Hyderabad,nearest_canonical_atm_euclidean,
6346,ab7406b4-42c4-5a64-a99f-ed1e9a1912a6,2023-09-08,0.0001352275,0,Kolkata,nearest_canonical_atm_euclidean,
6347,46d959a8-3a7a-51b4-a5d0-e6489f19d5ab,2023-03-24,0.00013425451,0,Ahmedabad,nearest_canonical_atm_euclidean,
6348,3e2afad7-44dc-5833-9826-b036621dee60,2023-04-21,0.00013312139,0,Jaipur,nearest_canonical_atm_euclidean,
6349,a891a4aa-b7cd-521d-928f-f58da9655ef5,2023-06-16,0.00013301909,0,Hyderabad,nearest_canonical_atm_euclidean,
6350,94effd11-8fd8-50af-8f4c-b5a629d11375,2023-07-21,0.00013265354,0,Jaipur,nearest_canonical_atm_euclidean,
6351,422e93c8-7fc2-5abd-bd82-7b2eb566f6e6,2023-06-02,0.00013228344,0,Kolkata,nearest_canonical_atm_euclidean,
6352,8d9781e0-0f19-5e72-9add-8fe3b028bb83,2023-03-03,0.0001322422,0,Hyderabad,nearest_canonical_atm_euclidean,
6353,c45eaf1f-d739-587d-8090-276bc5a6a01e,2023-05-12,0.00013199628,0,New Delhi,nearest_canonical_atm_euclidean,
6354,b76d9deb-4963-5298-b5ab-e7aa1216e9a4,2023-11-03,0.00013190205,0,Kolkata,nearest_canonical_atm_euclidean,
6355,14f26062-7d75-550d-ae7d-50ad61eb0e1b,2023-09-15,0.00013154733,0,Jaipur,nearest_canonical_atm_euclidean,
6356,0e0b8e6c-f46a-5dce-b705-93abfbcedab7,2023-06-23,0.0001313781,0,New Delhi,nearest_canonical_atm_euclidean,
6357,de2d188a-a433-5f4b-869a-2ffe30dfc6ab,2023-05-19,0.00013096821,0,Ahmedabad,nearest_canonical_atm_euclidean,
6358,f3b246fb-34cb-5d78-af2d-6a294c2857ba,2023-05-12,0.00013072391,0,Kolkata,nearest_canonical_atm_euclidean,
6359,5773a83b-9871-5a2d-b54c-7edfa60ab72d,2023-09-29,0.00013061552,0,Jaipur,nearest_canonical_atm_euclidean,
6360,90bcf56f-15e8-5317-aff9-2bb508a1d03a,2023-04-14,0.00013051441,0,Chennai,nearest_canonical_atm_euclidean,
6361,cf923010-1ea8-516f-8a40-b3db95dce888,2023-06-30,0.0001305092,0,Chennai,nearest_canonical_atm_euclidean,
6362,e2c14eb0-27b2-5683-922f-22f075a86d45,2023-07-07,0.00013005215,0,Kolkata,nearest_canonical_atm_euclidean,
6363,b76d9deb-4963-5298-b5ab-e7aa1216e9a4,2023-07-28,0.00012983705,0,Kolkata,nearest_canonical_atm_euclidean,
6364,6110b5e8-c838-5a36-af9e-ceec51e0c409,2023-12-15,0.00012978098,0,New Delhi,nearest_canonical_atm_euclidean,
6365,23f00f1f-a233-5e89-8069-27d2584ad221,2023-08-25,0.00012974386,0,Hyderabad,nearest_canonical_atm_euclidean,
6366,f69a2a75-085f-5b60-b0c2-9aebccd78b03,2023-01-06,0.00012933488,0,Hyderabad,nearest_canonical_atm_euclidean,
6367,c5ebb465-883d-56d7-ade4-8ad239491127,2023-11-17,0.00012910494,0,Jaipur,nearest_canonical_atm_euclidean,
6368,67107270-efc6-529d-8ace-22395900dddc,2023-08-04,0.0001291041,0,Ahmedabad,nearest_canonical_atm_euclidean,
6369,06c1e399-5422-598e-8078-2622bf0dc842,2022-12-30,0.00012886635,0,Jaipur,nearest_canonical_atm_euclidean,
6370,b76d9deb-4963-5298-b5ab-e7aa1216e9a4,2023-07-07,0.00012859187,0,Kolkata,nearest_canonical_atm_euclidean,
6371,5773a83b-9871-5a2d-b54c-7edfa60ab72d,2023-07-21,0.00012851624,0,Jaipur,nearest_canonical_atm_euclidean,
6372,4aabdbdc-9536-5b73-bab4-7cbee9886fed,2023-06-30,0.0001283224,0,Hyderabad,nearest_canonical_atm_euclidean,
6373,182ddc72-62c6-5f3b-b7ae-935c5b5e605b,2023-02-24,0.00012827934,0,Jaipur,nearest_canonical_atm_euclidean,
6374,83a48d15-e769-5c36-ba85-663466038d79,2023-06-09,0.00012819606,0,Kolkata,nearest_canonical_atm_euclidean,
6375,6110b5e8-c838-5a36-af9e-ceec51e0c409,2023-01-13,0.00012811663,0,New Delhi,nearest_canonical_atm_euclidean,
6376,ce707439-e5cd-56de-8ce2-b3a7f8a910c5,2023-07-21,0.00012797682,0,Hyderabad,nearest_canonical_atm_euclidean,
6377,07b1cb4d-de17-5ac2-a00b-02cf9e672ff0,2023-09-29,0.00012776344,0,Ahmedabad,nearest_canonical_atm_euclidean,
6378,2e751f5b-ebe1-5162-b43d-482303a259e3,2023-07-28,0.00012760249,0,Kolkata,nearest_canonical_atm_euclidean,
6379,f1f8d2d0-6ea3-5875-acce-a83a08547247,2023-03-24,0.00012727195,0,New Delhi,nearest_canonical_atm_euclidean,
6380,06c1e399-5422-598e-8078-2622bf0dc842,2023-01-13,0.00012725205,0,Jaipur,nearest_canonical_atm_euclidean,
6381,14f26062-7d75-550d-ae7d-50ad61eb0e1b,2023-09-22,0.00012711622,0,Jaipur,nearest_canonical_atm_euclidean,
6382,8d9781e0-0f19-5e72-9add-8fe3b028bb83,2022-12-30,0.00012708775,0,Hyderabad,nearest_canonical_atm_euclidean,
6383,46d959a8-3a7a-51b4-a5d0-e6489f19d5ab,2023-03-10,0.00012676146,0,Ahmedabad,nearest_canonical_atm_euclidean,
6384,4e782d22-24b2-5334-ad26-772dec5c36d3,2023-03-10,0.00012670731,0,Jaipur,nearest_canonical_atm_euclidean,
6385,7c1562ed-0c51-50a9-b83b-049fcdfe12b4,2023-03-03,0.00012618967,0,Jaipur,nearest_canonical_atm_euclidean,
6386,94effd11-8fd8-50af-8f4c-b5a629d11375,2023-10-27,0.00012600415,0,Jaipur,nearest_canonical_atm_euclidean,
6387,b2e6f33c-17a1-547b-a103-0541efcaee5d,2023-09-29,0.00012595886,0,Ahmedabad,nearest_canonical_atm_euclidean,
6388,7c1562ed-0c51-50a9-b83b-049fcdfe12b4,2023-12-15,0.00012587206,0,Jaipur,nearest_canonical_atm_euclidean,
6389,4aabdbdc-9536-5b73-bab4-7cbee9886fed,2023-05-12,0.00012580559,0,Hyderabad,nearest_canonical_atm_euclidean,
6390,9ec9c0ef-9209-5a42-84e8-2013032e9b9e,2023-11-10,0.00012572763,0,Chennai,nearest_canonical_atm_euclidean,
6391,d3483408-08a1-5840-8a4f-e2a5d47c989b,2023-12-08,0.00012567992,0,Chennai,nearest_canonical_atm_euclidean,
6392,f1f8d2d0-6ea3-5875-acce-a83a08547247,2023-10-13,0.00012566446,0,New Delhi,nearest_canonical_atm_euclidean,
6393,0e0b8e6c-f46a-5dce-b705-93abfbcedab7,2023-01-20,0.00012543006,0,New Delhi,nearest_canonical_atm_euclidean,
6394,65a9af02-f38e-5bc1-a908-6a3a653df0fc,2023-06-02,0.00012526846,0,Ahmedabad,nearest_canonical_atm_euclidean,
6395,2e751f5b-ebe1-5162-b43d-482303a259e3,2023-10-20,0.00012503407,0,Kolkata,nearest_canonical_atm_euclidean,
6396,67107270-efc6-529d-8ace-22395900dddc,2023-06-09,0.0001250001,0,Ahmedabad,nearest_canonical_atm_euclidean,
6397,23f00f1f-a233-5e89-8069-27d2584ad221,2023-03-31,0.00012496376,0,Hyderabad,nearest_canonical_atm_euclidean,
6398,f801c521-91da-5b20-88bb-185c236cf141,2023-03-17,0.00012484012,0,Jaipur,nearest_canonical_atm_euclidean,
6399,afecdedf-a580-5453-aee1-cce5a1fc6571,2023-06-16,0.00012469474,0,Ahmedabad,nearest_canonical_atm_euclidean,
6400,46d959a8-3a7a-51b4-a5d0-e6489f19d5ab,2023-10-27,0.00012437577,0,Ahmedabad,nearest_canonical_atm_euclidean,
6401,41adf9c7-e4f5-56f8-a964-fecf7428833b,2023-04-28,0.00012433818,0,Jaipur,nearest_canonical_atm_euclidean,
6402,2e751f5b-ebe1-5162-b43d-482303a259e3,2023-10-27,0.0001242218,0,Kolkata,nearest_canonical_atm_euclidean,
6403,b76d9deb-4963-5298-b5ab-e7aa1216e9a4,2023-12-08,0.00012282793,0,Kolkata,nearest_canonical_atm_euclidean,
6404,c1ef55eb-7ba3-5dca-9329-fa76b3327004,2023-11-17,0.00012255905,0,Chennai,nearest_canonical_atm_euclidean,
6405,59fb71b7-27d2-56ae-87ab-548765379b67,2023-02-10,0.00012212124,0,Bengaluru,nearest_canonical_atm_euclidean,
6406,1d7d8374-7d25-5244-9349-2dba7c91bf60,2023-04-14,0.00012205908,0,Ahmedabad,nearest_canonical_atm_euclidean,
6407,14e22c3d-5500-5971-b937-f612a3b05543,2023-05-26,0.000122052676,0,Chennai,nearest_canonical_atm_euclidean,
6408,b2e6f33c-17a1-547b-a103-0541efcaee5d,2023-07-21,0.000122048375,0,Ahmedabad,nearest_canonical_atm_euclidean,
6409,b76d9deb-4963-5298-b5ab-e7aa1216e9a4,2023-02-03,0.00012200764,0,Kolkata,nearest_canonical_atm_euclidean,
6410,c5ebb465-883d-56d7-ade4-8ad239491127,2023-11-24,0.00012143415,0,Jaipur,nearest_canonical_atm_euclidean,
6411,ab7406b4-42c4-5a64-a99f-ed1e9a1912a6,2023-02-17,0.00012140127,0,Kolkata,nearest_canonical_atm_euclidean,
6412,eade7219-66ba-5894-8964-9eff10228818,2023-04-14,0.000121388526,0,Jaipur,nearest_canonical_atm_euclidean,
6413,5773a83b-9871-5a2d-b54c-7edfa60ab72d,2023-09-15,0.000121084944,0,Jaipur,nearest_canonical_atm_euclidean,
6414,f1f8d2d0-6ea3-5875-acce-a83a08547247,2023-10-27,0.00012086854,0,New Delhi,nearest_canonical_atm_euclidean,
6415,94effd11-8fd8-50af-8f4c-b5a629d11375,2023-09-29,0.00012008265,0,Jaipur,nearest_canonical_atm_euclidean,
6416,4cc4f0b0-6522-5752-8674-65bde1e7ee07,2023-11-03,0.0001200562,0,Hyderabad,nearest_canonical_atm_euclidean,
6417,06c1e399-5422-598e-8078-2622bf0dc842,2023-03-03,0.00012001671,0,Jaipur,nearest_canonical_atm_euclidean,
6418,b8864095-68a2-5748-a216-676e811b321c,2023-01-20,0.000119716904,0,Chennai,nearest_canonical_atm_euclidean,
6419,90bcf56f-15e8-5317-aff9-2bb508a1d03a,2023-05-26,0.00011946111,0,Chennai,nearest_canonical_atm_euclidean,
6420,07b1cb4d-de17-5ac2-a00b-02cf9e672ff0,2023-06-23,0.00011941567,0,Ahmedabad,nearest_canonical_atm_euclidean,
6421,f801c521-91da-5b20-88bb-185c236cf141,2023-03-03,0.000119018136,0,Jaipur,nearest_canonical_atm_euclidean,
6422,e2c14eb0-27b2-5683-922f-22f075a86d45,2023-10-13,0.0001187695,0,Kolkata,nearest_canonical_atm_euclidean,
6423,e59ea14d-6014-54fe-bc4f-daf0d4c133e3,2023-03-24,0.00011807538,0,Ahmedabad,nearest_canonical_atm_euclidean,
6424,5773a83b-9871-5a2d-b54c-7edfa60ab72d,2023-12-15,0.000117935844,0,Jaipur,nearest_canonical_atm_euclidean,
6425,f9c8bdaf-f2d5-519b-81d4-759a53bf1015,2023-06-09,0.00011782298,0,Chennai,nearest_canonical_atm_euclidean,
6426,dce0c68a-90eb-5756-908b-549f801f0816,2023-06-23,0.00011728494,0,Hyderabad,nearest_canonical_atm_euclidean,
6427,182ddc72-62c6-5f3b-b7ae-935c5b5e605b,2023-06-30,0.000117102325,0,Jaipur,nearest_canonical_atm_euclidean,
6428,91abf21e-5b5e-5823-b4f0-c5d40f77d717,2022-12-30,0.000116604475,0,New Delhi,nearest_canonical_atm_euclidean,
6429,b76d9deb-4963-5298-b5ab-e7aa1216e9a4,2023-04-21,0.00011655679,0,Kolkata,nearest_canonical_atm_euclidean,
6430,f9c8bdaf-f2d5-519b-81d4-759a53bf1015,2023-04-14,0.00011627005,0,Chennai,nearest_canonical_atm_euclidean,
6431,e59ea14d-6014-54fe-bc4f-daf0d4c133e3,2023-04-14,0.00011598988,0,Ahmedabad,nearest_canonical_atm_euclidean,
6432,e789fbe5-81bc-554f-9309-2f60d40df893,2023-09-22,0.00011583625,0,Kolkata,nearest_canonical_atm_euclidean,
6433,51f7f7da-0718-5063-91b2-d743096e78e1,2023-07-21,0.00011569318,0,Bengaluru,nearest_canonical_atm_euclidean,
6434,a891a4aa-b7cd-521d-928f-f58da9655ef5,2023-02-17,0.00011541475,0,Hyderabad,nearest_canonical_atm_euclidean,
6435,07b1cb4d-de17-5ac2-a00b-02cf9e672ff0,2023-09-22,0.00011513224,0,Ahmedabad,nearest_canonical_atm_euclidean,
6436,f69a2a75-085f-5b60-b0c2-9aebccd78b03,2023-05-05,0.000114743816,0,Hyderabad,nearest_canonical_atm_euclidean,
6437,f3b246fb-34cb-5d78-af2d-6a294c2857ba,2023-06-09,0.00011461259,0,Kolkata,nearest_canonical_atm_euclidean,
6438,2e751f5b-ebe1-5162-b43d-482303a259e3,2023-10-06,0.00011457641,0,Kolkata,nearest_canonical_atm_euclidean,
6439,0e0b8e6c-f46a-5dce-b705-93abfbcedab7,2023-01-06,0.00011432989,0,New Delhi,nearest_canonical_atm_euclidean,
6440,46d959a8-3a7a-51b4-a5d0-e6489f19d5ab,2023-02-03,0.00011415123,0,Ahmedabad,nearest_canonical_atm_euclidean,
6441,ab7406b4-42c4-5a64-a99f-ed1e9a1912a6,2023-01-06,0.00011412239,0,Kolkata,nearest_canonical_atm_euclidean,
6442,cf923010-1ea8-516f-8a40-b3db95dce888,2023-03-17,0.00011352975,0,Chennai,nearest_canonical_atm_euclidean,
6443,0e83a772-d0c1-5d38-9f1f-4a51eb7ee575,2023-10-06,0.00011351329,0,Kolkata,nearest_canonical_atm_euclidean,
6444,869d900f-916d-59fb-a1c5-980ea46f3005,2023-09-22,0.000113429975,0,Chennai,nearest_canonical_atm_euclidean,
6445,4e782d22-24b2-5334-ad26-772dec5c36d3,2023-07-21,0.00011339807,0,Jaipur,nearest_canonical_atm_euclidean,
6446,0e83a772-d0c1-5d38-9f1f-4a51eb7ee575,2023-11-10,0.000112872054,0,Kolkata,nearest_canonical_atm_euclidean,
6447,e789fbe5-81bc-554f-9309-2f60d40df893,2023-05-26,0.000112561735,0,Kolkata,nearest_canonical_atm_euclidean,
6448,e2c14eb0-27b2-5683-922f-22f075a86d45,2023-06-30,0.00011252675,0,Kolkata,nearest_canonical_atm_euclidean,
6449,b73cca25-bce0-5c18-8339-4e08c62ff897,2023-12-08,0.00011230443,0,Kolkata,nearest_canonical_atm_euclidean,
6450,7c8fbbb0-7633-546c-b927-1accdba2044a,2023-02-10,0.00011221409,0,Chennai,nearest_canonical_atm_euclidean,
6451,a891a4aa-b7cd-521d-928f-f58da9655ef5,2023-06-23,0.00011199154,0,Hyderabad,nearest_canonical_atm_euclidean,
6452,c5ebb465-883d-56d7-ade4-8ad239491127,2023-04-21,0.00011185257,0,Jaipur,nearest_canonical_atm_euclidean,
6453,a9c5b13b-e31b-5d61-b111-d30041fcd1e9,2023-01-20,0.00011118444,0,Ahmedabad,nearest_canonical_atm_euclidean,
6454,d3483408-08a1-5840-8a4f-e2a5d47c989b,2023-09-29,0.00011112721,0,Chennai,nearest_canonical_atm_euclidean,
6455,f69a2a75-085f-5b60-b0c2-9aebccd78b03,2023-06-23,0.000111103254,0,Hyderabad,nearest_canonical_atm_euclidean,
6456,f3b246fb-34cb-5d78-af2d-6a294c2857ba,2023-01-06,0.00011100456,0,Kolkata,nearest_canonical_atm_euclidean,
6457,81697ea2-f5de-540b-a729-ead84b45e611,2023-03-31,0.00011064145,0,Mumbai,nearest_canonical_atm_euclidean,
6458,a891a4aa-b7cd-521d-928f-f58da9655ef5,2023-07-28,0.00011013398,0,Hyderabad,nearest_canonical_atm_euclidean,
6459,94effd11-8fd8-50af-8f4c-b5a629d11375,2023-09-22,0.00010943437,0,Jaipur,nearest_canonical_atm_euclidean,
6460,cf923010-1ea8-516f-8a40-b3db95dce888,2023-12-08,0.00010823012,0,Chennai,nearest_canonical_atm_euclidean,
6461,67107270-efc6-529d-8ace-22395900dddc,2023-08-11,0.00010793083,0,Ahmedabad,nearest_canonical_atm_euclidean,
6462,4aabdbdc-9536-5b73-bab4-7cbee9886fed,2023-07-07,0.00010765997,0,Hyderabad,nearest_canonical_atm_euclidean,
6463,4407e36e-71bc-5526-9a73-9f76e801cc45,2023-10-06,0.000107657404,0,Kolkata,nearest_canonical_atm_euclidean,
6464,c5ebb465-883d-56d7-ade4-8ad239491127,2023-06-16,0.00010763031,0,Jaipur,nearest_canonical_atm_euclidean,
6465,b2e6f33c-17a1-547b-a103-0541efcaee5d,2023-05-12,0.00010762888,0,Ahmedabad,nearest_canonical_atm_euclidean,
6466,91abf21e-5b5e-5823-b4f0-c5d40f77d717,2023-09-08,0.000107600245,0,New Delhi,nearest_canonical_atm_euclidean,
6467,9adf3d58-2b6f-5de3-8510-5cc671d1d2e8,2023-12-01,0.00010746633,0,Ahmedabad,nearest_canonical_atm_euclidean,
6468,3e2afad7-44dc-5833-9826-b036621dee60,2023-06-16,0.00010736267,0,Jaipur,nearest_canonical_atm_euclidean,
6469,4cc4f0b0-6522-5752-8674-65bde1e7ee07,2023-01-27,0.00010689419,0,Hyderabad,nearest_canonical_atm_euclidean,
6470,46d959a8-3a7a-51b4-a5d0-e6489f19d5ab,2023-07-07,0.000106883585,0,Ahmedabad,nearest_canonical_atm_euclidean,
6471,4e782d22-24b2-5334-ad26-772dec5c36d3,2023-06-16,0.00010664627,0,Jaipur,nearest_canonical_atm_euclidean,
6472,07b1cb4d-de17-5ac2-a00b-02cf9e672ff0,2023-11-24,0.00010640563,0,Ahmedabad,nearest_canonical_atm_euclidean,
6473,06c1e399-5422-598e-8078-2622bf0dc842,2023-02-10,0.0001062037,0,Jaipur,nearest_canonical_atm_euclidean,
6474,b73cca25-bce0-5c18-8339-4e08c62ff897,2022-12-30,0.000105243045,0,Kolkata,nearest_canonical_atm_euclidean,
6475,7bb876b7-d98c-59b9-bfe7-5d6d8706898d,2023-07-28,0.00010515737,0,New Delhi,nearest_canonical_atm_euclidean,
6476,3aa4e1f6-58c6-5cbb-a302-28689bbca879,2023-05-26,0.00010498745,0,Bengaluru,nearest_canonical_atm_euclidean,
6477,41174545-6f86-5ccc-94c0-7054225d58ad,2023-07-14,0.00010475084,0,Chennai,nearest_canonical_atm_euclidean,
6478,4aabdbdc-9536-5b73-bab4-7cbee9886fed,2023-06-02,0.00010467386,0,Hyderabad,nearest_canonical_atm_euclidean,
6479,d69d9b0a-1678-5866-b094-3f5f19c0c205,2023-11-24,0.00010446295,0,Ahmedabad,nearest_canonical_atm_euclidean,
6480,b3dc96a5-31cc-51a8-a4bc-4d47da6df377,2023-10-20,0.0001040735,0,New Delhi,nearest_canonical_atm_euclidean,
6481,6ded4d28-8bc2-5507-85db-b9ec23a0756c,2023-06-09,0.00010368936,0,Mumbai,nearest_canonical_atm_euclidean,
6482,182ddc72-62c6-5f3b-b7ae-935c5b5e605b,2023-06-16,0.00010359664,0,Jaipur,nearest_canonical_atm_euclidean,
6483,a891a4aa-b7cd-521d-928f-f58da9655ef5,2023-03-03,0.00010357245,0,Hyderabad,nearest_canonical_atm_euclidean,
6484,4e782d22-24b2-5334-ad26-772dec5c36d3,2023-04-14,0.000103269,0,Jaipur,nearest_canonical_atm_euclidean,
6485,d96fb612-761a-52d1-8bfd-a2368e7f9fd3,2023-07-21,0.00010246524,0,Jaipur,nearest_canonical_atm_euclidean,
6486,9ec9c0ef-9209-5a42-84e8-2013032e9b9e,2023-10-20,0.0001020624,0,Chennai,nearest_canonical_atm_euclidean,
6487,8df3fb3f-36b9-5e62-b1aa-54e0ed960822,2023-11-24,0.00010194559,0,Mumbai,nearest_canonical_atm_euclidean,
6488,b76d9deb-4963-5298-b5ab-e7aa1216e9a4,2023-04-14,0.00010180045,0,Kolkata,nearest_canonical_atm_euclidean,
6489,dce0c68a-90eb-5756-908b-549f801f0816,2023-03-17,0.000101787344,0,Hyderabad,nearest_canonical_atm_euclidean,
6490,5773a83b-9871-5a2d-b54c-7edfa60ab72d,2023-02-03,0.00010170943,0,Jaipur,nearest_canonical_atm_euclidean,
6491,9ec9c0ef-9209-5a42-84e8-2013032e9b9e,2023-11-03,0.00010055979,0,Chennai,nearest_canonical_atm_euclidean,
6492,0e0b8e6c-f46a-5dce-b705-93abfbcedab7,2023-05-05,0.00010046451,0,New Delhi,nearest_canonical_atm_euclidean,
6493,51f7f7da-0718-5063-91b2-d743096e78e1,2023-06-02,0.00010044324,0,Bengaluru,nearest_canonical_atm_euclidean,
6494,b73cca25-bce0-5c18-8339-4e08c62ff897,2023-02-17,0.00010037336,0,Kolkata,nearest_canonical_atm_euclidean,
6495,7c8fbbb0-7633-546c-b927-1accdba2044a,2023-09-22,0.00010036369,0,Chennai,nearest_canonical_atm_euclidean,
6496,c5ebb465-883d-56d7-ade4-8ad239491127,2023-03-03,9.9906014e-05,0,Jaipur,nearest_canonical_atm_euclidean,
6497,83a48d15-e769-5c36-ba85-663466038d79,2023-04-28,9.988468e-05,0,Kolkata,nearest_canonical_atm_euclidean,
6498,6ded4d28-8bc2-5507-85db-b9ec23a0756c,2023-09-29,9.9713565e-05,0,Mumbai,nearest_canonical_atm_euclidean,
6499,ab7406b4-42c4-5a64-a99f-ed1e9a1912a6,2023-10-13,9.951438e-05,0,Kolkata,nearest_canonical_atm_euclidean,
6500,4e782d22-24b2-5334-ad26-772dec5c36d3,2023-07-07,9.9480036e-05,0,Jaipur,nearest_canonical_atm_euclidean,
6501,c5ebb465-883d-56d7-ade4-8ad239491127,2023-10-13,9.933216e-05,0,Jaipur,nearest_canonical_atm_euclidean,
6502,f1f8d2d0-6ea3-5875-acce-a83a08547247,2023-10-20,9.905586e-05,0,New Delhi,nearest_canonical_atm_euclidean,
6503,b8864095-68a2-5748-a216-676e811b321c,2023-05-19,9.904227e-05,0,Chennai,nearest_canonical_atm_euclidean,
6504,07b1cb4d-de17-5ac2-a00b-02cf9e672ff0,2023-01-27,9.899393e-05,0,Ahmedabad,nearest_canonical_atm_euclidean,
6505,b41f1475-dca2-5dc1-938e-9543cd4de399,2023-10-06,9.894853e-05,0,Ahmedabad,nearest_canonical_atm_euclidean,
6506,4e782d22-24b2-5334-ad26-772dec5c36d3,2023-09-08,9.887995e-05,0,Jaipur,nearest_canonical_atm_euclidean,
6507,4aabdbdc-9536-5b73-bab4-7cbee9886fed,2023-02-17,9.8435434e-05,0,Hyderabad,nearest_canonical_atm_euclidean,
6508,f69a2a75-085f-5b60-b0c2-9aebccd78b03,2023-06-30,9.819365e-05,0,Hyderabad,nearest_canonical_atm_euclidean,
6509,9ec9c0ef-9209-5a42-84e8-2013032e9b9e,2023-06-02,9.809005e-05,0,Chennai,nearest_canonical_atm_euclidean,
6510,051674e2-a8c4-5111-bf54-2c937a9c722a,2023-05-26,9.8063494e-05,0,New Delhi,nearest_canonical_atm_euclidean,
6511,3e2afad7-44dc-5833-9826-b036621dee60,2023-08-18,9.8016935e-05,0,Jaipur,nearest_canonical_atm_euclidean,
6512,e789fbe5-81bc-554f-9309-2f60d40df893,2023-09-08,9.7664444e-05,0,Kolkata,nearest_canonical_atm_euclidean,
6513,ea588019-c786-57ab-8c8d-be7ada3e3273,2023-05-26,9.7471944e-05,0,Hyderabad,nearest_canonical_atm_euclidean,
6514,dce0c68a-90eb-5756-908b-549f801f0816,2023-03-24,9.7284654e-05,0,Hyderabad,nearest_canonical_atm_euclidean,
6515,c5ebb465-883d-56d7-ade4-8ad239491127,2023-09-08,9.703737e-05,0,Jaipur,nearest_canonical_atm_euclidean,
6516,9f8333ec-0af9-502c-8e87-21bd0e5ef301,2023-05-05,9.700212e-05,0,Kolkata,nearest_canonical_atm_euclidean,
6517,9adf3d58-2b6f-5de3-8510-5cc671d1d2e8,2023-08-25,9.678887e-05,0,Ahmedabad,nearest_canonical_atm_euclidean,
6518,14f26062-7d75-550d-ae7d-50ad61eb0e1b,2023-01-20,9.653769e-05,0,Jaipur,nearest_canonical_atm_euclidean,
6519,2e751f5b-ebe1-5162-b43d-482303a259e3,2022-12-30,9.604589e-05,0,Kolkata,nearest_canonical_atm_euclidean,
6520,b73cca25-bce0-5c18-8339-4e08c62ff897,2023-05-26,9.5813266e-05,0,Kolkata,nearest_canonical_atm_euclidean,
6521,f801c521-91da-5b20-88bb-185c236cf141,2023-04-07,9.580194e-05,0,Jaipur,nearest_canonical_atm_euclidean,
6522,b73cca25-bce0-5c18-8339-4e08c62ff897,2023-10-06,9.569848e-05,0,Kolkata,nearest_canonical_atm_euclidean,
6523,0e83a772-d0c1-5d38-9f1f-4a51eb7ee575,2023-11-03,9.543584e-05,0,Kolkata,nearest_canonical_atm_euclidean,
6524,f69a2a75-085f-5b60-b0c2-9aebccd78b03,2023-04-28,9.4969495e-05,0,Hyderabad,nearest_canonical_atm_euclidean,
6525,b76d9deb-4963-5298-b5ab-e7aa1216e9a4,2023-07-14,9.477427e-05,0,Kolkata,nearest_canonical_atm_euclidean,
6526,9f8333ec-0af9-502c-8e87-21bd0e5ef301,2023-11-17,9.472538e-05,0,Kolkata,nearest_canonical_atm_euclidean,
6527,c5ebb465-883d-56d7-ade4-8ad239491127,2023-01-06,9.46424e-05,0,Jaipur,nearest_canonical_atm_euclidean,
6528,d3483408-08a1-5840-8a4f-e2a5d47c989b,2023-06-16,9.440093e-05,0,Chennai,nearest_canonical_atm_euclidean,
6529,c5ebb465-883d-56d7-ade4-8ad239491127,2023-05-05,9.4178846e-05,0,Jaipur,nearest_canonical_atm_euclidean,
6530,ab7406b4-42c4-5a64-a99f-ed1e9a1912a6,2023-08-11,9.391438e-05,0,Kolkata,nearest_canonical_atm_euclidean,
6531,06c1e399-5422-598e-8078-2622bf0dc842,2023-07-14,9.3564784e-05,0,Jaipur,nearest_canonical_atm_euclidean,
6532,964994af-c467-5422-8727-4914e98a9b1b,2023-03-10,9.329055e-05,0,Hyderabad,nearest_canonical_atm_euclidean,
6533,f1f8d2d0-6ea3-5875-acce-a83a08547247,2023-06-09,9.303248e-05,0,New Delhi,nearest_canonical_atm_euclidean,
6534,51f7f7da-0718-5063-91b2-d743096e78e1,2023-11-10,9.300854e-05,0,Bengaluru,nearest_canonical_atm_euclidean,
6535,ab7406b4-42c4-5a64-a99f-ed1e9a1912a6,2023-06-30,9.28469e-05,0,Kolkata,nearest_canonical_atm_euclidean,
6536,c1ef55eb-7ba3-5dca-9329-fa76b3327004,2023-03-03,9.217522e-05,0,Chennai,nearest_canonical_atm_euclidean,
6537,3e2afad7-44dc-5833-9826-b036621dee60,2023-05-05,9.211178e-05,0,Jaipur,nearest_canonical_atm_euclidean,
6538,b8864095-68a2-5748-a216-676e811b321c,2023-11-24,9.1867914e-05,0,Chennai,nearest_canonical_atm_euclidean,
6539,6ded4d28-8bc2-5507-85db-b9ec23a0756c,2023-07-28,9.1813876e-05,0,Mumbai,nearest_canonical_atm_euclidean,
6540,3e2afad7-44dc-5833-9826-b036621dee60,2023-01-20,9.156793e-05,0,Jaipur,nearest_canonical_atm_euclidean,
6541,51f7f7da-0718-5063-91b2-d743096e78e1,2023-07-14,9.143356e-05,0,Bengaluru,nearest_canonical_atm_euclidean,
6542,1af29445-7edb-54fb-a987-f6ba18f4dcc3,2023-12-01,9.1379596e-05,0,Bengaluru,nearest_canonical_atm_euclidean,
6543,a9c5b13b-e31b-5d61-b111-d30041fcd1e9,2023-04-07,9.135041e-05,0,Ahmedabad,nearest_canonical_atm_euclidean,
6544,6e2eb94c-abea-566d-881f-33304c81d95b,2023-09-29,9.118419e-05,0,Hyderabad,nearest_canonical_atm_euclidean,
6545,07b1cb4d-de17-5ac2-a00b-02cf9e672ff0,2023-12-08,9.1182104e-05,0,Ahmedabad,nearest_canonical_atm_euclidean,
6546,9b0bfc62-59d8-573e-81b2-fee4669a409a,2023-11-17,9.0952744e-05,0,Hyderabad,nearest_canonical_atm_euclidean,
6547,7c1562ed-0c51-50a9-b83b-049fcdfe12b4,2023-02-24,9.086631e-05,0,Jaipur,nearest_canonical_atm_euclidean,
6548,5773a83b-9871-5a2d-b54c-7edfa60ab72d,2023-05-19,9.0615635e-05,0,Jaipur,nearest_canonical_atm_euclidean,
6549,38ef268a-dcd0-56f8-8c8f-954520b5c33b,2023-02-17,9.04944e-05,0,Ahmedabad,nearest_canonical_atm_euclidean,
6550,4cc4f0b0-6522-5752-8674-65bde1e7ee07,2023-09-29,9.041082e-05,0,Hyderabad,nearest_canonical_atm_euclidean,
6551,e3c72b40-457d-5627-b578-4da7a09c1fc1,2023-02-10,9.022187e-05,0,New Delhi,nearest_canonical_atm_euclidean,
6552,47b40f44-e493-5f2d-b12c-8a7eb6ccd6f4,2023-10-20,9.0212576e-05,0,Jaipur,nearest_canonical_atm_euclidean,
6553,9f8333ec-0af9-502c-8e87-21bd0e5ef301,2023-09-29,9.011302e-05,0,Kolkata,nearest_canonical_atm_euclidean,
6554,46d959a8-3a7a-51b4-a5d0-e6489f19d5ab,2023-11-10,8.99819e-05,0,Ahmedabad,nearest_canonical_atm_euclidean,
6555,4e782d22-24b2-5334-ad26-772dec5c36d3,2023-02-17,8.949507e-05,0,Jaipur,nearest_canonical_atm_euclidean,
6556,9b0bfc62-59d8-573e-81b2-fee4669a409a,2023-12-08,8.919764e-05,0,Hyderabad,nearest_canonical_atm_euclidean,
6557,4e782d22-24b2-5334-ad26-772dec5c36d3,2023-11-03,8.897209e-05,0,Jaipur,nearest_canonical_atm_euclidean,
6558,182ddc72-62c6-5f3b-b7ae-935c5b5e605b,2023-07-14,8.8967085e-05,0,Jaipur,nearest_canonical_atm_euclidean,
6559,4cc4f0b0-6522-5752-8674-65bde1e7ee07,2023-01-20,8.89084e-05,0,Hyderabad,nearest_canonical_atm_euclidean,
6560,f69a2a75-085f-5b60-b0c2-9aebccd78b03,2023-06-09,8.826183e-05,0,Hyderabad,nearest_canonical_atm_euclidean,
6561,f69a2a75-085f-5b60-b0c2-9aebccd78b03,2023-08-11,8.8119465e-05,0,Hyderabad,nearest_canonical_atm_euclidean,
6562,9f8333ec-0af9-502c-8e87-21bd0e5ef301,2023-06-09,8.797119e-05,0,Kolkata,nearest_canonical_atm_euclidean,
6563,4e782d22-24b2-5334-ad26-772dec5c36d3,2023-06-09,8.7895554e-05,0,Jaipur,nearest_canonical_atm_euclidean,
6564,b8864095-68a2-5748-a216-676e811b321c,2023-07-14,8.766753e-05,0,Chennai,nearest_canonical_atm_euclidean,
6565,91abf21e-5b5e-5823-b4f0-c5d40f77d717,2023-09-29,8.743777e-05,0,New Delhi,nearest_canonical_atm_euclidean,
6566,d3483408-08a1-5840-8a4f-e2a5d47c989b,2022-12-30,8.7410095e-05,0,Chennai,nearest_canonical_atm_euclidean,
6567,47b40f44-e493-5f2d-b12c-8a7eb6ccd6f4,2023-04-14,8.7382425e-05,0,Jaipur,nearest_canonical_atm_euclidean,
6568,dce0c68a-90eb-5756-908b-549f801f0816,2023-06-16,8.737093e-05,0,Hyderabad,nearest_canonical_atm_euclidean,
6569,5737401f-13a5-5335-9e4c-336a9e870086,2023-01-06,8.7086446e-05,0,Kolkata,nearest_canonical_atm_euclidean,
6570,23f00f1f-a233-5e89-8069-27d2584ad221,2023-03-17,8.685233e-05,0,Hyderabad,nearest_canonical_atm_euclidean,
6571,41174545-6f86-5ccc-94c0-7054225d58ad,2023-10-20,8.682451e-05,0,Chennai,nearest_canonical_atm_euclidean,
6572,c5ebb465-883d-56d7-ade4-8ad239491127,2023-04-28,8.674679e-05,0,Jaipur,nearest_canonical_atm_euclidean,
6573,afecdedf-a580-5453-aee1-cce5a1fc6571,2023-01-13,8.60082e-05,0,Ahmedabad,nearest_canonical_atm_euclidean,
6574,a891a4aa-b7cd-521d-928f-f58da9655ef5,2023-06-30,8.5436805e-05,0,Hyderabad,nearest_canonical_atm_euclidean,
6575,07b1cb4d-de17-5ac2-a00b-02cf9e672ff0,2023-01-06,8.529882e-05,0,Ahmedabad,nearest_canonical_atm_euclidean,
6576,34ff42c5-aa0c-58b5-b153-3aa920bff5c7,2023-01-20,8.5098305e-05,0,Chennai,nearest_canonical_atm_euclidean,
6577,5737401f-13a5-5335-9e4c-336a9e870086,2023-07-07,8.499247e-05,0,Kolkata,nearest_canonical_atm_euclidean,
6578,23f00f1f-a233-5e89-8069-27d2584ad221,2023-02-10,8.497967e-05,0,Hyderabad,nearest_canonical_atm_euclidean,
6579,4e782d22-24b2-5334-ad26-772dec5c36d3,2023-03-03,8.453885e-05,0,Jaipur,nearest_canonical_atm_euclidean,
6580,d3483408-08a1-5840-8a4f-e2a5d47c989b,2023-11-24,8.435508e-05,0,Chennai,nearest_canonical_atm_euclidean,
6581,9f8333ec-0af9-502c-8e87-21bd0e5ef301,2023-03-03,8.320402e-05,0,Kolkata,nearest_canonical_atm_euclidean,
6582,6110b5e8-c838-5a36-af9e-ceec51e0c409,2023-06-09,8.28991e-05,0,New Delhi,nearest_canonical_atm_euclidean,
6583,c5ebb465-883d-56d7-ade4-8ad239491127,2023-10-20,8.248387e-05,0,Jaipur,nearest_canonical_atm_euclidean,
6584,e2c14eb0-27b2-5683-922f-22f075a86d45,2023-11-24,8.235866e-05,0,Kolkata,nearest_canonical_atm_euclidean,
6585,5737401f-13a5-5335-9e4c-336a9e870086,2023-07-14,8.1722625e-05,0,Kolkata,nearest_canonical_atm_euclidean,
6586,07b1cb4d-de17-5ac2-a00b-02cf9e672ff0,2023-02-24,8.1677514e-05,0,Ahmedabad,nearest_canonical_atm_euclidean,
6587,7bb876b7-d98c-59b9-bfe7-5d6d8706898d,2023-01-20,8.144792e-05,0,New Delhi,nearest_canonical_atm_euclidean,
6588,5773a83b-9871-5a2d-b54c-7edfa60ab72d,2023-08-18,8.054863e-05,0,Jaipur,nearest_canonical_atm_euclidean,
6589,c5ebb465-883d-56d7-ade4-8ad239491127,2023-05-26,8.034326e-05,0,Jaipur,nearest_canonical_atm_euclidean,
6590,08c99329-0e59-5327-8796-9fef243ca011,2023-06-09,8.0127036e-05,0,Bengaluru,nearest_canonical_atm_euclidean,
6591,7c8fbbb0-7633-546c-b927-1accdba2044a,2023-10-20,8.00283e-05,0,Chennai,nearest_canonical_atm_euclidean,
6592,67107270-efc6-529d-8ace-22395900dddc,2023-10-06,7.9897145e-05,0,Ahmedabad,nearest_canonical_atm_euclidean,
6593,3e2afad7-44dc-5833-9826-b036621dee60,2023-11-10,7.985396e-05,0,Jaipur,nearest_canonical_atm_euclidean,
6594,5773a83b-9871-5a2d-b54c-7edfa60ab72d,2023-03-03,7.967567e-05,0,Jaipur,nearest_canonical_atm_euclidean,
6595,90bcf56f-15e8-5317-aff9-2bb508a1d03a,2023-02-03,7.930848e-05,0,Chennai,nearest_canonical_atm_euclidean,
6596,7c8fbbb0-7633-546c-b927-1accdba2044a,2023-09-01,7.921249e-05,0,Chennai,nearest_canonical_atm_euclidean,
6597,59684263-0e01-5fc5-9de6-966d650e19e5,2023-04-14,7.914136e-05,0,Mumbai,nearest_canonical_atm_euclidean,
6598,c1ef55eb-7ba3-5dca-9329-fa76b3327004,2023-11-24,7.913532e-05,0,Chennai,nearest_canonical_atm_euclidean,
6599,c5ebb465-883d-56d7-ade4-8ad239491127,2023-01-20,7.893989e-05,0,Jaipur,nearest_canonical_atm_euclidean,
6600,51f7f7da-0718-5063-91b2-d743096e78e1,2023-03-10,7.862196e-05,0,Bengaluru,nearest_canonical_atm_euclidean,
6601,182ddc72-62c6-5f3b-b7ae-935c5b5e605b,2023-08-25,7.859093e-05,0,Jaipur,nearest_canonical_atm_euclidean,
6602,59fb71b7-27d2-56ae-87ab-548765379b67,2023-03-03,7.853916e-05,0,Bengaluru,nearest_canonical_atm_euclidean,
6603,3aa4e1f6-58c6-5cbb-a302-28689bbca879,2023-08-18,7.848615e-05,0,Bengaluru,nearest_canonical_atm_euclidean,
6604,a891a4aa-b7cd-521d-928f-f58da9655ef5,2023-08-18,7.835416e-05,0,Hyderabad,nearest_canonical_atm_euclidean,
6605,dce0c68a-90eb-5756-908b-549f801f0816,2023-10-27,7.830554e-05,0,Hyderabad,nearest_canonical_atm_euclidean,
6606,9f8333ec-0af9-502c-8e87-21bd0e5ef301,2023-04-21,7.815701e-05,0,Kolkata,nearest_canonical_atm_euclidean,
6607,7c1562ed-0c51-50a9-b83b-049fcdfe12b4,2023-07-28,7.781239e-05,0,Jaipur,nearest_canonical_atm_euclidean,
6608,83a48d15-e769-5c36-ba85-663466038d79,2023-06-23,7.773244e-05,0,Kolkata,nearest_canonical_atm_euclidean,
6609,5cbba4d0-3c52-5f68-9295-d2058d5ea946,2023-12-08,7.760883e-05,0,Mumbai,nearest_canonical_atm_euclidean,
6610,c4d45e66-af66-5d62-9ec1-a719ee0110b8,2023-02-10,7.748341e-05,0,Bengaluru,nearest_canonical_atm_euclidean,
6611,7c8fbbb0-7633-546c-b927-1accdba2044a,2023-11-17,7.72186e-05,0,Chennai,nearest_canonical_atm_euclidean,
6612,9d88e52f-9303-5776-9acc-390b8ece126d,2023-07-14,7.720285e-05,0,Chennai,nearest_canonical_atm_euclidean,
6613,07b1cb4d-de17-5ac2-a00b-02cf9e672ff0,2023-08-18,7.697261e-05,0,Ahmedabad,nearest_canonical_atm_euclidean,
6614,47b40f44-e493-5f2d-b12c-8a7eb6ccd6f4,2022-12-30,7.6779805e-05,0,Jaipur,nearest_canonical_atm_euclidean,
6615,cf923010-1ea8-516f-8a40-b3db95dce888,2023-11-24,7.675931e-05,0,Chennai,nearest_canonical_atm_euclidean,
6616,c5ebb465-883d-56d7-ade4-8ad239491127,2023-07-14,7.675221e-05,0,Jaipur,nearest_canonical_atm_euclidean,
6617,5737401f-13a5-5335-9e4c-336a9e870086,2023-10-20,7.657325e-05,0,Kolkata,nearest_canonical_atm_euclidean,
6618,c5ebb465-883d-56d7-ade4-8ad239491127,2023-07-21,7.613812e-05,0,Jaipur,nearest_canonical_atm_euclidean,
6619,6110b5e8-c838-5a36-af9e-ceec51e0c409,2023-11-17,7.601986e-05,0,New Delhi,nearest_canonical_atm_euclidean,
6620,9d88e52f-9303-5776-9acc-390b8ece126d,2023-11-10,7.598979e-05,0,Chennai,nearest_canonical_atm_euclidean,
6621,8d9781e0-0f19-5e72-9add-8fe3b028bb83,2023-05-26,7.573825e-05,0,Hyderabad,nearest_canonical_atm_euclidean,
6622,b73cca25-bce0-5c18-8339-4e08c62ff897,2023-01-13,7.556309e-05,0,Kolkata,nearest_canonical_atm_euclidean,
6623,51f7f7da-0718-5063-91b2-d743096e78e1,2023-08-25,7.520445e-05,0,Bengaluru,nearest_canonical_atm_euclidean,
6624,182ddc72-62c6-5f3b-b7ae-935c5b5e605b,2023-07-07,7.474374e-05,0,Jaipur,nearest_canonical_atm_euclidean,
6625,06c1e399-5422-598e-8078-2622bf0dc842,2023-07-07,7.411934e-05,0,Jaipur,nearest_canonical_atm_euclidean,
6626,3e2afad7-44dc-5833-9826-b036621dee60,2022-12-30,7.3871386e-05,0,Jaipur,nearest_canonical_atm_euclidean,
6627,3e2afad7-44dc-5833-9826-b036621dee60,2023-01-27,7.361148e-05,0,Jaipur,nearest_canonical_atm_euclidean,
6628,e2c14eb0-27b2-5683-922f-22f075a86d45,2023-11-17,7.354532e-05,0,Kolkata,nearest_canonical_atm_euclidean,
6629,f69a2a75-085f-5b60-b0c2-9aebccd78b03,2023-09-08,7.3281604e-05,0,Hyderabad,nearest_canonical_atm_euclidean,
6630,a2bdeeac-87ea-5acb-a121-647dd81616e4,2023-04-07,7.327364e-05,0,Bengaluru,nearest_canonical_atm_euclidean,
6631,9b0bfc62-59d8-573e-81b2-fee4669a409a,2023-04-14,7.287581e-05,0,Hyderabad,nearest_canonical_atm_euclidean,
6632,c1ef55eb-7ba3-5dca-9329-fa76b3327004,2023-02-17,7.271101e-05,0,Chennai,nearest_canonical_atm_euclidean,
6633,d3483408-08a1-5840-8a4f-e2a5d47c989b,2023-10-20,7.2303344e-05,0,Chennai,nearest_canonical_atm_euclidean,
6634,e2c14eb0-27b2-5683-922f-22f075a86d45,2023-04-14,7.2275216e-05,0,Kolkata,nearest_canonical_atm_euclidean,
6635,b73cca25-bce0-5c18-8339-4e08c62ff897,2023-07-28,7.226619e-05,0,Kolkata,nearest_canonical_atm_euclidean,
6636,06c1e399-5422-598e-8078-2622bf0dc842,2023-07-28,7.22199e-05,0,Jaipur,nearest_canonical_atm_euclidean,
6637,869d900f-916d-59fb-a1c5-980ea46f3005,2023-09-15,7.203281e-05,0,Chennai,nearest_canonical_atm_euclidean,
6638,e2c14eb0-27b2-5683-922f-22f075a86d45,2023-02-24,7.1502705e-05,0,Kolkata,nearest_canonical_atm_euclidean,
6639,5737401f-13a5-5335-9e4c-336a9e870086,2023-06-23,7.1028546e-05,0,Kolkata,nearest_canonical_atm_euclidean,
6640,b2e6f33c-17a1-547b-a103-0541efcaee5d,2023-08-04,7.095239e-05,0,Ahmedabad,nearest_canonical_atm_euclidean,
6641,9f8333ec-0af9-502c-8e87-21bd0e5ef301,2023-06-02,7.0944065e-05,0,Kolkata,nearest_canonical_atm_euclidean,
6642,ab7406b4-42c4-5a64-a99f-ed1e9a1912a6,2023-02-10,7.026446e-05,0,Kolkata,nearest_canonical_atm_euclidean,
6643,c5ebb465-883d-56d7-ade4-8ad239491127,2023-07-28,7.0200425e-05,0,Jaipur,nearest_canonical_atm_euclidean,
6644,2e4f4ff7-0558-5a93-9f55-6d580ae2e6a0,2023-08-04,7.006005e-05,0,Kochi,nearest_canonical_atm_euclidean,
6645,2641f1d2-9b08-5d9c-b6dc-bc8362c06b10,2023-08-04,7.006005e-05,0,Kochi,nearest_canonical_atm_euclidean,
6646,1119a360-06f7-56f1-9f0c-3d47eece1a49,2023-08-04,7.006005e-05,0,Kochi,nearest_canonical_atm_euclidean,
6647,763d6454-b61c-5a02-92d7-26ea9b893473,2023-08-04,7.006005e-05,0,Kochi,nearest_canonical_atm_euclidean,
6648,ee9f1c0d-4243-53ee-bea5-1ddf8827fc8e,2023-08-04,7.006005e-05,0,Kochi,nearest_canonical_atm_euclidean,
6649,281743ab-f487-56c9-b693-bd116d729210,2023-08-04,7.006005e-05,0,Kochi,nearest_canonical_atm_euclidean,
6650,f7e9eeb1-1b63-5fff-808e-41e7688e77bc,2023-08-04,7.006005e-05,0,Kochi,nearest_canonical_atm_euclidean,
6651,f9de41af-30c1-5a71-9593-2b21d57e6308,2023-08-04,7.006005e-05,0,Kochi,nearest_canonical_atm_euclidean,
6652,b7a60ed8-5fcd-54e6-ac13-8fd055225183,2023-08-04,7.006005e-05,0,Kochi,nearest_canonical_atm_euclidean,
6653,b7a60ed8-5fcd-54e6-ac13-8fd055225183,2023-05-05,7.006005e-05,0,Kochi,nearest_canonical_atm_euclidean,
6654,f7e9eeb1-1b63-5fff-808e-41e7688e77bc,2023-01-27,7.006005e-05,0,Kochi,nearest_canonical_atm_euclidean,
6655,f9de41af-30c1-5a71-9593-2b21d57e6308,2023-01-27,7.006005e-05,0,Kochi,nearest_canonical_atm_euclidean,
6656,b7a60ed8-5fcd-54e6-ac13-8fd055225183,2023-01-27,7.006005e-05,0,Kochi,nearest_canonical_atm_euclidean,
6657,763d6454-b61c-5a02-92d7-26ea9b893473,2023-08-18,7.006005e-05,0,Kochi,nearest_canonical_atm_euclidean,
6658,ee9f1c0d-4243-53ee-bea5-1ddf8827fc8e,2023-08-18,7.006005e-05,0,Kochi,nearest_canonical_atm_euclidean,
6659,281743ab-f487-56c9-b693-bd116d729210,2023-08-18,7.006005e-05,0,Kochi,nearest_canonical_atm_euclidean,
6660,281743ab-f487-56c9-b693-bd116d729210,2023-10-27,7.006005e-05,0,Kochi,nearest_canonical_atm_euclidean,
6661,90f1418e-1550-597c-a4a7-1fa635a287fd,2023-08-04,7.006005e-05,0,Kochi,nearest_canonical_atm_euclidean,
6662,313218c5-7e35-5ddf-9a07-b78b37bf85af,2023-08-04,7.006005e-05,0,Kochi,nearest_canonical_atm_euclidean,
6663,9d12f1ed-a9ad-51a8-8df1-2eb81baaf1fe,2023-08-04,7.006005e-05,0,Kochi,nearest_canonical_atm_euclidean,
6664,c70bfe0e-f77f-53ce-993b-805b78b5a718,2023-08-04,7.006005e-05,0,Kochi,nearest_canonical_atm_euclidean,
6665,3b1382ef-92b4-5719-8f4e-41c058e944d6,2023-08-04,7.006005e-05,0,Kochi,nearest_canonical_atm_euclidean,
6666,1ebd4907-d191-5dd4-b2ef-97c39a5a69f7,2023-08-04,7.006005e-05,0,Kochi,nearest_canonical_atm_euclidean,
6667,763d6454-b61c-5a02-92d7-26ea9b893473,2023-03-03,7.006005e-05,0,Kochi,nearest_canonical_atm_euclidean,
6668,763d6454-b61c-5a02-92d7-26ea9b893473,2023-12-15,7.006005e-05,0,Kochi,nearest_canonical_atm_euclidean,
6669,b7a60ed8-5fcd-54e6-ac13-8fd055225183,2023-12-15,7.006005e-05,0,Kochi,nearest_canonical_atm_euclidean,
6670,90f1418e-1550-597c-a4a7-1fa635a287fd,2023-12-15,7.006005e-05,0,Kochi,nearest_canonical_atm_euclidean,
6671,313218c5-7e35-5ddf-9a07-b78b37bf85af,2023-12-15,7.006005e-05,0,Kochi,nearest_canonical_atm_euclidean,
6672,90f1418e-1550-597c-a4a7-1fa635a287fd,2023-02-10,7.006005e-05,0,Kochi,nearest_canonical_atm_euclidean,
6673,313218c5-7e35-5ddf-9a07-b78b37bf85af,2023-02-10,7.006005e-05,0,Kochi,nearest_canonical_atm_euclidean,
6674,9d12f1ed-a9ad-51a8-8df1-2eb81baaf1fe,2023-02-10,7.006005e-05,0,Kochi,nearest_canonical_atm_euclidean,
6675,c70bfe0e-f77f-53ce-993b-805b78b5a718,2023-02-10,7.006005e-05,0,Kochi,nearest_canonical_atm_euclidean,
6676,3b1382ef-92b4-5719-8f4e-41c058e944d6,2023-02-10,7.006005e-05,0,Kochi,nearest_canonical_atm_euclidean,
6677,1ebd4907-d191-5dd4-b2ef-97c39a5a69f7,2023-02-10,7.006005e-05,0,Kochi,nearest_canonical_atm_euclidean,
6678,2e4f4ff7-0558-5a93-9f55-6d580ae2e6a0,2023-02-10,7.006005e-05,0,Kochi,nearest_canonical_atm_euclidean,
6679,b7a60ed8-5fcd-54e6-ac13-8fd055225183,2023-09-22,7.006005e-05,0,Kochi,nearest_canonical_atm_euclidean,
6680,90f1418e-1550-597c-a4a7-1fa635a287fd,2023-09-22,7.006005e-05,0,Kochi,nearest_canonical_atm_euclidean,
6681,313218c5-7e35-5ddf-9a07-b78b37bf85af,2023-09-22,7.006005e-05,0,Kochi,nearest_canonical_atm_euclidean,
6682,1ebd4907-d191-5dd4-b2ef-97c39a5a69f7,2023-10-27,7.006005e-05,0,Kochi,nearest_canonical_atm_euclidean,
6683,2e4f4ff7-0558-5a93-9f55-6d580ae2e6a0,2023-10-27,7.006005e-05,0,Kochi,nearest_canonical_atm_euclidean,
6684,2641f1d2-9b08-5d9c-b6dc-bc8362c06b10,2023-10-27,7.006005e-05,0,Kochi,nearest_canonical_atm_euclidean,
6685,1119a360-06f7-56f1-9f0c-3d47eece1a49,2023-10-27,7.006005e-05,0,Kochi,nearest_canonical_atm_euclidean,
6686,763d6454-b61c-5a02-92d7-26ea9b893473,2023-10-27,7.006005e-05,0,Kochi,nearest_canonical_atm_euclidean,
6687,ee9f1c0d-4243-53ee-bea5-1ddf8827fc8e,2023-10-27,7.006005e-05,0,Kochi,nearest_canonical_atm_euclidean,
6688,1ebd4907-d191-5dd4-b2ef-97c39a5a69f7,2023-08-18,7.006005e-05,0,Kochi,nearest_canonical_atm_euclidean,
6689,2e4f4ff7-0558-5a93-9f55-6d580ae2e6a0,2023-08-18,7.006005e-05,0,Kochi,nearest_canonical_atm_euclidean,
6690,2641f1d2-9b08-5d9c-b6dc-bc8362c06b10,2023-08-18,7.006005e-05,0,Kochi,nearest_canonical_atm_euclidean,
6691,1119a360-06f7-56f1-9f0c-3d47eece1a49,2023-08-18,7.006005e-05,0,Kochi,nearest_canonical_atm_euclidean,
6692,b7a60ed8-5fcd-54e6-ac13-8fd055225183,2023-10-27,7.006005e-05,0,Kochi,nearest_canonical_atm_euclidean,
6693,90f1418e-1550-597c-a4a7-1fa635a287fd,2023-10-27,7.006005e-05,0,Kochi,nearest_canonical_atm_euclidean,
6694,313218c5-7e35-5ddf-9a07-b78b37bf85af,2023-10-27,7.006005e-05,0,Kochi,nearest_canonical_atm_euclidean,
6695,9d12f1ed-a9ad-51a8-8df1-2eb81baaf1fe,2023-10-27,7.006005e-05,0,Kochi,nearest_canonical_atm_euclidean,
6696,c70bfe0e-f77f-53ce-993b-805b78b5a718,2023-10-27,7.006005e-05,0,Kochi,nearest_canonical_atm_euclidean,
6697,3b1382ef-92b4-5719-8f4e-41c058e944d6,2023-10-27,7.006005e-05,0,Kochi,nearest_canonical_atm_euclidean,
6698,f7e9eeb1-1b63-5fff-808e-41e7688e77bc,2023-04-21,7.006005e-05,0,Kochi,nearest_canonical_atm_euclidean,
6699,f9de41af-30c1-5a71-9593-2b21d57e6308,2023-04-21,7.006005e-05,0,Kochi,nearest_canonical_atm_euclidean,
6700,313218c5-7e35-5ddf-9a07-b78b37bf85af,2023-01-20,7.006005e-05,0,Kochi,nearest_canonical_atm_euclidean,
6701,9d12f1ed-a9ad-51a8-8df1-2eb81baaf1fe,2023-01-20,7.006005e-05,0,Kochi,nearest_canonical_atm_euclidean,
6702,c70bfe0e-f77f-53ce-993b-805b78b5a718,2023-01-20,7.006005e-05,0,Kochi,nearest_canonical_atm_euclidean,
6703,3b1382ef-92b4-5719-8f4e-41c058e944d6,2023-01-20,7.006005e-05,0,Kochi,nearest_canonical_atm_euclidean,
6704,b7a60ed8-5fcd-54e6-ac13-8fd055225183,2023-04-21,7.006005e-05,0,Kochi,nearest_canonical_atm_euclidean,
6705,90f1418e-1550-597c-a4a7-1fa635a287fd,2023-04-21,7.006005e-05,0,Kochi,nearest_canonical_atm_euclidean,
6706,313218c5-7e35-5ddf-9a07-b78b37bf85af,2023-04-21,7.006005e-05,0,Kochi,nearest_canonical_atm_euclidean,
6707,9d12f1ed-a9ad-51a8-8df1-2eb81baaf1fe,2023-04-21,7.006005e-05,0,Kochi,nearest_canonical_atm_euclidean,
6708,f7e9eeb1-1b63-5fff-808e-41e7688e77bc,2023-10-27,7.006005e-05,0,Kochi,nearest_canonical_atm_euclidean,
6709,f9de41af-30c1-5a71-9593-2b21d57e6308,2023-10-27,7.006005e-05,0,Kochi,nearest_canonical_atm_euclidean,
6710,9d12f1ed-a9ad-51a8-8df1-2eb81baaf1fe,2023-09-22,7.006005e-05,0,Kochi,nearest_canonical_atm_euclidean,
6711,c70bfe0e-f77f-53ce-993b-805b78b5a718,2023-09-22,7.006005e-05,0,Kochi,nearest_canonical_atm_euclidean,
6712,763d6454-b61c-5a02-92d7-26ea9b893473,2023-06-02,7.006005e-05,0,Kochi,nearest_canonical_atm_euclidean,
6713,ee9f1c0d-4243-53ee-bea5-1ddf8827fc8e,2023-06-02,7.006005e-05,0,Kochi,nearest_canonical_atm_euclidean,
6714,281743ab-f487-56c9-b693-bd116d729210,2023-06-02,7.006005e-05,0,Kochi,nearest_canonical_atm_euclidean,
6715,f7e9eeb1-1b63-5fff-808e-41e7688e77bc,2023-04-28,7.006005e-05,0,Kochi,nearest_canonical_atm_euclidean,
6716,f9de41af-30c1-5a71-9593-2b21d57e6308,2023-04-28,7.006005e-05,0,Kochi,nearest_canonical_atm_euclidean,
6717,b7a60ed8-5fcd-54e6-ac13-8fd055225183,2023-04-28,7.006005e-05,0,Kochi,nearest_canonical_atm_euclidean,
6718,90f1418e-1550-597c-a4a7-1fa635a287fd,2023-04-28,7.006005e-05,0,Kochi,nearest_canonical_atm_euclidean,
6719,313218c5-7e35-5ddf-9a07-b78b37bf85af,2023-04-28,7.006005e-05,0,Kochi,nearest_canonical_atm_euclidean,
6720,9d12f1ed-a9ad-51a8-8df1-2eb81baaf1fe,2023-04-28,7.006005e-05,0,Kochi,nearest_canonical_atm_euclidean,
6721,c70bfe0e-f77f-53ce-993b-805b78b5a718,2023-04-28,7.006005e-05,0,Kochi,nearest_canonical_atm_euclidean,
6722,3b1382ef-92b4-5719-8f4e-41c058e944d6,2023-04-28,7.006005e-05,0,Kochi,nearest_canonical_atm_euclidean,
6723,90f1418e-1550-597c-a4a7-1fa635a287fd,2023-03-10,7.006005e-05,0,Kochi,nearest_canonical_atm_euclidean,
6724,313218c5-7e35-5ddf-9a07-b78b37bf85af,2023-03-10,7.006005e-05,0,Kochi,nearest_canonical_atm_euclidean,
6725,9d12f1ed-a9ad-51a8-8df1-2eb81baaf1fe,2023-03-10,7.006005e-05,0,Kochi,nearest_canonical_atm_euclidean,
6726,c70bfe0e-f77f-53ce-993b-805b78b5a718,2023-03-10,7.006005e-05,0,Kochi,nearest_canonical_atm_euclidean,
6727,3b1382ef-92b4-5719-8f4e-41c058e944d6,2023-03-10,7.006005e-05,0,Kochi,nearest_canonical_atm_euclidean,
6728,1ebd4907-d191-5dd4-b2ef-97c39a5a69f7,2023-03-10,7.006005e-05,0,Kochi,nearest_canonical_atm_euclidean,
6729,2e4f4ff7-0558-5a93-9f55-6d580ae2e6a0,2023-03-10,7.006005e-05,0,Kochi,nearest_canonical_atm_euclidean,
6730,2641f1d2-9b08-5d9c-b6dc-bc8362c06b10,2023-03-10,7.006005e-05,0,Kochi,nearest_canonical_atm_euclidean,
6731,1119a360-06f7-56f1-9f0c-3d47eece1a49,2023-03-10,7.006005e-05,0,Kochi,nearest_canonical_atm_euclidean,
6732,763d6454-b61c-5a02-92d7-26ea9b893473,2023-03-10,7.006005e-05,0,Kochi,nearest_canonical_atm_euclidean,
6733,ee9f1c0d-4243-53ee-bea5-1ddf8827fc8e,2023-03-10,7.006005e-05,0,Kochi,nearest_canonical_atm_euclidean,
6734,281743ab-f487-56c9-b693-bd116d729210,2023-03-10,7.006005e-05,0,Kochi,nearest_canonical_atm_euclidean,
6735,f7e9eeb1-1b63-5fff-808e-41e7688e77bc,2023-01-20,7.006005e-05,0,Kochi,nearest_canonical_atm_euclidean,
6736,f9de41af-30c1-5a71-9593-2b21d57e6308,2023-01-20,7.006005e-05,0,Kochi,nearest_canonical_atm_euclidean,
6737,b7a60ed8-5fcd-54e6-ac13-8fd055225183,2023-01-20,7.006005e-05,0,Kochi,nearest_canonical_atm_euclidean,
6738,90f1418e-1550-597c-a4a7-1fa635a287fd,2023-01-20,7.006005e-05,0,Kochi,nearest_canonical_atm_euclidean,
6739,2e4f4ff7-0558-5a93-9f55-6d580ae2e6a0,2023-07-28,7.006005e-05,0,Kochi,nearest_canonical_atm_euclidean,
6740,f7e9eeb1-1b63-5fff-808e-41e7688e77bc,2023-03-10,7.006005e-05,0,Kochi,nearest_canonical_atm_euclidean,
6741,f9de41af-30c1-5a71-9593-2b21d57e6308,2023-03-10,7.006005e-05,0,Kochi,nearest_canonical_atm_euclidean,
6742,1ebd4907-d191-5dd4-b2ef-97c39a5a69f7,2023-01-20,7.006005e-05,0,Kochi,nearest_canonical_atm_euclidean,
6743,2e4f4ff7-0558-5a93-9f55-6d580ae2e6a0,2023-01-20,7.006005e-05,0,Kochi,nearest_canonical_atm_euclidean,
6744,2641f1d2-9b08-5d9c-b6dc-bc8362c06b10,2023-01-20,7.006005e-05,0,Kochi,nearest_canonical_atm_euclidean,
6745,1119a360-06f7-56f1-9f0c-3d47eece1a49,2023-01-20,7.006005e-05,0,Kochi,nearest_canonical_atm_euclidean,
6746,763d6454-b61c-5a02-92d7-26ea9b893473,2023-01-20,7.006005e-05,0,Kochi,nearest_canonical_atm_euclidean,
6747,ee9f1c0d-4243-53ee-bea5-1ddf8827fc8e,2023-01-20,7.006005e-05,0,Kochi,nearest_canonical_atm_euclidean,
6748,281743ab-f487-56c9-b693-bd116d729210,2023-01-20,7.006005e-05,0,Kochi,nearest_canonical_atm_euclidean,
6749,b7a60ed8-5fcd-54e6-ac13-8fd055225183,2023-03-10,7.006005e-05,0,Kochi,nearest_canonical_atm_euclidean,
6750,f7e9eeb1-1b63-5fff-808e-41e7688e77bc,2023-10-13,7.006005e-05,0,Kochi,nearest_canonical_atm_euclidean,
6751,f9de41af-30c1-5a71-9593-2b21d57e6308,2023-10-13,7.006005e-05,0,Kochi,nearest_canonical_atm_euclidean,
6752,f7e9eeb1-1b63-5fff-808e-41e7688e77bc,2023-07-28,7.006005e-05,0,Kochi,nearest_canonical_atm_euclidean,
6753,f9de41af-30c1-5a71-9593-2b21d57e6308,2023-07-28,7.006005e-05,0,Kochi,nearest_canonical_atm_euclidean,
6754,b7a60ed8-5fcd-54e6-ac13-8fd055225183,2023-07-28,7.006005e-05,0,Kochi,nearest_canonical_atm_euclidean,
6755,90f1418e-1550-597c-a4a7-1fa635a287fd,2023-07-28,7.006005e-05,0,Kochi,nearest_canonical_atm_euclidean,
6756,313218c5-7e35-5ddf-9a07-b78b37bf85af,2023-07-28,7.006005e-05,0,Kochi,nearest_canonical_atm_euclidean,
6757,9d12f1ed-a9ad-51a8-8df1-2eb81baaf1fe,2023-07-28,7.006005e-05,0,Kochi,nearest_canonical_atm_euclidean,
6758,c70bfe0e-f77f-53ce-993b-805b78b5a718,2023-07-28,7.006005e-05,0,Kochi,nearest_canonical_atm_euclidean,
6759,3b1382ef-92b4-5719-8f4e-41c058e944d6,2023-07-28,7.006005e-05,0,Kochi,nearest_canonical_atm_euclidean,
6760,1ebd4907-d191-5dd4-b2ef-97c39a5a69f7,2023-07-28,7.006005e-05,0,Kochi,nearest_canonical_atm_euclidean,
6761,ee9f1c0d-4243-53ee-bea5-1ddf8827fc8e,2023-07-28,7.006005e-05,0,Kochi,nearest_canonical_atm_euclidean,
6762,281743ab-f487-56c9-b693-bd116d729210,2023-07-28,7.006005e-05,0,Kochi,nearest_canonical_atm_euclidean,
6763,1ebd4907-d191-5dd4-b2ef-97c39a5a69f7,2023-05-19,7.006005e-05,0,Kochi,nearest_canonical_atm_euclidean,
6764,2e4f4ff7-0558-5a93-9f55-6d580ae2e6a0,2023-05-19,7.006005e-05,0,Kochi,nearest_canonical_atm_euclidean,
6765,2641f1d2-9b08-5d9c-b6dc-bc8362c06b10,2023-05-19,7.006005e-05,0,Kochi,nearest_canonical_atm_euclidean,
6766,1119a360-06f7-56f1-9f0c-3d47eece1a49,2023-05-19,7.006005e-05,0,Kochi,nearest_canonical_atm_euclidean,
6767,763d6454-b61c-5a02-92d7-26ea9b893473,2023-05-19,7.006005e-05,0,Kochi,nearest_canonical_atm_euclidean,
6768,ee9f1c0d-4243-53ee-bea5-1ddf8827fc8e,2023-05-19,7.006005e-05,0,Kochi,nearest_canonical_atm_euclidean,
6769,281743ab-f487-56c9-b693-bd116d729210,2023-05-19,7.006005e-05,0,Kochi,nearest_canonical_atm_euclidean,
6770,1ebd4907-d191-5dd4-b2ef-97c39a5a69f7,2023-04-28,7.006005e-05,0,Kochi,nearest_canonical_atm_euclidean,
6771,2e4f4ff7-0558-5a93-9f55-6d580ae2e6a0,2023-04-28,7.006005e-05,0,Kochi,nearest_canonical_atm_euclidean,
6772,2641f1d2-9b08-5d9c-b6dc-bc8362c06b10,2023-04-28,7.006005e-05,0,Kochi,nearest_canonical_atm_euclidean,
6773,f7e9eeb1-1b63-5fff-808e-41e7688e77bc,2023-06-02,7.006005e-05,0,Kochi,nearest_canonical_atm_euclidean,
6774,f9de41af-30c1-5a71-9593-2b21d57e6308,2023-06-02,7.006005e-05,0,Kochi,nearest_canonical_atm_euclidean,
6775,b7a60ed8-5fcd-54e6-ac13-8fd055225183,2023-06-02,7.006005e-05,0,Kochi,nearest_canonical_atm_euclidean,
6776,90f1418e-1550-597c-a4a7-1fa635a287fd,2023-06-02,7.006005e-05,0,Kochi,nearest_canonical_atm_euclidean,
6777,313218c5-7e35-5ddf-9a07-b78b37bf85af,2023-06-02,7.006005e-05,0,Kochi,nearest_canonical_atm_euclidean,
6778,9d12f1ed-a9ad-51a8-8df1-2eb81baaf1fe,2023-06-02,7.006005e-05,0,Kochi,nearest_canonical_atm_euclidean,
6779,c70bfe0e-f77f-53ce-993b-805b78b5a718,2023-06-02,7.006005e-05,0,Kochi,nearest_canonical_atm_euclidean,
6780,3b1382ef-92b4-5719-8f4e-41c058e944d6,2023-06-02,7.006005e-05,0,Kochi,nearest_canonical_atm_euclidean,
6781,1ebd4907-d191-5dd4-b2ef-97c39a5a69f7,2023-06-02,7.006005e-05,0,Kochi,nearest_canonical_atm_euclidean,
6782,2e4f4ff7-0558-5a93-9f55-6d580ae2e6a0,2023-06-02,7.006005e-05,0,Kochi,nearest_canonical_atm_euclidean,
6783,2641f1d2-9b08-5d9c-b6dc-bc8362c06b10,2023-06-02,7.006005e-05,0,Kochi,nearest_canonical_atm_euclidean,
6784,1119a360-06f7-56f1-9f0c-3d47eece1a49,2023-06-02,7.006005e-05,0,Kochi,nearest_canonical_atm_euclidean,
6785,90f1418e-1550-597c-a4a7-1fa635a287fd,2023-10-13,7.006005e-05,0,Kochi,nearest_canonical_atm_euclidean,
6786,313218c5-7e35-5ddf-9a07-b78b37bf85af,2023-10-13,7.006005e-05,0,Kochi,nearest_canonical_atm_euclidean,
6787,9d12f1ed-a9ad-51a8-8df1-2eb81baaf1fe,2023-10-13,7.006005e-05,0,Kochi,nearest_canonical_atm_euclidean,
6788,c70bfe0e-f77f-53ce-993b-805b78b5a718,2023-10-13,7.006005e-05,0,Kochi,nearest_canonical_atm_euclidean,
6789,3b1382ef-92b4-5719-8f4e-41c058e944d6,2023-10-13,7.006005e-05,0,Kochi,nearest_canonical_atm_euclidean,
6790,1ebd4907-d191-5dd4-b2ef-97c39a5a69f7,2023-10-13,7.006005e-05,0,Kochi,nearest_canonical_atm_euclidean,
6791,2e4f4ff7-0558-5a93-9f55-6d580ae2e6a0,2023-10-13,7.006005e-05,0,Kochi,nearest_canonical_atm_euclidean,
6792,2641f1d2-9b08-5d9c-b6dc-bc8362c06b10,2023-10-13,7.006005e-05,0,Kochi,nearest_canonical_atm_euclidean,
6793,2641f1d2-9b08-5d9c-b6dc-bc8362c06b10,2023-07-28,7.006005e-05,0,Kochi,nearest_canonical_atm_euclidean,
6794,1119a360-06f7-56f1-9f0c-3d47eece1a49,2023-07-28,7.006005e-05,0,Kochi,nearest_canonical_atm_euclidean,
6795,763d6454-b61c-5a02-92d7-26ea9b893473,2023-07-28,7.006005e-05,0,Kochi,nearest_canonical_atm_euclidean,
6796,1119a360-06f7-56f1-9f0c-3d47eece1a49,2023-10-13,7.006005e-05,0,Kochi,nearest_canonical_atm_euclidean,
6797,763d6454-b61c-5a02-92d7-26ea9b893473,2023-10-13,7.006005e-05,0,Kochi,nearest_canonical_atm_euclidean,
6798,ee9f1c0d-4243-53ee-bea5-1ddf8827fc8e,2023-10-13,7.006005e-05,0,Kochi,nearest_canonical_atm_euclidean,
6799,281743ab-f487-56c9-b693-bd116d729210,2023-10-13,7.006005e-05,0,Kochi,nearest_canonical_atm_euclidean,
6800,b7a60ed8-5fcd-54e6-ac13-8fd055225183,2023-10-13,7.006005e-05,0,Kochi,nearest_canonical_atm_euclidean,
6801,f7e9eeb1-1b63-5fff-808e-41e7688e77bc,2023-11-03,7.006005e-05,0,Kochi,nearest_canonical_atm_euclidean,
6802,f9de41af-30c1-5a71-9593-2b21d57e6308,2023-11-03,7.006005e-05,0,Kochi,nearest_canonical_atm_euclidean,
6803,b7a60ed8-5fcd-54e6-ac13-8fd055225183,2023-11-03,7.006005e-05,0,Kochi,nearest_canonical_atm_euclidean,
6804,90f1418e-1550-597c-a4a7-1fa635a287fd,2023-11-03,7.006005e-05,0,Kochi,nearest_canonical_atm_euclidean,
6805,313218c5-7e35-5ddf-9a07-b78b37bf85af,2023-11-03,7.006005e-05,0,Kochi,nearest_canonical_atm_euclidean,
6806,9d12f1ed-a9ad-51a8-8df1-2eb81baaf1fe,2023-11-03,7.006005e-05,0,Kochi,nearest_canonical_atm_euclidean,
6807,c70bfe0e-f77f-53ce-993b-805b78b5a718,2023-11-03,7.006005e-05,0,Kochi,nearest_canonical_atm_euclidean,
6808,3b1382ef-92b4-5719-8f4e-41c058e944d6,2023-11-03,7.006005e-05,0,Kochi,nearest_canonical_atm_euclidean,
6809,1ebd4907-d191-5dd4-b2ef-97c39a5a69f7,2023-11-03,7.006005e-05,0,Kochi,nearest_canonical_atm_euclidean,
6810,2e4f4ff7-0558-5a93-9f55-6d580ae2e6a0,2023-11-03,7.006005e-05,0,Kochi,nearest_canonical_atm_euclidean,
6811,2641f1d2-9b08-5d9c-b6dc-bc8362c06b10,2023-11-03,7.006005e-05,0,Kochi,nearest_canonical_atm_euclidean,
6812,1119a360-06f7-56f1-9f0c-3d47eece1a49,2023-11-03,7.006005e-05,0,Kochi,nearest_canonical_atm_euclidean,
6813,763d6454-b61c-5a02-92d7-26ea9b893473,2023-11-03,7.006005e-05,0,Kochi,nearest_canonical_atm_euclidean,
6814,ee9f1c0d-4243-53ee-bea5-1ddf8827fc8e,2023-11-03,7.006005e-05,0,Kochi,nearest_canonical_atm_euclidean,
6815,281743ab-f487-56c9-b693-bd116d729210,2023-11-03,7.006005e-05,0,Kochi,nearest_canonical_atm_euclidean,
6816,2641f1d2-9b08-5d9c-b6dc-bc8362c06b10,2023-08-11,7.006005e-05,0,Kochi,nearest_canonical_atm_euclidean,
6817,1119a360-06f7-56f1-9f0c-3d47eece1a49,2023-08-11,7.006005e-05,0,Kochi,nearest_canonical_atm_euclidean,
6818,763d6454-b61c-5a02-92d7-26ea9b893473,2023-08-11,7.006005e-05,0,Kochi,nearest_canonical_atm_euclidean,
6819,ee9f1c0d-4243-53ee-bea5-1ddf8827fc8e,2023-08-11,7.006005e-05,0,Kochi,nearest_canonical_atm_euclidean,
6820,281743ab-f487-56c9-b693-bd116d729210,2023-08-11,7.006005e-05,0,Kochi,nearest_canonical_atm_euclidean,
6821,f7e9eeb1-1b63-5fff-808e-41e7688e77bc,2023-05-19,7.006005e-05,0,Kochi,nearest_canonical_atm_euclidean,
6822,f9de41af-30c1-5a71-9593-2b21d57e6308,2023-05-19,7.006005e-05,0,Kochi,nearest_canonical_atm_euclidean,
6823,b7a60ed8-5fcd-54e6-ac13-8fd055225183,2023-05-19,7.006005e-05,0,Kochi,nearest_canonical_atm_euclidean,
6824,90f1418e-1550-597c-a4a7-1fa635a287fd,2023-05-19,7.006005e-05,0,Kochi,nearest_canonical_atm_euclidean,
6825,313218c5-7e35-5ddf-9a07-b78b37bf85af,2023-05-19,7.006005e-05,0,Kochi,nearest_canonical_atm_euclidean,
6826,9d12f1ed-a9ad-51a8-8df1-2eb81baaf1fe,2023-05-19,7.006005e-05,0,Kochi,nearest_canonical_atm_euclidean,
6827,c70bfe0e-f77f-53ce-993b-805b78b5a718,2023-05-19,7.006005e-05,0,Kochi,nearest_canonical_atm_euclidean,
6828,3b1382ef-92b4-5719-8f4e-41c058e944d6,2023-05-19,7.006005e-05,0,Kochi,nearest_canonical_atm_euclidean,
6829,f7e9eeb1-1b63-5fff-808e-41e7688e77bc,2023-07-21,7.006005e-05,0,Kochi,nearest_canonical_atm_euclidean,
6830,f9de41af-30c1-5a71-9593-2b21d57e6308,2023-07-21,7.006005e-05,0,Kochi,nearest_canonical_atm_euclidean,
6831,b7a60ed8-5fcd-54e6-ac13-8fd055225183,2023-07-21,7.006005e-05,0,Kochi,nearest_canonical_atm_euclidean,
6832,281743ab-f487-56c9-b693-bd116d729210,2023-01-27,7.006005e-05,0,Kochi,nearest_canonical_atm_euclidean,
6833,c70bfe0e-f77f-53ce-993b-805b78b5a718,2023-08-11,7.006005e-05,0,Kochi,nearest_canonical_atm_euclidean,
6834,3b1382ef-92b4-5719-8f4e-41c058e944d6,2023-08-11,7.006005e-05,0,Kochi,nearest_canonical_atm_euclidean,
6835,1ebd4907-d191-5dd4-b2ef-97c39a5a69f7,2023-08-11,7.006005e-05,0,Kochi,nearest_canonical_atm_euclidean,
6836,2e4f4ff7-0558-5a93-9f55-6d580ae2e6a0,2023-08-11,7.006005e-05,0,Kochi,nearest_canonical_atm_euclidean,
6837,f7e9eeb1-1b63-5fff-808e-41e7688e77bc,2023-12-08,7.006005e-05,0,Kochi,nearest_canonical_atm_euclidean,
6838,f9de41af-30c1-5a71-9593-2b21d57e6308,2023-12-08,7.006005e-05,0,Kochi,nearest_canonical_atm_euclidean,
6839,b7a60ed8-5fcd-54e6-ac13-8fd055225183,2023-12-08,7.006005e-05,0,Kochi,nearest_canonical_atm_euclidean,
6840,90f1418e-1550-597c-a4a7-1fa635a287fd,2023-12-08,7.006005e-05,0,Kochi,nearest_canonical_atm_euclidean,
6841,313218c5-7e35-5ddf-9a07-b78b37bf85af,2023-12-08,7.006005e-05,0,Kochi,nearest_canonical_atm_euclidean,
6842,9d12f1ed-a9ad-51a8-8df1-2eb81baaf1fe,2023-12-08,7.006005e-05,0,Kochi,nearest_canonical_atm_euclidean,
6843,c70bfe0e-f77f-53ce-993b-805b78b5a718,2023-12-08,7.006005e-05,0,Kochi,nearest_canonical_atm_euclidean,
6844,90f1418e-1550-597c-a4a7-1fa635a287fd,2023-07-21,7.006005e-05,0,Kochi,nearest_canonical_atm_euclidean,
6845,3b1382ef-92b4-5719-8f4e-41c058e944d6,2023-08-25,7.006005e-05,0,Kochi,nearest_canonical_atm_euclidean,
6846,1ebd4907-d191-5dd4-b2ef-97c39a5a69f7,2023-08-25,7.006005e-05,0,Kochi,nearest_canonical_atm_euclidean,
6847,2e4f4ff7-0558-5a93-9f55-6d580ae2e6a0,2023-08-25,7.006005e-05,0,Kochi,nearest_canonical_atm_euclidean,
6848,2641f1d2-9b08-5d9c-b6dc-bc8362c06b10,2023-08-25,7.006005e-05,0,Kochi,nearest_canonical_atm_euclidean,
6849,1119a360-06f7-56f1-9f0c-3d47eece1a49,2023-08-25,7.006005e-05,0,Kochi,nearest_canonical_atm_euclidean,
6850,763d6454-b61c-5a02-92d7-26ea9b893473,2023-08-25,7.006005e-05,0,Kochi,nearest_canonical_atm_euclidean,
6851,ee9f1c0d-4243-53ee-bea5-1ddf8827fc8e,2023-08-25,7.006005e-05,0,Kochi,nearest_canonical_atm_euclidean,
6852,281743ab-f487-56c9-b693-bd116d729210,2023-08-25,7.006005e-05,0,Kochi,nearest_canonical_atm_euclidean,
6853,313218c5-7e35-5ddf-9a07-b78b37bf85af,2023-07-21,7.006005e-05,0,Kochi,nearest_canonical_atm_euclidean,
6854,9d12f1ed-a9ad-51a8-8df1-2eb81baaf1fe,2023-07-21,7.006005e-05,0,Kochi,nearest_canonical_atm_euclidean,
6855,c70bfe0e-f77f-53ce-993b-805b78b5a718,2023-07-21,7.006005e-05,0,Kochi,nearest_canonical_atm_euclidean,
6856,3b1382ef-92b4-5719-8f4e-41c058e944d6,2023-07-21,7.006005e-05,0,Kochi,nearest_canonical_atm_euclidean,
6857,1ebd4907-d191-5dd4-b2ef-97c39a5a69f7,2023-07-21,7.006005e-05,0,Kochi,nearest_canonical_atm_euclidean,
6858,2e4f4ff7-0558-5a93-9f55-6d580ae2e6a0,2023-07-21,7.006005e-05,0,Kochi,nearest_canonical_atm_euclidean,
6859,2641f1d2-9b08-5d9c-b6dc-bc8362c06b10,2023-07-21,7.006005e-05,0,Kochi,nearest_canonical_atm_euclidean,
6860,1119a360-06f7-56f1-9f0c-3d47eece1a49,2023-07-21,7.006005e-05,0,Kochi,nearest_canonical_atm_euclidean,
6861,763d6454-b61c-5a02-92d7-26ea9b893473,2023-07-21,7.006005e-05,0,Kochi,nearest_canonical_atm_euclidean,
6862,ee9f1c0d-4243-53ee-bea5-1ddf8827fc8e,2023-07-21,7.006005e-05,0,Kochi,nearest_canonical_atm_euclidean,
6863,281743ab-f487-56c9-b693-bd116d729210,2023-07-21,7.006005e-05,0,Kochi,nearest_canonical_atm_euclidean,
6864,f7e9eeb1-1b63-5fff-808e-41e7688e77bc,2023-09-22,7.006005e-05,0,Kochi,nearest_canonical_atm_euclidean,
6865,f9de41af-30c1-5a71-9593-2b21d57e6308,2023-09-22,7.006005e-05,0,Kochi,nearest_canonical_atm_euclidean,
6866,313218c5-7e35-5ddf-9a07-b78b37bf85af,2023-05-26,7.006005e-05,0,Kochi,nearest_canonical_atm_euclidean,
6867,9d12f1ed-a9ad-51a8-8df1-2eb81baaf1fe,2023-05-26,7.006005e-05,0,Kochi,nearest_canonical_atm_euclidean,
6868,c70bfe0e-f77f-53ce-993b-805b78b5a718,2023-05-26,7.006005e-05,0,Kochi,nearest_canonical_atm_euclidean,
6869,3b1382ef-92b4-5719-8f4e-41c058e944d6,2023-05-26,7.006005e-05,0,Kochi,nearest_canonical_atm_euclidean,
6870,1ebd4907-d191-5dd4-b2ef-97c39a5a69f7,2023-05-26,7.006005e-05,0,Kochi,nearest_canonical_atm_euclidean,
6871,2e4f4ff7-0558-5a93-9f55-6d580ae2e6a0,2023-05-26,7.006005e-05,0,Kochi,nearest_canonical_atm_euclidean,
6872,2641f1d2-9b08-5d9c-b6dc-bc8362c06b10,2023-05-26,7.006005e-05,0,Kochi,nearest_canonical_atm_euclidean,
6873,1119a360-06f7-56f1-9f0c-3d47eece1a49,2023-05-26,7.006005e-05,0,Kochi,nearest_canonical_atm_euclidean,
6874,763d6454-b61c-5a02-92d7-26ea9b893473,2023-05-26,7.006005e-05,0,Kochi,nearest_canonical_atm_euclidean,
6875,ee9f1c0d-4243-53ee-bea5-1ddf8827fc8e,2023-05-26,7.006005e-05,0,Kochi,nearest_canonical_atm_euclidean,
6876,281743ab-f487-56c9-b693-bd116d729210,2023-05-26,7.006005e-05,0,Kochi,nearest_canonical_atm_euclidean,
6877,3b1382ef-92b4-5719-8f4e-41c058e944d6,2023-12-08,7.006005e-05,0,Kochi,nearest_canonical_atm_euclidean,
6878,1ebd4907-d191-5dd4-b2ef-97c39a5a69f7,2023-12-08,7.006005e-05,0,Kochi,nearest_canonical_atm_euclidean,
6879,2e4f4ff7-0558-5a93-9f55-6d580ae2e6a0,2023-12-08,7.006005e-05,0,Kochi,nearest_canonical_atm_euclidean,
6880,f9de41af-30c1-5a71-9593-2b21d57e6308,2023-08-25,7.006005e-05,0,Kochi,nearest_canonical_atm_euclidean,
6881,1ebd4907-d191-5dd4-b2ef-97c39a5a69f7,2023-04-21,7.006005e-05,0,Kochi,nearest_canonical_atm_euclidean,
6882,2e4f4ff7-0558-5a93-9f55-6d580ae2e6a0,2023-04-21,7.006005e-05,0,Kochi,nearest_canonical_atm_euclidean,
6883,2641f1d2-9b08-5d9c-b6dc-bc8362c06b10,2023-04-21,7.006005e-05,0,Kochi,nearest_canonical_atm_euclidean,
6884,1119a360-06f7-56f1-9f0c-3d47eece1a49,2023-04-21,7.006005e-05,0,Kochi,nearest_canonical_atm_euclidean,
6885,b7a60ed8-5fcd-54e6-ac13-8fd055225183,2023-08-25,7.006005e-05,0,Kochi,nearest_canonical_atm_euclidean,
6886,90f1418e-1550-597c-a4a7-1fa635a287fd,2023-08-25,7.006005e-05,0,Kochi,nearest_canonical_atm_euclidean,
6887,313218c5-7e35-5ddf-9a07-b78b37bf85af,2023-08-25,7.006005e-05,0,Kochi,nearest_canonical_atm_euclidean,
6888,9d12f1ed-a9ad-51a8-8df1-2eb81baaf1fe,2023-08-25,7.006005e-05,0,Kochi,nearest_canonical_atm_euclidean,
6889,c70bfe0e-f77f-53ce-993b-805b78b5a718,2023-08-25,7.006005e-05,0,Kochi,nearest_canonical_atm_euclidean,
6890,1ebd4907-d191-5dd4-b2ef-97c39a5a69f7,2023-03-17,7.006005e-05,0,Kochi,nearest_canonical_atm_euclidean,
6891,f7e9eeb1-1b63-5fff-808e-41e7688e77bc,2023-02-24,7.006005e-05,0,Kochi,nearest_canonical_atm_euclidean,
6892,f9de41af-30c1-5a71-9593-2b21d57e6308,2023-02-24,7.006005e-05,0,Kochi,nearest_canonical_atm_euclidean,
6893,b7a60ed8-5fcd-54e6-ac13-8fd055225183,2023-02-24,7.006005e-05,0,Kochi,nearest_canonical_atm_euclidean,
6894,90f1418e-1550-597c-a4a7-1fa635a287fd,2023-02-24,7.006005e-05,0,Kochi,nearest_canonical_atm_euclidean,
6895,313218c5-7e35-5ddf-9a07-b78b37bf85af,2023-02-24,7.006005e-05,0,Kochi,nearest_canonical_atm_euclidean,
6896,9d12f1ed-a9ad-51a8-8df1-2eb81baaf1fe,2023-02-24,7.006005e-05,0,Kochi,nearest_canonical_atm_euclidean,
6897,f7e9eeb1-1b63-5fff-808e-41e7688e77bc,2023-08-25,7.006005e-05,0,Kochi,nearest_canonical_atm_euclidean,
6898,2e4f4ff7-0558-5a93-9f55-6d580ae2e6a0,2023-03-17,7.006005e-05,0,Kochi,nearest_canonical_atm_euclidean,
6899,2641f1d2-9b08-5d9c-b6dc-bc8362c06b10,2023-03-17,7.006005e-05,0,Kochi,nearest_canonical_atm_euclidean,
6900,1119a360-06f7-56f1-9f0c-3d47eece1a49,2023-03-17,7.006005e-05,0,Kochi,nearest_canonical_atm_euclidean,
6901,763d6454-b61c-5a02-92d7-26ea9b893473,2023-03-17,7.006005e-05,0,Kochi,nearest_canonical_atm_euclidean,
6902,ee9f1c0d-4243-53ee-bea5-1ddf8827fc8e,2023-03-17,7.006005e-05,0,Kochi,nearest_canonical_atm_euclidean,
6903,ee9f1c0d-4243-53ee-bea5-1ddf8827fc8e,2023-04-21,7.006005e-05,0,Kochi,nearest_canonical_atm_euclidean,
6904,281743ab-f487-56c9-b693-bd116d729210,2023-04-21,7.006005e-05,0,Kochi,nearest_canonical_atm_euclidean,
6905,c70bfe0e-f77f-53ce-993b-805b78b5a718,2023-02-24,7.006005e-05,0,Kochi,nearest_canonical_atm_euclidean,
6906,3b1382ef-92b4-5719-8f4e-41c058e944d6,2023-02-24,7.006005e-05,0,Kochi,nearest_canonical_atm_euclidean,
6907,1ebd4907-d191-5dd4-b2ef-97c39a5a69f7,2023-02-24,7.006005e-05,0,Kochi,nearest_canonical_atm_euclidean,
6908,2e4f4ff7-0558-5a93-9f55-6d580ae2e6a0,2023-02-24,7.006005e-05,0,Kochi,nearest_canonical_atm_euclidean,
6909,2641f1d2-9b08-5d9c-b6dc-bc8362c06b10,2023-02-24,7.006005e-05,0,Kochi,nearest_canonical_atm_euclidean,
6910,1119a360-06f7-56f1-9f0c-3d47eece1a49,2023-02-24,7.006005e-05,0,Kochi,nearest_canonical_atm_euclidean,
6911,763d6454-b61c-5a02-92d7-26ea9b893473,2023-02-24,7.006005e-05,0,Kochi,nearest_canonical_atm_euclidean,
6912,ee9f1c0d-4243-53ee-bea5-1ddf8827fc8e,2023-02-24,7.006005e-05,0,Kochi,nearest_canonical_atm_euclidean,
6913,281743ab-f487-56c9-b693-bd116d729210,2023-02-24,7.006005e-05,0,Kochi,nearest_canonical_atm_euclidean,
6914,f7e9eeb1-1b63-5fff-808e-41e7688e77bc,2023-03-17,7.006005e-05,0,Kochi,nearest_canonical_atm_euclidean,
6915,f9de41af-30c1-5a71-9593-2b21d57e6308,2023-03-17,7.006005e-05,0,Kochi,nearest_canonical_atm_euclidean,
6916,b7a60ed8-5fcd-54e6-ac13-8fd055225183,2023-03-17,7.006005e-05,0,Kochi,nearest_canonical_atm_euclidean,
6917,90f1418e-1550-597c-a4a7-1fa635a287fd,2023-03-17,7.006005e-05,0,Kochi,nearest_canonical_atm_euclidean,
6918,313218c5-7e35-5ddf-9a07-b78b37bf85af,2023-03-17,7.006005e-05,0,Kochi,nearest_canonical_atm_euclidean,
6919,9d12f1ed-a9ad-51a8-8df1-2eb81baaf1fe,2023-03-17,7.006005e-05,0,Kochi,nearest_canonical_atm_euclidean,
6920,c70bfe0e-f77f-53ce-993b-805b78b5a718,2023-03-17,7.006005e-05,0,Kochi,nearest_canonical_atm_euclidean,
6921,3b1382ef-92b4-5719-8f4e-41c058e944d6,2023-03-17,7.006005e-05,0,Kochi,nearest_canonical_atm_euclidean,
6922,f7e9eeb1-1b63-5fff-808e-41e7688e77bc,2023-01-13,7.006005e-05,0,Kochi,nearest_canonical_atm_euclidean,
6923,f9de41af-30c1-5a71-9593-2b21d57e6308,2023-01-13,7.006005e-05,0,Kochi,nearest_canonical_atm_euclidean,
6924,281743ab-f487-56c9-b693-bd116d729210,2023-03-17,7.006005e-05,0,Kochi,nearest_canonical_atm_euclidean,
6925,2641f1d2-9b08-5d9c-b6dc-bc8362c06b10,2023-12-08,7.006005e-05,0,Kochi,nearest_canonical_atm_euclidean,
6926,1119a360-06f7-56f1-9f0c-3d47eece1a49,2023-12-08,7.006005e-05,0,Kochi,nearest_canonical_atm_euclidean,
6927,763d6454-b61c-5a02-92d7-26ea9b893473,2023-12-08,7.006005e-05,0,Kochi,nearest_canonical_atm_euclidean,
6928,ee9f1c0d-4243-53ee-bea5-1ddf8827fc8e,2023-12-08,7.006005e-05,0,Kochi,nearest_canonical_atm_euclidean,
6929,281743ab-f487-56c9-b693-bd116d729210,2023-12-08,7.006005e-05,0,Kochi,nearest_canonical_atm_euclidean,
6930,90f1418e-1550-597c-a4a7-1fa635a287fd,2023-05-26,7.006005e-05,0,Kochi,nearest_canonical_atm_euclidean,
6931,f9de41af-30c1-5a71-9593-2b21d57e6308,2023-09-15,7.006005e-05,0,Kochi,nearest_canonical_atm_euclidean,
6932,b7a60ed8-5fcd-54e6-ac13-8fd055225183,2023-09-15,7.006005e-05,0,Kochi,nearest_canonical_atm_euclidean,
6933,90f1418e-1550-597c-a4a7-1fa635a287fd,2023-09-15,7.006005e-05,0,Kochi,nearest_canonical_atm_euclidean,
6934,2641f1d2-9b08-5d9c-b6dc-bc8362c06b10,2023-11-10,7.006005e-05,0,Kochi,nearest_canonical_atm_euclidean,
6935,1119a360-06f7-56f1-9f0c-3d47eece1a49,2023-11-10,7.006005e-05,0,Kochi,nearest_canonical_atm_euclidean,
6936,763d6454-b61c-5a02-92d7-26ea9b893473,2023-11-10,7.006005e-05,0,Kochi,nearest_canonical_atm_euclidean,
6937,ee9f1c0d-4243-53ee-bea5-1ddf8827fc8e,2023-11-10,7.006005e-05,0,Kochi,nearest_canonical_atm_euclidean,
6938,281743ab-f487-56c9-b693-bd116d729210,2023-11-10,7.006005e-05,0,Kochi,nearest_canonical_atm_euclidean,
6939,f7e9eeb1-1b63-5fff-808e-41e7688e77bc,2023-07-14,7.006005e-05,0,Kochi,nearest_canonical_atm_euclidean,
6940,9d12f1ed-a9ad-51a8-8df1-2eb81baaf1fe,2023-01-13,7.006005e-05,0,Kochi,nearest_canonical_atm_euclidean,
6941,c70bfe0e-f77f-53ce-993b-805b78b5a718,2023-01-13,7.006005e-05,0,Kochi,nearest_canonical_atm_euclidean,
6942,3b1382ef-92b4-5719-8f4e-41c058e944d6,2023-01-13,7.006005e-05,0,Kochi,nearest_canonical_atm_euclidean,
6943,1ebd4907-d191-5dd4-b2ef-97c39a5a69f7,2023-01-13,7.006005e-05,0,Kochi,nearest_canonical_atm_euclidean,
6944,2e4f4ff7-0558-5a93-9f55-6d580ae2e6a0,2023-01-13,7.006005e-05,0,Kochi,nearest_canonical_atm_euclidean,
6945,2641f1d2-9b08-5d9c-b6dc-bc8362c06b10,2023-01-13,7.006005e-05,0,Kochi,nearest_canonical_atm_euclidean,
6946,1119a360-06f7-56f1-9f0c-3d47eece1a49,2023-01-13,7.006005e-05,0,Kochi,nearest_canonical_atm_euclidean,
6947,763d6454-b61c-5a02-92d7-26ea9b893473,2023-01-13,7.006005e-05,0,Kochi,nearest_canonical_atm_euclidean,
6948,ee9f1c0d-4243-53ee-bea5-1ddf8827fc8e,2023-01-13,7.006005e-05,0,Kochi,nearest_canonical_atm_euclidean,
6949,281743ab-f487-56c9-b693-bd116d729210,2023-01-13,7.006005e-05,0,Kochi,nearest_canonical_atm_euclidean,
6950,313218c5-7e35-5ddf-9a07-b78b37bf85af,2023-11-10,7.006005e-05,0,Kochi,nearest_canonical_atm_euclidean,
6951,9d12f1ed-a9ad-51a8-8df1-2eb81baaf1fe,2023-11-10,7.006005e-05,0,Kochi,nearest_canonical_atm_euclidean,
6952,c70bfe0e-f77f-53ce-993b-805b78b5a718,2023-11-10,7.006005e-05,0,Kochi,nearest_canonical_atm_euclidean,
6953,3b1382ef-92b4-5719-8f4e-41c058e944d6,2023-11-10,7.006005e-05,0,Kochi,nearest_canonical_atm_euclidean,
6954,1ebd4907-d191-5dd4-b2ef-97c39a5a69f7,2023-11-10,7.006005e-05,0,Kochi,nearest_canonical_atm_euclidean,
6955,2e4f4ff7-0558-5a93-9f55-6d580ae2e6a0,2023-11-10,7.006005e-05,0,Kochi,nearest_canonical_atm_euclidean,
6956,763d6454-b61c-5a02-92d7-26ea9b893473,2023-07-14,7.006005e-05,0,Kochi,nearest_canonical_atm_euclidean,
6957,ee9f1c0d-4243-53ee-bea5-1ddf8827fc8e,2023-07-14,7.006005e-05,0,Kochi,nearest_canonical_atm_euclidean,
6958,281743ab-f487-56c9-b693-bd116d729210,2023-07-14,7.006005e-05,0,Kochi,nearest_canonical_atm_euclidean,
6959,f7e9eeb1-1b63-5fff-808e-41e7688e77bc,2023-11-10,7.006005e-05,0,Kochi,nearest_canonical_atm_euclidean,
6960,f9de41af-30c1-5a71-9593-2b21d57e6308,2023-11-10,7.006005e-05,0,Kochi,nearest_canonical_atm_euclidean,
6961,b7a60ed8-5fcd-54e6-ac13-8fd055225183,2023-11-10,7.006005e-05,0,Kochi,nearest_canonical_atm_euclidean,
6962,90f1418e-1550-597c-a4a7-1fa635a287fd,2023-11-10,7.006005e-05,0,Kochi,nearest_canonical_atm_euclidean,
6963,b7a60ed8-5fcd-54e6-ac13-8fd055225183,2023-01-13,7.006005e-05,0,Kochi,nearest_canonical_atm_euclidean,
6964,90f1418e-1550-597c-a4a7-1fa635a287fd,2023-01-13,7.006005e-05,0,Kochi,nearest_canonical_atm_euclidean,
6965,313218c5-7e35-5ddf-9a07-b78b37bf85af,2023-01-13,7.006005e-05,0,Kochi,nearest_canonical_atm_euclidean,
6966,f9de41af-30c1-5a71-9593-2b21d57e6308,2023-07-14,7.006005e-05,0,Kochi,nearest_canonical_atm_euclidean,
6967,b7a60ed8-5fcd-54e6-ac13-8fd055225183,2023-07-14,7.006005e-05,0,Kochi,nearest_canonical_atm_euclidean,
6968,90f1418e-1550-597c-a4a7-1fa635a287fd,2023-07-14,7.006005e-05,0,Kochi,nearest_canonical_atm_euclidean,
6969,313218c5-7e35-5ddf-9a07-b78b37bf85af,2023-07-14,7.006005e-05,0,Kochi,nearest_canonical_atm_euclidean,
6970,9d12f1ed-a9ad-51a8-8df1-2eb81baaf1fe,2023-07-14,7.006005e-05,0,Kochi,nearest_canonical_atm_euclidean,
6971,c70bfe0e-f77f-53ce-993b-805b78b5a718,2023-07-14,7.006005e-05,0,Kochi,nearest_canonical_atm_euclidean,
6972,3b1382ef-92b4-5719-8f4e-41c058e944d6,2023-07-14,7.006005e-05,0,Kochi,nearest_canonical_atm_euclidean,
6973,1ebd4907-d191-5dd4-b2ef-97c39a5a69f7,2023-07-14,7.006005e-05,0,Kochi,nearest_canonical_atm_euclidean,
6974,2e4f4ff7-0558-5a93-9f55-6d580ae2e6a0,2023-07-14,7.006005e-05,0,Kochi,nearest_canonical_atm_euclidean,
6975,2641f1d2-9b08-5d9c-b6dc-bc8362c06b10,2023-07-14,7.006005e-05,0,Kochi,nearest_canonical_atm_euclidean,
6976,1119a360-06f7-56f1-9f0c-3d47eece1a49,2023-07-14,7.006005e-05,0,Kochi,nearest_canonical_atm_euclidean,
6977,763d6454-b61c-5a02-92d7-26ea9b893473,2023-04-21,7.006005e-05,0,Kochi,nearest_canonical_atm_euclidean,
6978,313218c5-7e35-5ddf-9a07-b78b37bf85af,2023-09-15,7.006005e-05,0,Kochi,nearest_canonical_atm_euclidean,
6979,9d12f1ed-a9ad-51a8-8df1-2eb81baaf1fe,2023-09-15,7.006005e-05,0,Kochi,nearest_canonical_atm_euclidean,
6980,c70bfe0e-f77f-53ce-993b-805b78b5a718,2023-09-15,7.006005e-05,0,Kochi,nearest_canonical_atm_euclidean,
6981,3b1382ef-92b4-5719-8f4e-41c058e944d6,2023-09-15,7.006005e-05,0,Kochi,nearest_canonical_atm_euclidean,
6982,1ebd4907-d191-5dd4-b2ef-97c39a5a69f7,2023-09-15,7.006005e-05,0,Kochi,nearest_canonical_atm_euclidean,
6983,b7a60ed8-5fcd-54e6-ac13-8fd055225183,2023-02-10,7.006005e-05,0,Kochi,nearest_canonical_atm_euclidean,
6984,f7e9eeb1-1b63-5fff-808e-41e7688e77bc,2023-04-07,7.006005e-05,0,Kochi,nearest_canonical_atm_euclidean,
6985,f9de41af-30c1-5a71-9593-2b21d57e6308,2023-04-07,7.006005e-05,0,Kochi,nearest_canonical_atm_euclidean,
6986,b7a60ed8-5fcd-54e6-ac13-8fd055225183,2023-04-07,7.006005e-05,0,Kochi,nearest_canonical_atm_euclidean,
6987,90f1418e-1550-597c-a4a7-1fa635a287fd,2023-04-07,7.006005e-05,0,Kochi,nearest_canonical_atm_euclidean,
6988,313218c5-7e35-5ddf-9a07-b78b37bf85af,2023-04-07,7.006005e-05,0,Kochi,nearest_canonical_atm_euclidean,
6989,9d12f1ed-a9ad-51a8-8df1-2eb81baaf1fe,2023-04-07,7.006005e-05,0,Kochi,nearest_canonical_atm_euclidean,
6990,c70bfe0e-f77f-53ce-993b-805b78b5a718,2023-04-07,7.006005e-05,0,Kochi,nearest_canonical_atm_euclidean,
6991,3b1382ef-92b4-5719-8f4e-41c058e944d6,2023-04-07,7.006005e-05,0,Kochi,nearest_canonical_atm_euclidean,
6992,1ebd4907-d191-5dd4-b2ef-97c39a5a69f7,2023-04-07,7.006005e-05,0,Kochi,nearest_canonical_atm_euclidean,
6993,2e4f4ff7-0558-5a93-9f55-6d580ae2e6a0,2023-09-01,7.006005e-05,0,Kochi,nearest_canonical_atm_euclidean,
6994,2641f1d2-9b08-5d9c-b6dc-bc8362c06b10,2023-09-01,7.006005e-05,0,Kochi,nearest_canonical_atm_euclidean,
6995,1119a360-06f7-56f1-9f0c-3d47eece1a49,2023-09-01,7.006005e-05,0,Kochi,nearest_canonical_atm_euclidean,
6996,763d6454-b61c-5a02-92d7-26ea9b893473,2023-09-01,7.006005e-05,0,Kochi,nearest_canonical_atm_euclidean,
6997,ee9f1c0d-4243-53ee-bea5-1ddf8827fc8e,2023-09-01,7.006005e-05,0,Kochi,nearest_canonical_atm_euclidean,
6998,281743ab-f487-56c9-b693-bd116d729210,2023-09-01,7.006005e-05,0,Kochi,nearest_canonical_atm_euclidean,
6999,f7e9eeb1-1b63-5fff-808e-41e7688e77bc,2023-10-06,7.006005e-05,0,Kochi,nearest_canonical_atm_euclidean,
7000,f9de41af-30c1-5a71-9593-2b21d57e6308,2023-10-06,7.006005e-05,0,Kochi,nearest_canonical_atm_euclidean,
7001,b7a60ed8-5fcd-54e6-ac13-8fd055225183,2023-10-06,7.006005e-05,0,Kochi,nearest_canonical_atm_euclidean,
7002,90f1418e-1550-597c-a4a7-1fa635a287fd,2023-10-20,7.006005e-05,0,Kochi,nearest_canonical_atm_euclidean,
7003,b7a60ed8-5fcd-54e6-ac13-8fd055225183,2023-09-01,7.006005e-05,0,Kochi,nearest_canonical_atm_euclidean,
7004,90f1418e-1550-597c-a4a7-1fa635a287fd,2023-09-01,7.006005e-05,0,Kochi,nearest_canonical_atm_euclidean,
7005,313218c5-7e35-5ddf-9a07-b78b37bf85af,2023-09-01,7.006005e-05,0,Kochi,nearest_canonical_atm_euclidean,
7006,9d12f1ed-a9ad-51a8-8df1-2eb81baaf1fe,2023-09-01,7.006005e-05,0,Kochi,nearest_canonical_atm_euclidean,
7007,c70bfe0e-f77f-53ce-993b-805b78b5a718,2023-09-01,7.006005e-05,0,Kochi,nearest_canonical_atm_euclidean,
7008,3b1382ef-92b4-5719-8f4e-41c058e944d6,2023-09-01,7.006005e-05,0,Kochi,nearest_canonical_atm_euclidean,
7009,90f1418e-1550-597c-a4a7-1fa635a287fd,2023-10-06,7.006005e-05,0,Kochi,nearest_canonical_atm_euclidean,
7010,313218c5-7e35-5ddf-9a07-b78b37bf85af,2023-10-06,7.006005e-05,0,Kochi,nearest_canonical_atm_euclidean,
7011,313218c5-7e35-5ddf-9a07-b78b37bf85af,2023-10-20,7.006005e-05,0,Kochi,nearest_canonical_atm_euclidean,
7012,9d12f1ed-a9ad-51a8-8df1-2eb81baaf1fe,2023-10-20,7.006005e-05,0,Kochi,nearest_canonical_atm_euclidean,
7013,c70bfe0e-f77f-53ce-993b-805b78b5a718,2023-10-20,7.006005e-05,0,Kochi,nearest_canonical_atm_euclidean,
7014,1ebd4907-d191-5dd4-b2ef-97c39a5a69f7,2023-09-01,7.006005e-05,0,Kochi,nearest_canonical_atm_euclidean,
7015,763d6454-b61c-5a02-92d7-26ea9b893473,2023-10-20,7.006005e-05,0,Kochi,nearest_canonical_atm_euclidean,
7016,ee9f1c0d-4243-53ee-bea5-1ddf8827fc8e,2023-10-20,7.006005e-05,0,Kochi,nearest_canonical_atm_euclidean,
7017,f9de41af-30c1-5a71-9593-2b21d57e6308,2023-07-07,7.006005e-05,0,Kochi,nearest_canonical_atm_euclidean,
7018,b7a60ed8-5fcd-54e6-ac13-8fd055225183,2023-07-07,7.006005e-05,0,Kochi,nearest_canonical_atm_euclidean,
7019,90f1418e-1550-597c-a4a7-1fa635a287fd,2023-07-07,7.006005e-05,0,Kochi,nearest_canonical_atm_euclidean,
7020,313218c5-7e35-5ddf-9a07-b78b37bf85af,2023-07-07,7.006005e-05,0,Kochi,nearest_canonical_atm_euclidean,
7021,9d12f1ed-a9ad-51a8-8df1-2eb81baaf1fe,2023-07-07,7.006005e-05,0,Kochi,nearest_canonical_atm_euclidean,
7022,c70bfe0e-f77f-53ce-993b-805b78b5a718,2023-07-07,7.006005e-05,0,Kochi,nearest_canonical_atm_euclidean,
7023,3b1382ef-92b4-5719-8f4e-41c058e944d6,2023-10-20,7.006005e-05,0,Kochi,nearest_canonical_atm_euclidean,
7024,f7e9eeb1-1b63-5fff-808e-41e7688e77bc,2023-09-01,7.006005e-05,0,Kochi,nearest_canonical_atm_euclidean,
7025,f9de41af-30c1-5a71-9593-2b21d57e6308,2023-09-01,7.006005e-05,0,Kochi,nearest_canonical_atm_euclidean,
7026,2e4f4ff7-0558-5a93-9f55-6d580ae2e6a0,2023-04-07,7.006005e-05,0,Kochi,nearest_canonical_atm_euclidean,
7027,c70bfe0e-f77f-53ce-993b-805b78b5a718,2022-12-30,7.006005e-05,0,Kochi,nearest_canonical_atm_euclidean,
7028,3b1382ef-92b4-5719-8f4e-41c058e944d6,2022-12-30,7.006005e-05,0,Kochi,nearest_canonical_atm_euclidean,
7029,1ebd4907-d191-5dd4-b2ef-97c39a5a69f7,2022-12-30,7.006005e-05,0,Kochi,nearest_canonical_atm_euclidean,
7030,2e4f4ff7-0558-5a93-9f55-6d580ae2e6a0,2022-12-30,7.006005e-05,0,Kochi,nearest_canonical_atm_euclidean,
7031,2641f1d2-9b08-5d9c-b6dc-bc8362c06b10,2022-12-30,7.006005e-05,0,Kochi,nearest_canonical_atm_euclidean,
7032,1119a360-06f7-56f1-9f0c-3d47eece1a49,2022-12-30,7.006005e-05,0,Kochi,nearest_canonical_atm_euclidean,
7033,1ebd4907-d191-5dd4-b2ef-97c39a5a69f7,2023-10-20,7.006005e-05,0,Kochi,nearest_canonical_atm_euclidean,
7034,f7e9eeb1-1b63-5fff-808e-41e7688e77bc,2023-09-15,7.006005e-05,0,Kochi,nearest_canonical_atm_euclidean,
7035,2e4f4ff7-0558-5a93-9f55-6d580ae2e6a0,2023-09-15,7.006005e-05,0,Kochi,nearest_canonical_atm_euclidean,
7036,763d6454-b61c-5a02-92d7-26ea9b893473,2023-07-07,7.006005e-05,0,Kochi,nearest_canonical_atm_euclidean,
7037,ee9f1c0d-4243-53ee-bea5-1ddf8827fc8e,2023-07-07,7.006005e-05,0,Kochi,nearest_canonical_atm_euclidean,
7038,281743ab-f487-56c9-b693-bd116d729210,2023-07-07,7.006005e-05,0,Kochi,nearest_canonical_atm_euclidean,
7039,2e4f4ff7-0558-5a93-9f55-6d580ae2e6a0,2023-10-20,7.006005e-05,0,Kochi,nearest_canonical_atm_euclidean,
7040,f7e9eeb1-1b63-5fff-808e-41e7688e77bc,2023-07-07,7.006005e-05,0,Kochi,nearest_canonical_atm_euclidean,
7041,f7e9eeb1-1b63-5fff-808e-41e7688e77bc,2023-05-05,7.006005e-05,0,Kochi,nearest_canonical_atm_euclidean,
7042,f9de41af-30c1-5a71-9593-2b21d57e6308,2023-05-05,7.006005e-05,0,Kochi,nearest_canonical_atm_euclidean,
7043,f7e9eeb1-1b63-5fff-808e-41e7688e77bc,2023-08-11,7.006005e-05,0,Kochi,nearest_canonical_atm_euclidean,
7044,f9de41af-30c1-5a71-9593-2b21d57e6308,2023-08-11,7.006005e-05,0,Kochi,nearest_canonical_atm_euclidean,
7045,b7a60ed8-5fcd-54e6-ac13-8fd055225183,2023-08-11,7.006005e-05,0,Kochi,nearest_canonical_atm_euclidean,
7046,90f1418e-1550-597c-a4a7-1fa635a287fd,2023-08-11,7.006005e-05,0,Kochi,nearest_canonical_atm_euclidean,
7047,313218c5-7e35-5ddf-9a07-b78b37bf85af,2023-08-11,7.006005e-05,0,Kochi,nearest_canonical_atm_euclidean,
7048,9d12f1ed-a9ad-51a8-8df1-2eb81baaf1fe,2023-08-11,7.006005e-05,0,Kochi,nearest_canonical_atm_euclidean,
7049,281743ab-f487-56c9-b693-bd116d729210,2023-10-06,7.006005e-05,0,Kochi,nearest_canonical_atm_euclidean,
7050,281743ab-f487-56c9-b693-bd116d729210,2023-03-24,7.006005e-05,0,Kochi,nearest_canonical_atm_euclidean,
7051,2641f1d2-9b08-5d9c-b6dc-bc8362c06b10,2023-10-20,7.006005e-05,0,Kochi,nearest_canonical_atm_euclidean,
7052,1119a360-06f7-56f1-9f0c-3d47eece1a49,2023-10-20,7.006005e-05,0,Kochi,nearest_canonical_atm_euclidean,
7053,3b1382ef-92b4-5719-8f4e-41c058e944d6,2023-07-07,7.006005e-05,0,Kochi,nearest_canonical_atm_euclidean,
7054,1ebd4907-d191-5dd4-b2ef-97c39a5a69f7,2023-07-07,7.006005e-05,0,Kochi,nearest_canonical_atm_euclidean,
7055,2e4f4ff7-0558-5a93-9f55-6d580ae2e6a0,2023-07-07,7.006005e-05,0,Kochi,nearest_canonical_atm_euclidean,
7056,2641f1d2-9b08-5d9c-b6dc-bc8362c06b10,2023-07-07,7.006005e-05,0,Kochi,nearest_canonical_atm_euclidean,
7057,1119a360-06f7-56f1-9f0c-3d47eece1a49,2023-07-07,7.006005e-05,0,Kochi,nearest_canonical_atm_euclidean,
7058,2641f1d2-9b08-5d9c-b6dc-bc8362c06b10,2023-09-15,7.006005e-05,0,Kochi,nearest_canonical_atm_euclidean,
7059,1119a360-06f7-56f1-9f0c-3d47eece1a49,2023-09-15,7.006005e-05,0,Kochi,nearest_canonical_atm_euclidean,
7060,763d6454-b61c-5a02-92d7-26ea9b893473,2023-09-15,7.006005e-05,0,Kochi,nearest_canonical_atm_euclidean,
7061,ee9f1c0d-4243-53ee-bea5-1ddf8827fc8e,2023-09-15,7.006005e-05,0,Kochi,nearest_canonical_atm_euclidean,
7062,281743ab-f487-56c9-b693-bd116d729210,2023-09-15,7.006005e-05,0,Kochi,nearest_canonical_atm_euclidean,
7063,763d6454-b61c-5a02-92d7-26ea9b893473,2022-12-30,7.006005e-05,0,Kochi,nearest_canonical_atm_euclidean,
7064,ee9f1c0d-4243-53ee-bea5-1ddf8827fc8e,2022-12-30,7.006005e-05,0,Kochi,nearest_canonical_atm_euclidean,
7065,281743ab-f487-56c9-b693-bd116d729210,2022-12-30,7.006005e-05,0,Kochi,nearest_canonical_atm_euclidean,
7066,9d12f1ed-a9ad-51a8-8df1-2eb81baaf1fe,2023-08-18,7.006005e-05,0,Kochi,nearest_canonical_atm_euclidean,
7067,c70bfe0e-f77f-53ce-993b-805b78b5a718,2023-08-18,7.006005e-05,0,Kochi,nearest_canonical_atm_euclidean,
7068,281743ab-f487-56c9-b693-bd116d729210,2023-12-01,7.006005e-05,0,Kochi,nearest_canonical_atm_euclidean,
7069,f9de41af-30c1-5a71-9593-2b21d57e6308,2023-06-09,7.006005e-05,0,Kochi,nearest_canonical_atm_euclidean,
7070,f7e9eeb1-1b63-5fff-808e-41e7688e77bc,2023-03-24,7.006005e-05,0,Kochi,nearest_canonical_atm_euclidean,
7071,2641f1d2-9b08-5d9c-b6dc-bc8362c06b10,2023-05-05,7.006005e-05,0,Kochi,nearest_canonical_atm_euclidean,
7072,9d12f1ed-a9ad-51a8-8df1-2eb81baaf1fe,2023-10-06,7.006005e-05,0,Kochi,nearest_canonical_atm_euclidean,
7073,c70bfe0e-f77f-53ce-993b-805b78b5a718,2023-10-06,7.006005e-05,0,Kochi,nearest_canonical_atm_euclidean,
7074,3b1382ef-92b4-5719-8f4e-41c058e944d6,2023-10-06,7.006005e-05,0,Kochi,nearest_canonical_atm_euclidean,
7075,1ebd4907-d191-5dd4-b2ef-97c39a5a69f7,2023-10-06,7.006005e-05,0,Kochi,nearest_canonical_atm_euclidean,
7076,2e4f4ff7-0558-5a93-9f55-6d580ae2e6a0,2023-10-06,7.006005e-05,0,Kochi,nearest_canonical_atm_euclidean,
7077,2641f1d2-9b08-5d9c-b6dc-bc8362c06b10,2023-10-06,7.006005e-05,0,Kochi,nearest_canonical_atm_euclidean,
7078,1119a360-06f7-56f1-9f0c-3d47eece1a49,2023-10-06,7.006005e-05,0,Kochi,nearest_canonical_atm_euclidean,
7079,763d6454-b61c-5a02-92d7-26ea9b893473,2023-10-06,7.006005e-05,0,Kochi,nearest_canonical_atm_euclidean,
7080,ee9f1c0d-4243-53ee-bea5-1ddf8827fc8e,2023-10-06,7.006005e-05,0,Kochi,nearest_canonical_atm_euclidean,
7081,3b1382ef-92b4-5719-8f4e-41c058e944d6,2023-11-17,7.006005e-05,0,Kochi,nearest_canonical_atm_euclidean,
7082,1ebd4907-d191-5dd4-b2ef-97c39a5a69f7,2023-11-17,7.006005e-05,0,Kochi,nearest_canonical_atm_euclidean,
7083,2e4f4ff7-0558-5a93-9f55-6d580ae2e6a0,2023-11-17,7.006005e-05,0,Kochi,nearest_canonical_atm_euclidean,
7084,2641f1d2-9b08-5d9c-b6dc-bc8362c06b10,2023-11-17,7.006005e-05,0,Kochi,nearest_canonical_atm_euclidean,
7085,1119a360-06f7-56f1-9f0c-3d47eece1a49,2023-11-17,7.006005e-05,0,Kochi,nearest_canonical_atm_euclidean,
7086,763d6454-b61c-5a02-92d7-26ea9b893473,2023-11-17,7.006005e-05,0,Kochi,nearest_canonical_atm_euclidean,
7087,ee9f1c0d-4243-53ee-bea5-1ddf8827fc8e,2023-11-17,7.006005e-05,0,Kochi,nearest_canonical_atm_euclidean,
7088,281743ab-f487-56c9-b693-bd116d729210,2023-11-17,7.006005e-05,0,Kochi,nearest_canonical_atm_euclidean,
7089,f7e9eeb1-1b63-5fff-808e-41e7688e77bc,2023-02-10,7.006005e-05,0,Kochi,nearest_canonical_atm_euclidean,
7090,f7e9eeb1-1b63-5fff-808e-41e7688e77bc,2023-05-26,7.006005e-05,0,Kochi,nearest_canonical_atm_euclidean,
7091,c70bfe0e-f77f-53ce-993b-805b78b5a718,2023-04-21,7.006005e-05,0,Kochi,nearest_canonical_atm_euclidean,
7092,3b1382ef-92b4-5719-8f4e-41c058e944d6,2023-04-21,7.006005e-05,0,Kochi,nearest_canonical_atm_euclidean,
7093,9d12f1ed-a9ad-51a8-8df1-2eb81baaf1fe,2023-11-17,7.006005e-05,0,Kochi,nearest_canonical_atm_euclidean,
7094,f9de41af-30c1-5a71-9593-2b21d57e6308,2023-03-24,7.006005e-05,0,Kochi,nearest_canonical_atm_euclidean,
7095,b7a60ed8-5fcd-54e6-ac13-8fd055225183,2023-03-24,7.006005e-05,0,Kochi,nearest_canonical_atm_euclidean,
7096,90f1418e-1550-597c-a4a7-1fa635a287fd,2023-03-24,7.006005e-05,0,Kochi,nearest_canonical_atm_euclidean,
7097,313218c5-7e35-5ddf-9a07-b78b37bf85af,2023-03-24,7.006005e-05,0,Kochi,nearest_canonical_atm_euclidean,
7098,9d12f1ed-a9ad-51a8-8df1-2eb81baaf1fe,2023-03-24,7.006005e-05,0,Kochi,nearest_canonical_atm_euclidean,
7099,c70bfe0e-f77f-53ce-993b-805b78b5a718,2023-03-24,7.006005e-05,0,Kochi,nearest_canonical_atm_euclidean,
7100,3b1382ef-92b4-5719-8f4e-41c058e944d6,2023-03-24,7.006005e-05,0,Kochi,nearest_canonical_atm_euclidean,
7101,1ebd4907-d191-5dd4-b2ef-97c39a5a69f7,2023-03-24,7.006005e-05,0,Kochi,nearest_canonical_atm_euclidean,
7102,2e4f4ff7-0558-5a93-9f55-6d580ae2e6a0,2023-03-24,7.006005e-05,0,Kochi,nearest_canonical_atm_euclidean,
7103,2641f1d2-9b08-5d9c-b6dc-bc8362c06b10,2023-03-24,7.006005e-05,0,Kochi,nearest_canonical_atm_euclidean,
7104,1119a360-06f7-56f1-9f0c-3d47eece1a49,2023-03-24,7.006005e-05,0,Kochi,nearest_canonical_atm_euclidean,
7105,763d6454-b61c-5a02-92d7-26ea9b893473,2023-03-24,7.006005e-05,0,Kochi,nearest_canonical_atm_euclidean,
7106,ee9f1c0d-4243-53ee-bea5-1ddf8827fc8e,2023-03-24,7.006005e-05,0,Kochi,nearest_canonical_atm_euclidean,
7107,c70bfe0e-f77f-53ce-993b-805b78b5a718,2023-11-17,7.006005e-05,0,Kochi,nearest_canonical_atm_euclidean,
7108,313218c5-7e35-5ddf-9a07-b78b37bf85af,2023-04-14,7.006005e-05,0,Kochi,nearest_canonical_atm_euclidean,
7109,9d12f1ed-a9ad-51a8-8df1-2eb81baaf1fe,2023-04-14,7.006005e-05,0,Kochi,nearest_canonical_atm_euclidean,
7110,c70bfe0e-f77f-53ce-993b-805b78b5a718,2023-04-14,7.006005e-05,0,Kochi,nearest_canonical_atm_euclidean,
7111,3b1382ef-92b4-5719-8f4e-41c058e944d6,2023-04-14,7.006005e-05,0,Kochi,nearest_canonical_atm_euclidean,
7112,1ebd4907-d191-5dd4-b2ef-97c39a5a69f7,2023-04-14,7.006005e-05,0,Kochi,nearest_canonical_atm_euclidean,
7113,2e4f4ff7-0558-5a93-9f55-6d580ae2e6a0,2023-04-14,7.006005e-05,0,Kochi,nearest_canonical_atm_euclidean,
7114,2641f1d2-9b08-5d9c-b6dc-bc8362c06b10,2023-04-14,7.006005e-05,0,Kochi,nearest_canonical_atm_euclidean,
7115,1119a360-06f7-56f1-9f0c-3d47eece1a49,2023-04-14,7.006005e-05,0,Kochi,nearest_canonical_atm_euclidean,
7116,763d6454-b61c-5a02-92d7-26ea9b893473,2023-04-14,7.006005e-05,0,Kochi,nearest_canonical_atm_euclidean,
7117,ee9f1c0d-4243-53ee-bea5-1ddf8827fc8e,2023-04-14,7.006005e-05,0,Kochi,nearest_canonical_atm_euclidean,
7118,281743ab-f487-56c9-b693-bd116d729210,2023-04-14,7.006005e-05,0,Kochi,nearest_canonical_atm_euclidean,
7119,f7e9eeb1-1b63-5fff-808e-41e7688e77bc,2023-11-17,7.006005e-05,0,Kochi,nearest_canonical_atm_euclidean,
7120,f9de41af-30c1-5a71-9593-2b21d57e6308,2023-11-17,7.006005e-05,0,Kochi,nearest_canonical_atm_euclidean,
7121,b7a60ed8-5fcd-54e6-ac13-8fd055225183,2023-11-17,7.006005e-05,0,Kochi,nearest_canonical_atm_euclidean,
7122,90f1418e-1550-597c-a4a7-1fa635a287fd,2023-11-17,7.006005e-05,0,Kochi,nearest_canonical_atm_euclidean,
7123,313218c5-7e35-5ddf-9a07-b78b37bf85af,2023-11-17,7.006005e-05,0,Kochi,nearest_canonical_atm_euclidean,
7124,313218c5-7e35-5ddf-9a07-b78b37bf85af,2023-05-12,7.006005e-05,0,Kochi,nearest_canonical_atm_euclidean,
7125,9d12f1ed-a9ad-51a8-8df1-2eb81baaf1fe,2023-05-12,7.006005e-05,0,Kochi,nearest_canonical_atm_euclidean,
7126,c70bfe0e-f77f-53ce-993b-805b78b5a718,2023-05-12,7.006005e-05,0,Kochi,nearest_canonical_atm_euclidean,
7127,3b1382ef-92b4-5719-8f4e-41c058e944d6,2023-05-12,7.006005e-05,0,Kochi,nearest_canonical_atm_euclidean,
7128,1ebd4907-d191-5dd4-b2ef-97c39a5a69f7,2023-05-12,7.006005e-05,0,Kochi,nearest_canonical_atm_euclidean,
7129,2e4f4ff7-0558-5a93-9f55-6d580ae2e6a0,2023-05-12,7.006005e-05,0,Kochi,nearest_canonical_atm_euclidean,
7130,2641f1d2-9b08-5d9c-b6dc-bc8362c06b10,2023-05-12,7.006005e-05,0,Kochi,nearest_canonical_atm_euclidean,
7131,1119a360-06f7-56f1-9f0c-3d47eece1a49,2023-05-12,7.006005e-05,0,Kochi,nearest_canonical_atm_euclidean,
7132,f7e9eeb1-1b63-5fff-808e-41e7688e77bc,2023-06-30,7.006005e-05,0,Kochi,nearest_canonical_atm_euclidean,
7133,f9de41af-30c1-5a71-9593-2b21d57e6308,2023-06-30,7.006005e-05,0,Kochi,nearest_canonical_atm_euclidean,
7134,f9de41af-30c1-5a71-9593-2b21d57e6308,2023-05-26,7.006005e-05,0,Kochi,nearest_canonical_atm_euclidean,
7135,f9de41af-30c1-5a71-9593-2b21d57e6308,2023-04-14,7.006005e-05,0,Kochi,nearest_canonical_atm_euclidean,
7136,b7a60ed8-5fcd-54e6-ac13-8fd055225183,2023-04-14,7.006005e-05,0,Kochi,nearest_canonical_atm_euclidean,
7137,90f1418e-1550-597c-a4a7-1fa635a287fd,2023-04-14,7.006005e-05,0,Kochi,nearest_canonical_atm_euclidean,
7138,b7a60ed8-5fcd-54e6-ac13-8fd055225183,2023-06-09,7.006005e-05,0,Kochi,nearest_canonical_atm_euclidean,
7139,90f1418e-1550-597c-a4a7-1fa635a287fd,2023-06-09,7.006005e-05,0,Kochi,nearest_canonical_atm_euclidean,
7140,313218c5-7e35-5ddf-9a07-b78b37bf85af,2023-06-09,7.006005e-05,0,Kochi,nearest_canonical_atm_euclidean,
7141,9d12f1ed-a9ad-51a8-8df1-2eb81baaf1fe,2023-06-09,7.006005e-05,0,Kochi,nearest_canonical_atm_euclidean,
7142,c70bfe0e-f77f-53ce-993b-805b78b5a718,2023-06-09,7.006005e-05,0,Kochi,nearest_canonical_atm_euclidean,
7143,3b1382ef-92b4-5719-8f4e-41c058e944d6,2023-06-09,7.006005e-05,0,Kochi,nearest_canonical_atm_euclidean,
7144,1ebd4907-d191-5dd4-b2ef-97c39a5a69f7,2023-06-09,7.006005e-05,0,Kochi,nearest_canonical_atm_euclidean,
7145,2e4f4ff7-0558-5a93-9f55-6d580ae2e6a0,2023-06-09,7.006005e-05,0,Kochi,nearest_canonical_atm_euclidean,
7146,2641f1d2-9b08-5d9c-b6dc-bc8362c06b10,2023-06-09,7.006005e-05,0,Kochi,nearest_canonical_atm_euclidean,
7147,1119a360-06f7-56f1-9f0c-3d47eece1a49,2023-06-09,7.006005e-05,0,Kochi,nearest_canonical_atm_euclidean,
7148,763d6454-b61c-5a02-92d7-26ea9b893473,2023-06-09,7.006005e-05,0,Kochi,nearest_canonical_atm_euclidean,
7149,ee9f1c0d-4243-53ee-bea5-1ddf8827fc8e,2023-06-09,7.006005e-05,0,Kochi,nearest_canonical_atm_euclidean,
7150,281743ab-f487-56c9-b693-bd116d729210,2023-06-09,7.006005e-05,0,Kochi,nearest_canonical_atm_euclidean,
7151,b7a60ed8-5fcd-54e6-ac13-8fd055225183,2023-05-26,7.006005e-05,0,Kochi,nearest_canonical_atm_euclidean,
7152,f7e9eeb1-1b63-5fff-808e-41e7688e77bc,2022-12-30,7.006005e-05,0,Kochi,nearest_canonical_atm_euclidean,
7153,f9de41af-30c1-5a71-9593-2b21d57e6308,2022-12-30,7.006005e-05,0,Kochi,nearest_canonical_atm_euclidean,
7154,763d6454-b61c-5a02-92d7-26ea9b893473,2023-06-30,7.006005e-05,0,Kochi,nearest_canonical_atm_euclidean,
7155,ee9f1c0d-4243-53ee-bea5-1ddf8827fc8e,2023-06-30,7.006005e-05,0,Kochi,nearest_canonical_atm_euclidean,
7156,281743ab-f487-56c9-b693-bd116d729210,2023-06-30,7.006005e-05,0,Kochi,nearest_canonical_atm_euclidean,
7157,b7a60ed8-5fcd-54e6-ac13-8fd055225183,2023-06-30,7.006005e-05,0,Kochi,nearest_canonical_atm_euclidean,
7158,90f1418e-1550-597c-a4a7-1fa635a287fd,2023-06-30,7.006005e-05,0,Kochi,nearest_canonical_atm_euclidean,
7159,313218c5-7e35-5ddf-9a07-b78b37bf85af,2023-06-30,7.006005e-05,0,Kochi,nearest_canonical_atm_euclidean,
7160,9d12f1ed-a9ad-51a8-8df1-2eb81baaf1fe,2023-06-30,7.006005e-05,0,Kochi,nearest_canonical_atm_euclidean,
7161,c70bfe0e-f77f-53ce-993b-805b78b5a718,2023-06-30,7.006005e-05,0,Kochi,nearest_canonical_atm_euclidean,
7162,3b1382ef-92b4-5719-8f4e-41c058e944d6,2023-06-30,7.006005e-05,0,Kochi,nearest_canonical_atm_euclidean,
7163,1ebd4907-d191-5dd4-b2ef-97c39a5a69f7,2023-06-30,7.006005e-05,0,Kochi,nearest_canonical_atm_euclidean,
7164,2e4f4ff7-0558-5a93-9f55-6d580ae2e6a0,2023-06-30,7.006005e-05,0,Kochi,nearest_canonical_atm_euclidean,
7165,2641f1d2-9b08-5d9c-b6dc-bc8362c06b10,2023-06-30,7.006005e-05,0,Kochi,nearest_canonical_atm_euclidean,
7166,1119a360-06f7-56f1-9f0c-3d47eece1a49,2023-06-30,7.006005e-05,0,Kochi,nearest_canonical_atm_euclidean,
7167,b7a60ed8-5fcd-54e6-ac13-8fd055225183,2023-05-12,7.006005e-05,0,Kochi,nearest_canonical_atm_euclidean,
7168,90f1418e-1550-597c-a4a7-1fa635a287fd,2023-05-12,7.006005e-05,0,Kochi,nearest_canonical_atm_euclidean,
7169,3b1382ef-92b4-5719-8f4e-41c058e944d6,2023-09-22,7.006005e-05,0,Kochi,nearest_canonical_atm_euclidean,
7170,f7e9eeb1-1b63-5fff-808e-41e7688e77bc,2023-05-12,7.006005e-05,0,Kochi,nearest_canonical_atm_euclidean,
7171,f9de41af-30c1-5a71-9593-2b21d57e6308,2023-05-12,7.006005e-05,0,Kochi,nearest_canonical_atm_euclidean,
7172,1ebd4907-d191-5dd4-b2ef-97c39a5a69f7,2023-09-22,7.006005e-05,0,Kochi,nearest_canonical_atm_euclidean,
7173,313218c5-7e35-5ddf-9a07-b78b37bf85af,2023-02-03,7.006005e-05,0,Kochi,nearest_canonical_atm_euclidean,
7174,9d12f1ed-a9ad-51a8-8df1-2eb81baaf1fe,2023-02-03,7.006005e-05,0,Kochi,nearest_canonical_atm_euclidean,
7175,2e4f4ff7-0558-5a93-9f55-6d580ae2e6a0,2023-09-22,7.006005e-05,0,Kochi,nearest_canonical_atm_euclidean,
7176,2641f1d2-9b08-5d9c-b6dc-bc8362c06b10,2023-02-10,7.006005e-05,0,Kochi,nearest_canonical_atm_euclidean,
7177,1119a360-06f7-56f1-9f0c-3d47eece1a49,2023-02-10,7.006005e-05,0,Kochi,nearest_canonical_atm_euclidean,
7178,9d12f1ed-a9ad-51a8-8df1-2eb81baaf1fe,2023-05-05,7.006005e-05,0,Kochi,nearest_canonical_atm_euclidean,
7179,1ebd4907-d191-5dd4-b2ef-97c39a5a69f7,2023-01-06,7.006005e-05,0,Kochi,nearest_canonical_atm_euclidean,
7180,2e4f4ff7-0558-5a93-9f55-6d580ae2e6a0,2023-01-06,7.006005e-05,0,Kochi,nearest_canonical_atm_euclidean,
7181,2641f1d2-9b08-5d9c-b6dc-bc8362c06b10,2023-01-06,7.006005e-05,0,Kochi,nearest_canonical_atm_euclidean,
7182,c70bfe0e-f77f-53ce-993b-805b78b5a718,2023-02-03,7.006005e-05,0,Kochi,nearest_canonical_atm_euclidean,
7183,3b1382ef-92b4-5719-8f4e-41c058e944d6,2023-02-03,7.006005e-05,0,Kochi,nearest_canonical_atm_euclidean,
7184,1ebd4907-d191-5dd4-b2ef-97c39a5a69f7,2023-02-03,7.006005e-05,0,Kochi,nearest_canonical_atm_euclidean,
7185,2e4f4ff7-0558-5a93-9f55-6d580ae2e6a0,2023-02-03,7.006005e-05,0,Kochi,nearest_canonical_atm_euclidean,
7186,2641f1d2-9b08-5d9c-b6dc-bc8362c06b10,2023-02-03,7.006005e-05,0,Kochi,nearest_canonical_atm_euclidean,
7187,1119a360-06f7-56f1-9f0c-3d47eece1a49,2023-02-03,7.006005e-05,0,Kochi,nearest_canonical_atm_euclidean,
7188,763d6454-b61c-5a02-92d7-26ea9b893473,2023-02-03,7.006005e-05,0,Kochi,nearest_canonical_atm_euclidean,
7189,ee9f1c0d-4243-53ee-bea5-1ddf8827fc8e,2023-02-03,7.006005e-05,0,Kochi,nearest_canonical_atm_euclidean,
7190,281743ab-f487-56c9-b693-bd116d729210,2023-02-03,7.006005e-05,0,Kochi,nearest_canonical_atm_euclidean,
7191,1119a360-06f7-56f1-9f0c-3d47eece1a49,2023-01-06,7.006005e-05,0,Kochi,nearest_canonical_atm_euclidean,
7192,f9de41af-30c1-5a71-9593-2b21d57e6308,2023-03-03,7.006005e-05,0,Kochi,nearest_canonical_atm_euclidean,
7193,b7a60ed8-5fcd-54e6-ac13-8fd055225183,2023-03-03,7.006005e-05,0,Kochi,nearest_canonical_atm_euclidean,
7194,90f1418e-1550-597c-a4a7-1fa635a287fd,2023-03-03,7.006005e-05,0,Kochi,nearest_canonical_atm_euclidean,
7195,313218c5-7e35-5ddf-9a07-b78b37bf85af,2023-03-03,7.006005e-05,0,Kochi,nearest_canonical_atm_euclidean,
7196,9d12f1ed-a9ad-51a8-8df1-2eb81baaf1fe,2023-03-03,7.006005e-05,0,Kochi,nearest_canonical_atm_euclidean,
7197,c70bfe0e-f77f-53ce-993b-805b78b5a718,2023-03-03,7.006005e-05,0,Kochi,nearest_canonical_atm_euclidean,
7198,3b1382ef-92b4-5719-8f4e-41c058e944d6,2023-03-03,7.006005e-05,0,Kochi,nearest_canonical_atm_euclidean,
7199,f7e9eeb1-1b63-5fff-808e-41e7688e77bc,2023-01-06,7.006005e-05,0,Kochi,nearest_canonical_atm_euclidean,
7200,f9de41af-30c1-5a71-9593-2b21d57e6308,2023-01-06,7.006005e-05,0,Kochi,nearest_canonical_atm_euclidean,
7201,b7a60ed8-5fcd-54e6-ac13-8fd055225183,2023-01-06,7.006005e-05,0,Kochi,nearest_canonical_atm_euclidean,
7202,90f1418e-1550-597c-a4a7-1fa635a287fd,2023-01-06,7.006005e-05,0,Kochi,nearest_canonical_atm_euclidean,
7203,313218c5-7e35-5ddf-9a07-b78b37bf85af,2023-01-06,7.006005e-05,0,Kochi,nearest_canonical_atm_euclidean,
7204,9d12f1ed-a9ad-51a8-8df1-2eb81baaf1fe,2023-01-06,7.006005e-05,0,Kochi,nearest_canonical_atm_euclidean,
7205,c70bfe0e-f77f-53ce-993b-805b78b5a718,2023-01-06,7.006005e-05,0,Kochi,nearest_canonical_atm_euclidean,
7206,3b1382ef-92b4-5719-8f4e-41c058e944d6,2023-01-06,7.006005e-05,0,Kochi,nearest_canonical_atm_euclidean,
7207,c70bfe0e-f77f-53ce-993b-805b78b5a718,2023-05-05,7.006005e-05,0,Kochi,nearest_canonical_atm_euclidean,
7208,3b1382ef-92b4-5719-8f4e-41c058e944d6,2023-05-05,7.006005e-05,0,Kochi,nearest_canonical_atm_euclidean,
7209,f7e9eeb1-1b63-5fff-808e-41e7688e77bc,2023-02-03,7.006005e-05,0,Kochi,nearest_canonical_atm_euclidean,
7210,281743ab-f487-56c9-b693-bd116d729210,2023-10-20,7.006005e-05,0,Kochi,nearest_canonical_atm_euclidean,
7211,1ebd4907-d191-5dd4-b2ef-97c39a5a69f7,2023-05-05,7.006005e-05,0,Kochi,nearest_canonical_atm_euclidean,
7212,2e4f4ff7-0558-5a93-9f55-6d580ae2e6a0,2023-05-05,7.006005e-05,0,Kochi,nearest_canonical_atm_euclidean,
7213,2641f1d2-9b08-5d9c-b6dc-bc8362c06b10,2023-09-22,7.006005e-05,0,Kochi,nearest_canonical_atm_euclidean,
7214,1119a360-06f7-56f1-9f0c-3d47eece1a49,2023-05-05,7.006005e-05,0,Kochi,nearest_canonical_atm_euclidean,
7215,f7e9eeb1-1b63-5fff-808e-41e7688e77bc,2023-03-03,7.006005e-05,0,Kochi,nearest_canonical_atm_euclidean,
7216,b7a60ed8-5fcd-54e6-ac13-8fd055225183,2022-12-30,7.006005e-05,0,Kochi,nearest_canonical_atm_euclidean,
7217,90f1418e-1550-597c-a4a7-1fa635a287fd,2022-12-30,7.006005e-05,0,Kochi,nearest_canonical_atm_euclidean,
7218,313218c5-7e35-5ddf-9a07-b78b37bf85af,2022-12-30,7.006005e-05,0,Kochi,nearest_canonical_atm_euclidean,
7219,9d12f1ed-a9ad-51a8-8df1-2eb81baaf1fe,2022-12-30,7.006005e-05,0,Kochi,nearest_canonical_atm_euclidean,
7220,763d6454-b61c-5a02-92d7-26ea9b893473,2023-05-05,7.006005e-05,0,Kochi,nearest_canonical_atm_euclidean,
7221,2641f1d2-9b08-5d9c-b6dc-bc8362c06b10,2023-04-07,7.006005e-05,0,Kochi,nearest_canonical_atm_euclidean,
7222,ee9f1c0d-4243-53ee-bea5-1ddf8827fc8e,2023-05-05,7.006005e-05,0,Kochi,nearest_canonical_atm_euclidean,
7223,1119a360-06f7-56f1-9f0c-3d47eece1a49,2023-04-07,7.006005e-05,0,Kochi,nearest_canonical_atm_euclidean,
7224,763d6454-b61c-5a02-92d7-26ea9b893473,2023-04-07,7.006005e-05,0,Kochi,nearest_canonical_atm_euclidean,
7225,313218c5-7e35-5ddf-9a07-b78b37bf85af,2023-11-24,7.006005e-05,0,Kochi,nearest_canonical_atm_euclidean,
7226,9d12f1ed-a9ad-51a8-8df1-2eb81baaf1fe,2023-11-24,7.006005e-05,0,Kochi,nearest_canonical_atm_euclidean,
7227,c70bfe0e-f77f-53ce-993b-805b78b5a718,2023-11-24,7.006005e-05,0,Kochi,nearest_canonical_atm_euclidean,
7228,3b1382ef-92b4-5719-8f4e-41c058e944d6,2023-11-24,7.006005e-05,0,Kochi,nearest_canonical_atm_euclidean,
7229,1ebd4907-d191-5dd4-b2ef-97c39a5a69f7,2023-11-24,7.006005e-05,0,Kochi,nearest_canonical_atm_euclidean,
7230,2e4f4ff7-0558-5a93-9f55-6d580ae2e6a0,2023-11-24,7.006005e-05,0,Kochi,nearest_canonical_atm_euclidean,
7231,2641f1d2-9b08-5d9c-b6dc-bc8362c06b10,2023-11-24,7.006005e-05,0,Kochi,nearest_canonical_atm_euclidean,
7232,1119a360-06f7-56f1-9f0c-3d47eece1a49,2023-11-24,7.006005e-05,0,Kochi,nearest_canonical_atm_euclidean,
7233,763d6454-b61c-5a02-92d7-26ea9b893473,2023-11-24,7.006005e-05,0,Kochi,nearest_canonical_atm_euclidean,
7234,ee9f1c0d-4243-53ee-bea5-1ddf8827fc8e,2023-11-24,7.006005e-05,0,Kochi,nearest_canonical_atm_euclidean,
7235,281743ab-f487-56c9-b693-bd116d729210,2023-11-24,7.006005e-05,0,Kochi,nearest_canonical_atm_euclidean,
7236,f7e9eeb1-1b63-5fff-808e-41e7688e77bc,2023-04-14,7.006005e-05,0,Kochi,nearest_canonical_atm_euclidean,
7237,3b1382ef-92b4-5719-8f4e-41c058e944d6,2023-09-08,7.006005e-05,0,Kochi,nearest_canonical_atm_euclidean,
7238,1ebd4907-d191-5dd4-b2ef-97c39a5a69f7,2023-09-08,7.006005e-05,0,Kochi,nearest_canonical_atm_euclidean,
7239,2e4f4ff7-0558-5a93-9f55-6d580ae2e6a0,2023-09-08,7.006005e-05,0,Kochi,nearest_canonical_atm_euclidean,
7240,2641f1d2-9b08-5d9c-b6dc-bc8362c06b10,2023-09-08,7.006005e-05,0,Kochi,nearest_canonical_atm_euclidean,
7241,1119a360-06f7-56f1-9f0c-3d47eece1a49,2023-09-08,7.006005e-05,0,Kochi,nearest_canonical_atm_euclidean,
7242,1ebd4907-d191-5dd4-b2ef-97c39a5a69f7,2023-06-23,7.006005e-05,0,Kochi,nearest_canonical_atm_euclidean,
7243,2e4f4ff7-0558-5a93-9f55-6d580ae2e6a0,2023-06-23,7.006005e-05,0,Kochi,nearest_canonical_atm_euclidean,
7244,763d6454-b61c-5a02-92d7-26ea9b893473,2023-01-06,7.006005e-05,0,Kochi,nearest_canonical_atm_euclidean,
7245,ee9f1c0d-4243-53ee-bea5-1ddf8827fc8e,2023-01-06,7.006005e-05,0,Kochi,nearest_canonical_atm_euclidean,
7246,281743ab-f487-56c9-b693-bd116d729210,2023-01-06,7.006005e-05,0,Kochi,nearest_canonical_atm_euclidean,
7247,f7e9eeb1-1b63-5fff-808e-41e7688e77bc,2023-11-24,7.006005e-05,0,Kochi,nearest_canonical_atm_euclidean,
7248,f9de41af-30c1-5a71-9593-2b21d57e6308,2023-11-24,7.006005e-05,0,Kochi,nearest_canonical_atm_euclidean,
7249,b7a60ed8-5fcd-54e6-ac13-8fd055225183,2023-11-24,7.006005e-05,0,Kochi,nearest_canonical_atm_euclidean,
7250,90f1418e-1550-597c-a4a7-1fa635a287fd,2023-11-24,7.006005e-05,0,Kochi,nearest_canonical_atm_euclidean,
7251,ee9f1c0d-4243-53ee-bea5-1ddf8827fc8e,2023-04-07,7.006005e-05,0,Kochi,nearest_canonical_atm_euclidean,
7252,281743ab-f487-56c9-b693-bd116d729210,2023-04-07,7.006005e-05,0,Kochi,nearest_canonical_atm_euclidean,
7253,f7e9eeb1-1b63-5fff-808e-41e7688e77bc,2023-06-09,7.006005e-05,0,Kochi,nearest_canonical_atm_euclidean,
7254,f7e9eeb1-1b63-5fff-808e-41e7688e77bc,2023-12-01,7.006005e-05,0,Kochi,nearest_canonical_atm_euclidean,
7255,f9de41af-30c1-5a71-9593-2b21d57e6308,2023-12-01,7.006005e-05,0,Kochi,nearest_canonical_atm_euclidean,
7256,b7a60ed8-5fcd-54e6-ac13-8fd055225183,2023-12-01,7.006005e-05,0,Kochi,nearest_canonical_atm_euclidean,
7257,90f1418e-1550-597c-a4a7-1fa635a287fd,2023-12-01,7.006005e-05,0,Kochi,nearest_canonical_atm_euclidean,
7258,313218c5-7e35-5ddf-9a07-b78b37bf85af,2023-12-01,7.006005e-05,0,Kochi,nearest_canonical_atm_euclidean,
7259,281743ab-f487-56c9-b693-bd116d729210,2023-05-05,7.006005e-05,0,Kochi,nearest_canonical_atm_euclidean,
7260,9d12f1ed-a9ad-51a8-8df1-2eb81baaf1fe,2023-12-01,7.006005e-05,0,Kochi,nearest_canonical_atm_euclidean,
7261,f9de41af-30c1-5a71-9593-2b21d57e6308,2023-06-23,7.006005e-05,0,Kochi,nearest_canonical_atm_euclidean,
7262,b7a60ed8-5fcd-54e6-ac13-8fd055225183,2023-06-23,7.006005e-05,0,Kochi,nearest_canonical_atm_euclidean,
7263,90f1418e-1550-597c-a4a7-1fa635a287fd,2023-06-23,7.006005e-05,0,Kochi,nearest_canonical_atm_euclidean,
7264,313218c5-7e35-5ddf-9a07-b78b37bf85af,2023-06-23,7.006005e-05,0,Kochi,nearest_canonical_atm_euclidean,
7265,9d12f1ed-a9ad-51a8-8df1-2eb81baaf1fe,2023-06-23,7.006005e-05,0,Kochi,nearest_canonical_atm_euclidean,
7266,c70bfe0e-f77f-53ce-993b-805b78b5a718,2023-06-23,7.006005e-05,0,Kochi,nearest_canonical_atm_euclidean,
7267,3b1382ef-92b4-5719-8f4e-41c058e944d6,2023-06-23,7.006005e-05,0,Kochi,nearest_canonical_atm_euclidean,
7268,f9de41af-30c1-5a71-9593-2b21d57e6308,2023-02-03,7.006005e-05,0,Kochi,nearest_canonical_atm_euclidean,
7269,b7a60ed8-5fcd-54e6-ac13-8fd055225183,2023-02-03,7.006005e-05,0,Kochi,nearest_canonical_atm_euclidean,
7270,f7e9eeb1-1b63-5fff-808e-41e7688e77bc,2023-09-08,7.006005e-05,0,Kochi,nearest_canonical_atm_euclidean,
7271,f9de41af-30c1-5a71-9593-2b21d57e6308,2023-09-08,7.006005e-05,0,Kochi,nearest_canonical_atm_euclidean,
7272,b7a60ed8-5fcd-54e6-ac13-8fd055225183,2023-09-08,7.006005e-05,0,Kochi,nearest_canonical_atm_euclidean,
7273,90f1418e-1550-597c-a4a7-1fa635a287fd,2023-09-08,7.006005e-05,0,Kochi,nearest_canonical_atm_euclidean,
7274,313218c5-7e35-5ddf-9a07-b78b37bf85af,2023-09-08,7.006005e-05,0,Kochi,nearest_canonical_atm_euclidean,
7275,9d12f1ed-a9ad-51a8-8df1-2eb81baaf1fe,2023-09-08,7.006005e-05,0,Kochi,nearest_canonical_atm_euclidean,
7276,c70bfe0e-f77f-53ce-993b-805b78b5a718,2023-09-08,7.006005e-05,0,Kochi,nearest_canonical_atm_euclidean,
7277,ee9f1c0d-4243-53ee-bea5-1ddf8827fc8e,2023-03-31,7.006005e-05,0,Kochi,nearest_canonical_atm_euclidean,
7278,281743ab-f487-56c9-b693-bd116d729210,2023-03-31,7.006005e-05,0,Kochi,nearest_canonical_atm_euclidean,
7279,f7e9eeb1-1b63-5fff-808e-41e7688e77bc,2023-08-18,7.006005e-05,0,Kochi,nearest_canonical_atm_euclidean,
7280,f9de41af-30c1-5a71-9593-2b21d57e6308,2023-08-18,7.006005e-05,0,Kochi,nearest_canonical_atm_euclidean,
7281,313218c5-7e35-5ddf-9a07-b78b37bf85af,2023-03-31,7.006005e-05,0,Kochi,nearest_canonical_atm_euclidean,
7282,b7a60ed8-5fcd-54e6-ac13-8fd055225183,2023-08-18,7.006005e-05,0,Kochi,nearest_canonical_atm_euclidean,
7283,2641f1d2-9b08-5d9c-b6dc-bc8362c06b10,2023-06-23,7.006005e-05,0,Kochi,nearest_canonical_atm_euclidean,
7284,1119a360-06f7-56f1-9f0c-3d47eece1a49,2023-06-23,7.006005e-05,0,Kochi,nearest_canonical_atm_euclidean,
7285,763d6454-b61c-5a02-92d7-26ea9b893473,2023-06-23,7.006005e-05,0,Kochi,nearest_canonical_atm_euclidean,
7286,ee9f1c0d-4243-53ee-bea5-1ddf8827fc8e,2023-06-23,7.006005e-05,0,Kochi,nearest_canonical_atm_euclidean,
7287,281743ab-f487-56c9-b693-bd116d729210,2023-06-23,7.006005e-05,0,Kochi,nearest_canonical_atm_euclidean,
7288,f7e9eeb1-1b63-5fff-808e-41e7688e77bc,2023-06-23,7.006005e-05,0,Kochi,nearest_canonical_atm_euclidean,
7289,90f1418e-1550-597c-a4a7-1fa635a287fd,2023-02-03,7.006005e-05,0,Kochi,nearest_canonical_atm_euclidean,
7290,763d6454-b61c-5a02-92d7-26ea9b893473,2023-05-12,7.006005e-05,0,Kochi,nearest_canonical_atm_euclidean,
7291,ee9f1c0d-4243-53ee-bea5-1ddf8827fc8e,2023-05-12,7.006005e-05,0,Kochi,nearest_canonical_atm_euclidean,
7292,281743ab-f487-56c9-b693-bd116d729210,2023-05-12,7.006005e-05,0,Kochi,nearest_canonical_atm_euclidean,
7293,9d12f1ed-a9ad-51a8-8df1-2eb81baaf1fe,2023-03-31,7.006005e-05,0,Kochi,nearest_canonical_atm_euclidean,
7294,c70bfe0e-f77f-53ce-993b-805b78b5a718,2023-03-31,7.006005e-05,0,Kochi,nearest_canonical_atm_euclidean,
7295,3b1382ef-92b4-5719-8f4e-41c058e944d6,2023-03-31,7.006005e-05,0,Kochi,nearest_canonical_atm_euclidean,
7296,1ebd4907-d191-5dd4-b2ef-97c39a5a69f7,2023-03-31,7.006005e-05,0,Kochi,nearest_canonical_atm_euclidean,
7297,2e4f4ff7-0558-5a93-9f55-6d580ae2e6a0,2023-03-31,7.006005e-05,0,Kochi,nearest_canonical_atm_euclidean,
7298,2641f1d2-9b08-5d9c-b6dc-bc8362c06b10,2023-03-31,7.006005e-05,0,Kochi,nearest_canonical_atm_euclidean,
7299,1119a360-06f7-56f1-9f0c-3d47eece1a49,2023-03-31,7.006005e-05,0,Kochi,nearest_canonical_atm_euclidean,
7300,763d6454-b61c-5a02-92d7-26ea9b893473,2023-03-31,7.006005e-05,0,Kochi,nearest_canonical_atm_euclidean,
7301,b7a60ed8-5fcd-54e6-ac13-8fd055225183,2023-02-17,7.006005e-05,0,Kochi,nearest_canonical_atm_euclidean,
7302,90f1418e-1550-597c-a4a7-1fa635a287fd,2023-02-17,7.006005e-05,0,Kochi,nearest_canonical_atm_euclidean,
7303,313218c5-7e35-5ddf-9a07-b78b37bf85af,2023-02-17,7.006005e-05,0,Kochi,nearest_canonical_atm_euclidean,
7304,9d12f1ed-a9ad-51a8-8df1-2eb81baaf1fe,2023-02-17,7.006005e-05,0,Kochi,nearest_canonical_atm_euclidean,
7305,c70bfe0e-f77f-53ce-993b-805b78b5a718,2023-02-17,7.006005e-05,0,Kochi,nearest_canonical_atm_euclidean,
7306,3b1382ef-92b4-5719-8f4e-41c058e944d6,2023-02-17,7.006005e-05,0,Kochi,nearest_canonical_atm_euclidean,
7307,f7e9eeb1-1b63-5fff-808e-41e7688e77bc,2023-03-31,7.006005e-05,0,Kochi,nearest_canonical_atm_euclidean,
7308,f9de41af-30c1-5a71-9593-2b21d57e6308,2023-03-31,7.006005e-05,0,Kochi,nearest_canonical_atm_euclidean,
7309,b7a60ed8-5fcd-54e6-ac13-8fd055225183,2023-03-31,7.006005e-05,0,Kochi,nearest_canonical_atm_euclidean,
7310,90f1418e-1550-597c-a4a7-1fa635a287fd,2023-03-31,7.006005e-05,0,Kochi,nearest_canonical_atm_euclidean,
7311,90f1418e-1550-597c-a4a7-1fa635a287fd,2023-08-18,7.006005e-05,0,Kochi,nearest_canonical_atm_euclidean,
7312,763d6454-b61c-5a02-92d7-26ea9b893473,2023-09-08,7.006005e-05,0,Kochi,nearest_canonical_atm_euclidean,
7313,ee9f1c0d-4243-53ee-bea5-1ddf8827fc8e,2023-09-08,7.006005e-05,0,Kochi,nearest_canonical_atm_euclidean,
7314,281743ab-f487-56c9-b693-bd116d729210,2023-09-08,7.006005e-05,0,Kochi,nearest_canonical_atm_euclidean,
7315,313218c5-7e35-5ddf-9a07-b78b37bf85af,2023-08-18,7.006005e-05,0,Kochi,nearest_canonical_atm_euclidean,
7316,c70bfe0e-f77f-53ce-993b-805b78b5a718,2023-12-01,7.006005e-05,0,Kochi,nearest_canonical_atm_euclidean,
7317,90f1418e-1550-597c-a4a7-1fa635a287fd,2023-01-27,7.006005e-05,0,Kochi,nearest_canonical_atm_euclidean,
7318,1ebd4907-d191-5dd4-b2ef-97c39a5a69f7,2023-03-03,7.006005e-05,0,Kochi,nearest_canonical_atm_euclidean,
7319,2e4f4ff7-0558-5a93-9f55-6d580ae2e6a0,2023-03-03,7.006005e-05,0,Kochi,nearest_canonical_atm_euclidean,
7320,2641f1d2-9b08-5d9c-b6dc-bc8362c06b10,2023-03-03,7.006005e-05,0,Kochi,nearest_canonical_atm_euclidean,
7321,1119a360-06f7-56f1-9f0c-3d47eece1a49,2023-03-03,7.006005e-05,0,Kochi,nearest_canonical_atm_euclidean,
7322,f7e9eeb1-1b63-5fff-808e-41e7688e77bc,2023-10-20,7.006005e-05,0,Kochi,nearest_canonical_atm_euclidean,
7323,f9de41af-30c1-5a71-9593-2b21d57e6308,2023-10-20,7.006005e-05,0,Kochi,nearest_canonical_atm_euclidean,
7324,ee9f1c0d-4243-53ee-bea5-1ddf8827fc8e,2023-03-03,7.006005e-05,0,Kochi,nearest_canonical_atm_euclidean,
7325,281743ab-f487-56c9-b693-bd116d729210,2023-03-03,7.006005e-05,0,Kochi,nearest_canonical_atm_euclidean,
7326,313218c5-7e35-5ddf-9a07-b78b37bf85af,2023-01-27,7.006005e-05,0,Kochi,nearest_canonical_atm_euclidean,
7327,9d12f1ed-a9ad-51a8-8df1-2eb81baaf1fe,2023-01-27,7.006005e-05,0,Kochi,nearest_canonical_atm_euclidean,
7328,f7e9eeb1-1b63-5fff-808e-41e7688e77bc,2023-06-16,7.006005e-05,0,Kochi,nearest_canonical_atm_euclidean,
7329,f9de41af-30c1-5a71-9593-2b21d57e6308,2023-06-16,7.006005e-05,0,Kochi,nearest_canonical_atm_euclidean,
7330,b7a60ed8-5fcd-54e6-ac13-8fd055225183,2023-06-16,7.006005e-05,0,Kochi,nearest_canonical_atm_euclidean,
7331,c70bfe0e-f77f-53ce-993b-805b78b5a718,2023-01-27,7.006005e-05,0,Kochi,nearest_canonical_atm_euclidean,
7332,f7e9eeb1-1b63-5fff-808e-41e7688e77bc,2023-02-17,7.006005e-05,0,Kochi,nearest_canonical_atm_euclidean,
7333,f9de41af-30c1-5a71-9593-2b21d57e6308,2023-02-17,7.006005e-05,0,Kochi,nearest_canonical_atm_euclidean,
7334,c70bfe0e-f77f-53ce-993b-805b78b5a718,2023-09-29,7.006005e-05,0,Kochi,nearest_canonical_atm_euclidean,
7335,281743ab-f487-56c9-b693-bd116d729210,2023-06-16,7.006005e-05,0,Kochi,nearest_canonical_atm_euclidean,
7336,90f1418e-1550-597c-a4a7-1fa635a287fd,2023-06-16,7.006005e-05,0,Kochi,nearest_canonical_atm_euclidean,
7337,313218c5-7e35-5ddf-9a07-b78b37bf85af,2023-06-16,7.006005e-05,0,Kochi,nearest_canonical_atm_euclidean,
7338,9d12f1ed-a9ad-51a8-8df1-2eb81baaf1fe,2023-06-16,7.006005e-05,0,Kochi,nearest_canonical_atm_euclidean,
7339,c70bfe0e-f77f-53ce-993b-805b78b5a718,2023-06-16,7.006005e-05,0,Kochi,nearest_canonical_atm_euclidean,
7340,3b1382ef-92b4-5719-8f4e-41c058e944d6,2023-06-16,7.006005e-05,0,Kochi,nearest_canonical_atm_euclidean,
7341,1ebd4907-d191-5dd4-b2ef-97c39a5a69f7,2023-06-16,7.006005e-05,0,Kochi,nearest_canonical_atm_euclidean,
7342,2e4f4ff7-0558-5a93-9f55-6d580ae2e6a0,2023-06-16,7.006005e-05,0,Kochi,nearest_canonical_atm_euclidean,
7343,2641f1d2-9b08-5d9c-b6dc-bc8362c06b10,2023-06-16,7.006005e-05,0,Kochi,nearest_canonical_atm_euclidean,
7344,1119a360-06f7-56f1-9f0c-3d47eece1a49,2023-06-16,7.006005e-05,0,Kochi,nearest_canonical_atm_euclidean,
7345,763d6454-b61c-5a02-92d7-26ea9b893473,2023-06-16,7.006005e-05,0,Kochi,nearest_canonical_atm_euclidean,
7346,ee9f1c0d-4243-53ee-bea5-1ddf8827fc8e,2023-06-16,7.006005e-05,0,Kochi,nearest_canonical_atm_euclidean,
7347,3b1382ef-92b4-5719-8f4e-41c058e944d6,2023-01-27,7.006005e-05,0,Kochi,nearest_canonical_atm_euclidean,
7348,1ebd4907-d191-5dd4-b2ef-97c39a5a69f7,2023-01-27,7.006005e-05,0,Kochi,nearest_canonical_atm_euclidean,
7349,2e4f4ff7-0558-5a93-9f55-6d580ae2e6a0,2023-01-27,7.006005e-05,0,Kochi,nearest_canonical_atm_euclidean,
7350,b7a60ed8-5fcd-54e6-ac13-8fd055225183,2023-10-20,7.006005e-05,0,Kochi,nearest_canonical_atm_euclidean,
7351,2641f1d2-9b08-5d9c-b6dc-bc8362c06b10,2023-01-27,7.006005e-05,0,Kochi,nearest_canonical_atm_euclidean,
7352,1119a360-06f7-56f1-9f0c-3d47eece1a49,2023-01-27,7.006005e-05,0,Kochi,nearest_canonical_atm_euclidean,
7353,763d6454-b61c-5a02-92d7-26ea9b893473,2023-01-27,7.006005e-05,0,Kochi,nearest_canonical_atm_euclidean,
7354,763d6454-b61c-5a02-92d7-26ea9b893473,2023-09-29,7.006005e-05,0,Kochi,nearest_canonical_atm_euclidean,
7355,ee9f1c0d-4243-53ee-bea5-1ddf8827fc8e,2023-09-29,7.006005e-05,0,Kochi,nearest_canonical_atm_euclidean,
7356,281743ab-f487-56c9-b693-bd116d729210,2023-09-29,7.006005e-05,0,Kochi,nearest_canonical_atm_euclidean,
7357,1ebd4907-d191-5dd4-b2ef-97c39a5a69f7,2023-02-17,7.006005e-05,0,Kochi,nearest_canonical_atm_euclidean,
7358,2e4f4ff7-0558-5a93-9f55-6d580ae2e6a0,2023-02-17,7.006005e-05,0,Kochi,nearest_canonical_atm_euclidean,
7359,2641f1d2-9b08-5d9c-b6dc-bc8362c06b10,2023-02-17,7.006005e-05,0,Kochi,nearest_canonical_atm_euclidean,
7360,1119a360-06f7-56f1-9f0c-3d47eece1a49,2023-02-17,7.006005e-05,0,Kochi,nearest_canonical_atm_euclidean,
7361,763d6454-b61c-5a02-92d7-26ea9b893473,2023-02-17,7.006005e-05,0,Kochi,nearest_canonical_atm_euclidean,
7362,ee9f1c0d-4243-53ee-bea5-1ddf8827fc8e,2023-02-17,7.006005e-05,0,Kochi,nearest_canonical_atm_euclidean,
7363,281743ab-f487-56c9-b693-bd116d729210,2023-02-17,7.006005e-05,0,Kochi,nearest_canonical_atm_euclidean,
7364,f7e9eeb1-1b63-5fff-808e-41e7688e77bc,2023-09-29,7.006005e-05,0,Kochi,nearest_canonical_atm_euclidean,
7365,f9de41af-30c1-5a71-9593-2b21d57e6308,2023-09-29,7.006005e-05,0,Kochi,nearest_canonical_atm_euclidean,
7366,b7a60ed8-5fcd-54e6-ac13-8fd055225183,2023-09-29,7.006005e-05,0,Kochi,nearest_canonical_atm_euclidean,
7367,90f1418e-1550-597c-a4a7-1fa635a287fd,2023-09-29,7.006005e-05,0,Kochi,nearest_canonical_atm_euclidean,
7368,313218c5-7e35-5ddf-9a07-b78b37bf85af,2023-09-29,7.006005e-05,0,Kochi,nearest_canonical_atm_euclidean,
7369,9d12f1ed-a9ad-51a8-8df1-2eb81baaf1fe,2023-09-29,7.006005e-05,0,Kochi,nearest_canonical_atm_euclidean,
7370,3b1382ef-92b4-5719-8f4e-41c058e944d6,2023-12-01,7.006005e-05,0,Kochi,nearest_canonical_atm_euclidean,
7371,1ebd4907-d191-5dd4-b2ef-97c39a5a69f7,2023-12-01,7.006005e-05,0,Kochi,nearest_canonical_atm_euclidean,
7372,2e4f4ff7-0558-5a93-9f55-6d580ae2e6a0,2023-12-01,7.006005e-05,0,Kochi,nearest_canonical_atm_euclidean,
7373,2641f1d2-9b08-5d9c-b6dc-bc8362c06b10,2023-12-01,7.006005e-05,0,Kochi,nearest_canonical_atm_euclidean,
7374,1119a360-06f7-56f1-9f0c-3d47eece1a49,2023-12-01,7.006005e-05,0,Kochi,nearest_canonical_atm_euclidean,
7375,763d6454-b61c-5a02-92d7-26ea9b893473,2023-12-01,7.006005e-05,0,Kochi,nearest_canonical_atm_euclidean,
7376,ee9f1c0d-4243-53ee-bea5-1ddf8827fc8e,2023-12-01,7.006005e-05,0,Kochi,nearest_canonical_atm_euclidean,
7377,1119a360-06f7-56f1-9f0c-3d47eece1a49,2023-09-22,7.006005e-05,0,Kochi,nearest_canonical_atm_euclidean,
7378,ee9f1c0d-4243-53ee-bea5-1ddf8827fc8e,2023-01-27,7.006005e-05,0,Kochi,nearest_canonical_atm_euclidean,
7379,3b1382ef-92b4-5719-8f4e-41c058e944d6,2023-09-29,7.006005e-05,0,Kochi,nearest_canonical_atm_euclidean,
7380,1ebd4907-d191-5dd4-b2ef-97c39a5a69f7,2023-09-29,7.006005e-05,0,Kochi,nearest_canonical_atm_euclidean,
7381,2e4f4ff7-0558-5a93-9f55-6d580ae2e6a0,2023-09-29,7.006005e-05,0,Kochi,nearest_canonical_atm_euclidean,
7382,2641f1d2-9b08-5d9c-b6dc-bc8362c06b10,2023-09-29,7.006005e-05,0,Kochi,nearest_canonical_atm_euclidean,
7383,1119a360-06f7-56f1-9f0c-3d47eece1a49,2023-09-29,7.006005e-05,0,Kochi,nearest_canonical_atm_euclidean,
7384,f7e9eeb1-1b63-5fff-808e-41e7688e77bc,2023-12-15,7.006005e-05,0,Kochi,nearest_canonical_atm_euclidean,
7385,1119a360-06f7-56f1-9f0c-3d47eece1a49,2023-04-28,7.006005e-05,0,Kochi,nearest_canonical_atm_euclidean,
7386,763d6454-b61c-5a02-92d7-26ea9b893473,2023-04-28,7.006005e-05,0,Kochi,nearest_canonical_atm_euclidean,
7387,ee9f1c0d-4243-53ee-bea5-1ddf8827fc8e,2023-04-28,7.006005e-05,0,Kochi,nearest_canonical_atm_euclidean,
7388,281743ab-f487-56c9-b693-bd116d729210,2023-04-28,7.006005e-05,0,Kochi,nearest_canonical_atm_euclidean,
7389,281743ab-f487-56c9-b693-bd116d729210,2023-12-15,7.006005e-05,0,Kochi,nearest_canonical_atm_euclidean,
7390,ee9f1c0d-4243-53ee-bea5-1ddf8827fc8e,2023-12-15,7.006005e-05,0,Kochi,nearest_canonical_atm_euclidean,
7391,281743ab-f487-56c9-b693-bd116d729210,2023-02-10,7.006005e-05,0,Kochi,nearest_canonical_atm_euclidean,
7392,1119a360-06f7-56f1-9f0c-3d47eece1a49,2023-12-15,7.006005e-05,0,Kochi,nearest_canonical_atm_euclidean,
7393,3b1382ef-92b4-5719-8f4e-41c058e944d6,2023-08-18,7.006005e-05,0,Kochi,nearest_canonical_atm_euclidean,
7394,763d6454-b61c-5a02-92d7-26ea9b893473,2023-09-22,7.006005e-05,0,Kochi,nearest_canonical_atm_euclidean,
7395,ee9f1c0d-4243-53ee-bea5-1ddf8827fc8e,2023-09-22,7.006005e-05,0,Kochi,nearest_canonical_atm_euclidean,
7396,281743ab-f487-56c9-b693-bd116d729210,2023-09-22,7.006005e-05,0,Kochi,nearest_canonical_atm_euclidean,
7397,763d6454-b61c-5a02-92d7-26ea9b893473,2023-02-10,7.006005e-05,0,Kochi,nearest_canonical_atm_euclidean,
7398,ee9f1c0d-4243-53ee-bea5-1ddf8827fc8e,2023-02-10,7.006005e-05,0,Kochi,nearest_canonical_atm_euclidean,
7399,90f1418e-1550-597c-a4a7-1fa635a287fd,2023-05-05,7.006005e-05,0,Kochi,nearest_canonical_atm_euclidean,
7400,313218c5-7e35-5ddf-9a07-b78b37bf85af,2023-05-05,7.006005e-05,0,Kochi,nearest_canonical_atm_euclidean,
7401,f9de41af-30c1-5a71-9593-2b21d57e6308,2023-12-15,7.006005e-05,0,Kochi,nearest_canonical_atm_euclidean,
7402,9d12f1ed-a9ad-51a8-8df1-2eb81baaf1fe,2023-12-15,7.006005e-05,0,Kochi,nearest_canonical_atm_euclidean,
7403,c70bfe0e-f77f-53ce-993b-805b78b5a718,2023-12-15,7.006005e-05,0,Kochi,nearest_canonical_atm_euclidean,
7404,3b1382ef-92b4-5719-8f4e-41c058e944d6,2023-12-15,7.006005e-05,0,Kochi,nearest_canonical_atm_euclidean,
7405,1ebd4907-d191-5dd4-b2ef-97c39a5a69f7,2023-12-15,7.006005e-05,0,Kochi,nearest_canonical_atm_euclidean,
7406,2e4f4ff7-0558-5a93-9f55-6d580ae2e6a0,2023-12-15,7.006005e-05,0,Kochi,nearest_canonical_atm_euclidean,
7407,2641f1d2-9b08-5d9c-b6dc-bc8362c06b10,2023-12-15,7.006005e-05,0,Kochi,nearest_canonical_atm_euclidean,
7408,f9de41af-30c1-5a71-9593-2b21d57e6308,2023-02-10,7.006005e-05,0,Kochi,nearest_canonical_atm_euclidean,
7409,f69a2a75-085f-5b60-b0c2-9aebccd78b03,2023-07-28,6.960516e-05,0,Hyderabad,nearest_canonical_atm_euclidean,
7410,5737401f-13a5-5335-9e4c-336a9e870086,2023-04-14,6.9534704e-05,0,Kolkata,nearest_canonical_atm_euclidean,
7411,c5ebb465-883d-56d7-ade4-8ad239491127,2023-03-31,6.946465e-05,0,Jaipur,nearest_canonical_atm_euclidean,
7412,3e2afad7-44dc-5833-9826-b036621dee60,2023-03-10,6.920665e-05,0,Jaipur,nearest_canonical_atm_euclidean,
7413,e2c14eb0-27b2-5683-922f-22f075a86d45,2023-10-06,6.919702e-05,0,Kolkata,nearest_canonical_atm_euclidean,
7414,c5ebb465-883d-56d7-ade4-8ad239491127,2023-02-10,6.917234e-05,0,Jaipur,nearest_canonical_atm_euclidean,
7415,5773a83b-9871-5a2d-b54c-7edfa60ab72d,2023-08-25,6.906952e-05,0,Jaipur,nearest_canonical_atm_euclidean,
7416,f1f8d2d0-6ea3-5875-acce-a83a08547247,2023-03-17,6.877744e-05,0,New Delhi,nearest_canonical_atm_euclidean,
7417,4aabdbdc-9536-5b73-bab4-7cbee9886fed,2023-11-24,6.8672896e-05,0,Hyderabad,nearest_canonical_atm_euclidean,
7418,4cc4f0b0-6522-5752-8674-65bde1e7ee07,2023-07-21,6.833842e-05,0,Hyderabad,nearest_canonical_atm_euclidean,
7419,8279eaa3-c5e0-5a20-9db9-075ee86efeb4,2023-02-10,6.831393e-05,0,Kolkata,nearest_canonical_atm_euclidean,
7420,9adf3d58-2b6f-5de3-8510-5cc671d1d2e8,2023-09-01,6.829634e-05,0,Ahmedabad,nearest_canonical_atm_euclidean,
7421,1d7d8374-7d25-5244-9349-2dba7c91bf60,2023-03-17,6.828272e-05,0,Ahmedabad,nearest_canonical_atm_euclidean,
7422,06c1e399-5422-598e-8078-2622bf0dc842,2023-03-10,6.821881e-05,0,Jaipur,nearest_canonical_atm_euclidean,
7423,b41f1475-dca2-5dc1-938e-9543cd4de399,2023-02-17,6.815873e-05,0,Ahmedabad,nearest_canonical_atm_euclidean,
7424,ea588019-c786-57ab-8c8d-be7ada3e3273,2023-07-14,6.790157e-05,0,Hyderabad,nearest_canonical_atm_euclidean,
7425,4aabdbdc-9536-5b73-bab4-7cbee9886fed,2023-03-03,6.758993e-05,0,Hyderabad,nearest_canonical_atm_euclidean,
7426,4aabdbdc-9536-5b73-bab4-7cbee9886fed,2023-04-07,6.748025e-05,0,Hyderabad,nearest_canonical_atm_euclidean,
7427,06c1e399-5422-598e-8078-2622bf0dc842,2023-05-12,6.679756e-05,0,Jaipur,nearest_canonical_atm_euclidean,
7428,7c1562ed-0c51-50a9-b83b-049fcdfe12b4,2023-12-08,6.643293e-05,0,Jaipur,nearest_canonical_atm_euclidean,
7429,c5ebb465-883d-56d7-ade4-8ad239491127,2023-09-22,6.63257e-05,0,Jaipur,nearest_canonical_atm_euclidean,
7430,6110b5e8-c838-5a36-af9e-ceec51e0c409,2023-12-08,6.598227e-05,0,New Delhi,nearest_canonical_atm_euclidean,
7431,182ddc72-62c6-5f3b-b7ae-935c5b5e605b,2023-03-03,6.5788816e-05,0,Jaipur,nearest_canonical_atm_euclidean,
7432,3e2afad7-44dc-5833-9826-b036621dee60,2023-02-10,6.571132e-05,0,Jaipur,nearest_canonical_atm_euclidean,
7433,b73cca25-bce0-5c18-8339-4e08c62ff897,2023-04-14,6.559068e-05,0,Kolkata,nearest_canonical_atm_euclidean,
7434,dce0c68a-90eb-5756-908b-549f801f0816,2023-05-19,6.510585e-05,0,Hyderabad,nearest_canonical_atm_euclidean,
7435,0e0b8e6c-f46a-5dce-b705-93abfbcedab7,2023-05-12,6.506693e-05,0,New Delhi,nearest_canonical_atm_euclidean,
7436,59fb71b7-27d2-56ae-87ab-548765379b67,2023-10-13,6.481847e-05,0,Bengaluru,nearest_canonical_atm_euclidean,
7437,f3b246fb-34cb-5d78-af2d-6a294c2857ba,2023-07-07,6.4728534e-05,0,Kolkata,nearest_canonical_atm_euclidean,
7438,4aabdbdc-9536-5b73-bab4-7cbee9886fed,2023-03-17,6.445801e-05,0,Hyderabad,nearest_canonical_atm_euclidean,
7439,5737401f-13a5-5335-9e4c-336a9e870086,2023-07-21,6.423465e-05,0,Kolkata,nearest_canonical_atm_euclidean,
7440,4cc4f0b0-6522-5752-8674-65bde1e7ee07,2022-12-30,6.4066604e-05,0,Hyderabad,nearest_canonical_atm_euclidean,
7441,a2bdeeac-87ea-5acb-a121-647dd81616e4,2023-02-10,6.3870364e-05,0,Bengaluru,nearest_canonical_atm_euclidean,
7442,f3b246fb-34cb-5d78-af2d-6a294c2857ba,2023-05-19,6.382238e-05,0,Kolkata,nearest_canonical_atm_euclidean,
7443,7c8fbbb0-7633-546c-b927-1accdba2044a,2023-02-03,6.3817635e-05,0,Chennai,nearest_canonical_atm_euclidean,
7444,ab7406b4-42c4-5a64-a99f-ed1e9a1912a6,2023-11-03,6.3804495e-05,0,Kolkata,nearest_canonical_atm_euclidean,
7445,964994af-c467-5422-8727-4914e98a9b1b,2023-04-14,6.3569336e-05,0,Hyderabad,nearest_canonical_atm_euclidean,
7446,07b1cb4d-de17-5ac2-a00b-02cf9e672ff0,2023-01-13,6.3447784e-05,0,Ahmedabad,nearest_canonical_atm_euclidean,
7447,0e83a772-d0c1-5d38-9f1f-4a51eb7ee575,2023-07-28,6.303288e-05,0,Kolkata,nearest_canonical_atm_euclidean,
7448,3e2afad7-44dc-5833-9826-b036621dee60,2023-03-03,6.2967454e-05,0,Jaipur,nearest_canonical_atm_euclidean,
7449,34ff42c5-aa0c-58b5-b153-3aa920bff5c7,2023-03-17,6.257722e-05,0,Chennai,nearest_canonical_atm_euclidean,
7450,e2c14eb0-27b2-5683-922f-22f075a86d45,2023-06-23,6.182393e-05,0,Kolkata,nearest_canonical_atm_euclidean,
7451,c5ebb465-883d-56d7-ade4-8ad239491127,2023-03-10,6.141952e-05,0,Jaipur,nearest_canonical_atm_euclidean,
7452,b76d9deb-4963-5298-b5ab-e7aa1216e9a4,2023-07-21,6.116783e-05,0,Kolkata,nearest_canonical_atm_euclidean,
7453,c1ef55eb-7ba3-5dca-9329-fa76b3327004,2023-07-14,6.0951807e-05,0,Chennai,nearest_canonical_atm_euclidean,
7454,3e2afad7-44dc-5833-9826-b036621dee60,2023-11-03,6.0636194e-05,0,Jaipur,nearest_canonical_atm_euclidean,
7455,3e2afad7-44dc-5833-9826-b036621dee60,2023-07-21,6.0272883e-05,0,Jaipur,nearest_canonical_atm_euclidean,
7456,51f7f7da-0718-5063-91b2-d743096e78e1,2023-01-27,6.0015187e-05,0,Bengaluru,nearest_canonical_atm_euclidean,
7457,51f7f7da-0718-5063-91b2-d743096e78e1,2023-09-15,5.9587826e-05,0,Bengaluru,nearest_canonical_atm_euclidean,
7458,f69a2a75-085f-5b60-b0c2-9aebccd78b03,2023-09-01,5.957561e-05,0,Hyderabad,nearest_canonical_atm_euclidean,
7459,e789fbe5-81bc-554f-9309-2f60d40df893,2023-06-30,5.9301325e-05,0,Kolkata,nearest_canonical_atm_euclidean,
7460,afecdedf-a580-5453-aee1-cce5a1fc6571,2023-08-18,5.9290523e-05,0,Ahmedabad,nearest_canonical_atm_euclidean,
7461,0e0b8e6c-f46a-5dce-b705-93abfbcedab7,2023-12-08,5.8957823e-05,0,New Delhi,nearest_canonical_atm_euclidean,
7462,ea588019-c786-57ab-8c8d-be7ada3e3273,2023-05-19,5.8906626e-05,0,Hyderabad,nearest_canonical_atm_euclidean,
7463,9b0bfc62-59d8-573e-81b2-fee4669a409a,2023-12-15,5.88873e-05,0,Hyderabad,nearest_canonical_atm_euclidean,
7464,c5ebb465-883d-56d7-ade4-8ad239491127,2023-09-01,5.8743884e-05,0,Jaipur,nearest_canonical_atm_euclidean,
7465,ea588019-c786-57ab-8c8d-be7ada3e3273,2023-02-03,5.870563e-05,0,Hyderabad,nearest_canonical_atm_euclidean,
7466,8279eaa3-c5e0-5a20-9db9-075ee86efeb4,2023-03-03,5.8161673e-05,0,Kolkata,nearest_canonical_atm_euclidean,
7467,b76d9deb-4963-5298-b5ab-e7aa1216e9a4,2023-09-15,5.7794274e-05,0,Kolkata,nearest_canonical_atm_euclidean,
7468,f69a2a75-085f-5b60-b0c2-9aebccd78b03,2023-08-18,5.7538455e-05,0,Hyderabad,nearest_canonical_atm_euclidean,
7469,14f26062-7d75-550d-ae7d-50ad61eb0e1b,2023-05-12,5.7490954e-05,0,Jaipur,nearest_canonical_atm_euclidean,
7470,869d900f-916d-59fb-a1c5-980ea46f3005,2023-06-16,5.7410907e-05,0,Chennai,nearest_canonical_atm_euclidean,
7471,c5ebb465-883d-56d7-ade4-8ad239491127,2023-02-17,5.7183774e-05,0,Jaipur,nearest_canonical_atm_euclidean,
7472,9b0bfc62-59d8-573e-81b2-fee4669a409a,2022-12-30,5.6665256e-05,0,Hyderabad,nearest_canonical_atm_euclidean,
7473,ea588019-c786-57ab-8c8d-be7ada3e3273,2023-02-10,5.653415e-05,0,Hyderabad,nearest_canonical_atm_euclidean,
7474,8279eaa3-c5e0-5a20-9db9-075ee86efeb4,2023-02-17,5.6235032e-05,0,Kolkata,nearest_canonical_atm_euclidean,
7475,5773a83b-9871-5a2d-b54c-7edfa60ab72d,2023-08-11,5.610663e-05,0,Jaipur,nearest_canonical_atm_euclidean,
7476,b76d9deb-4963-5298-b5ab-e7aa1216e9a4,2023-04-07,5.601399e-05,0,Kolkata,nearest_canonical_atm_euclidean,
7477,94effd11-8fd8-50af-8f4c-b5a629d11375,2023-03-31,5.601068e-05,0,Jaipur,nearest_canonical_atm_euclidean,
7478,3e2afad7-44dc-5833-9826-b036621dee60,2023-08-25,5.598542e-05,0,Jaipur,nearest_canonical_atm_euclidean,
7479,f69a2a75-085f-5b60-b0c2-9aebccd78b03,2023-07-21,5.588114e-05,0,Hyderabad,nearest_canonical_atm_euclidean,
7480,4407e36e-71bc-5526-9a73-9f76e801cc45,2023-02-24,5.585876e-05,0,Kolkata,nearest_canonical_atm_euclidean,
7481,4407e36e-71bc-5526-9a73-9f76e801cc45,2023-02-03,5.5642915e-05,0,Kolkata,nearest_canonical_atm_euclidean,
7482,b73cca25-bce0-5c18-8339-4e08c62ff897,2023-01-20,5.56105e-05,0,Kolkata,nearest_canonical_atm_euclidean,
7483,23f00f1f-a233-5e89-8069-27d2584ad221,2023-10-27,5.5536144e-05,0,Hyderabad,nearest_canonical_atm_euclidean,
7484,c1ef55eb-7ba3-5dca-9329-fa76b3327004,2023-04-28,5.5534663e-05,0,Chennai,nearest_canonical_atm_euclidean,
7485,4aabdbdc-9536-5b73-bab4-7cbee9886fed,2023-03-24,5.544476e-05,0,Hyderabad,nearest_canonical_atm_euclidean,
7486,c1ef55eb-7ba3-5dca-9329-fa76b3327004,2023-12-01,5.5064793e-05,0,Chennai,nearest_canonical_atm_euclidean,
7487,c5ebb465-883d-56d7-ade4-8ad239491127,2023-08-11,5.4733824e-05,0,Jaipur,nearest_canonical_atm_euclidean,
7488,c1ef55eb-7ba3-5dca-9329-fa76b3327004,2023-05-05,5.4258206e-05,0,Chennai,nearest_canonical_atm_euclidean,
7489,81a02119-b06c-5fc0-b634-9f212b95825a,2023-07-14,5.4240718e-05,0,Hyderabad,nearest_canonical_atm_euclidean,
7490,e2c14eb0-27b2-5683-922f-22f075a86d45,2023-09-29,5.4231463e-05,0,Kolkata,nearest_canonical_atm_euclidean,
7491,0e83a772-d0c1-5d38-9f1f-4a51eb7ee575,2023-03-03,5.3904314e-05,0,Kolkata,nearest_canonical_atm_euclidean,
7492,e2c14eb0-27b2-5683-922f-22f075a86d45,2023-02-10,5.364934e-05,0,Kolkata,nearest_canonical_atm_euclidean,
7493,f69a2a75-085f-5b60-b0c2-9aebccd78b03,2023-08-25,5.3285894e-05,0,Hyderabad,nearest_canonical_atm_euclidean,
7494,6ded4d28-8bc2-5507-85db-b9ec23a0756c,2023-07-14,5.3046133e-05,0,Mumbai,nearest_canonical_atm_euclidean,
7495,f69a2a75-085f-5b60-b0c2-9aebccd78b03,2023-11-10,5.282095e-05,0,Hyderabad,nearest_canonical_atm_euclidean,
7496,d69d9b0a-1678-5866-b094-3f5f19c0c205,2023-12-08,5.2464973e-05,0,Ahmedabad,nearest_canonical_atm_euclidean,
7497,6110b5e8-c838-5a36-af9e-ceec51e0c409,2023-03-03,5.241846e-05,0,New Delhi,nearest_canonical_atm_euclidean,
7498,869d900f-916d-59fb-a1c5-980ea46f3005,2023-10-13,5.197288e-05,0,Chennai,nearest_canonical_atm_euclidean,
7499,e789fbe5-81bc-554f-9309-2f60d40df893,2023-06-23,5.1918538e-05,0,Kolkata,nearest_canonical_atm_euclidean,
7500,2e751f5b-ebe1-5162-b43d-482303a259e3,2023-11-03,5.181645e-05,0,Kolkata,nearest_canonical_atm_euclidean,
7501,3e2afad7-44dc-5833-9826-b036621dee60,2023-09-15,5.1584968e-05,0,Jaipur,nearest_canonical_atm_euclidean,
7502,d05fbe4b-fcba-52a3-9d29-e0fce9ccdbd9,2023-06-02,5.1473027e-05,0,New Delhi,nearest_canonical_atm_euclidean,
7503,3e2afad7-44dc-5833-9826-b036621dee60,2023-04-14,5.128689e-05,0,Jaipur,nearest_canonical_atm_euclidean,
7504,7c8fbbb0-7633-546c-b927-1accdba2044a,2023-09-15,5.0770443e-05,0,Chennai,nearest_canonical_atm_euclidean,
7505,2e751f5b-ebe1-5162-b43d-482303a259e3,2023-09-22,5.062357e-05,0,Kolkata,nearest_canonical_atm_euclidean,
7506,b76d9deb-4963-5298-b5ab-e7aa1216e9a4,2023-06-30,5.0497918e-05,0,Kolkata,nearest_canonical_atm_euclidean,
7507,2e751f5b-ebe1-5162-b43d-482303a259e3,2023-11-10,5.0422466e-05,0,Kolkata,nearest_canonical_atm_euclidean,
7508,6ded4d28-8bc2-5507-85db-b9ec23a0756c,2023-05-26,5.036139e-05,0,Mumbai,nearest_canonical_atm_euclidean,
7509,c5ebb465-883d-56d7-ade4-8ad239491127,2023-12-15,5.0340066e-05,0,Jaipur,nearest_canonical_atm_euclidean,
7510,d96fb612-761a-52d1-8bfd-a2368e7f9fd3,2023-11-24,5.026591e-05,0,Jaipur,nearest_canonical_atm_euclidean,
7511,5737401f-13a5-5335-9e4c-336a9e870086,2023-10-06,5.0186587e-05,0,Kolkata,nearest_canonical_atm_euclidean,
7512,5773a83b-9871-5a2d-b54c-7edfa60ab72d,2023-04-14,4.9495844e-05,0,Jaipur,nearest_canonical_atm_euclidean,
7513,f3b246fb-34cb-5d78-af2d-6a294c2857ba,2023-12-01,4.9384907e-05,0,Kolkata,nearest_canonical_atm_euclidean,
7514,f3b246fb-34cb-5d78-af2d-6a294c2857ba,2023-07-21,4.933346e-05,0,Kolkata,nearest_canonical_atm_euclidean,
7515,ab7406b4-42c4-5a64-a99f-ed1e9a1912a6,2023-09-15,4.9121365e-05,0,Kolkata,nearest_canonical_atm_euclidean,
7516,91abf21e-5b5e-5823-b4f0-c5d40f77d717,2023-01-13,4.911434e-05,0,New Delhi,nearest_canonical_atm_euclidean,
7517,6ded4d28-8bc2-5507-85db-b9ec23a0756c,2023-08-04,4.896712e-05,0,Mumbai,nearest_canonical_atm_euclidean,
7518,06c1e399-5422-598e-8078-2622bf0dc842,2023-06-16,4.8884536e-05,0,Jaipur,nearest_canonical_atm_euclidean,
7519,5737401f-13a5-5335-9e4c-336a9e870086,2023-06-30,4.885126e-05,0,Kolkata,nearest_canonical_atm_euclidean,
7520,46d959a8-3a7a-51b4-a5d0-e6489f19d5ab,2023-03-03,4.877408e-05,0,Ahmedabad,nearest_canonical_atm_euclidean,
7521,3e2afad7-44dc-5833-9826-b036621dee60,2023-08-11,4.828105e-05,0,Jaipur,nearest_canonical_atm_euclidean,
7522,9f8333ec-0af9-502c-8e87-21bd0e5ef301,2023-07-07,4.7837362e-05,0,Kolkata,nearest_canonical_atm_euclidean,
7523,4407e36e-71bc-5526-9a73-9f76e801cc45,2023-09-29,4.743479e-05,0,Kolkata,nearest_canonical_atm_euclidean,
7524,c5ebb465-883d-56d7-ade4-8ad239491127,2023-03-17,4.738375e-05,0,Jaipur,nearest_canonical_atm_euclidean,
7525,9b0bfc62-59d8-573e-81b2-fee4669a409a,2023-01-27,4.7233967e-05,0,Hyderabad,nearest_canonical_atm_euclidean,
7526,6110b5e8-c838-5a36-af9e-ceec51e0c409,2023-06-16,4.714185e-05,0,New Delhi,nearest_canonical_atm_euclidean,
7527,6110b5e8-c838-5a36-af9e-ceec51e0c409,2023-07-21,4.651719e-05,0,New Delhi,nearest_canonical_atm_euclidean,
7528,4aabdbdc-9536-5b73-bab4-7cbee9886fed,2023-01-27,4.6320463e-05,0,Hyderabad,nearest_canonical_atm_euclidean,
7529,ea588019-c786-57ab-8c8d-be7ada3e3273,2023-11-10,4.60428e-05,0,Hyderabad,nearest_canonical_atm_euclidean,
7530,a2bdeeac-87ea-5acb-a121-647dd81616e4,2023-03-10,4.602796e-05,0,Bengaluru,nearest_canonical_atm_euclidean,
7531,91abf21e-5b5e-5823-b4f0-c5d40f77d717,2023-02-10,4.545102e-05,0,New Delhi,nearest_canonical_atm_euclidean,
7532,3e2afad7-44dc-5833-9826-b036621dee60,2023-07-28,4.5112516e-05,0,Jaipur,nearest_canonical_atm_euclidean,
7533,3e2afad7-44dc-5833-9826-b036621dee60,2023-01-13,4.5036177e-05,0,Jaipur,nearest_canonical_atm_euclidean,
7534,f69a2a75-085f-5b60-b0c2-9aebccd78b03,2023-06-16,4.5005396e-05,0,Hyderabad,nearest_canonical_atm_euclidean,
7535,3e2afad7-44dc-5833-9826-b036621dee60,2023-09-22,4.4613294e-05,0,Jaipur,nearest_canonical_atm_euclidean,
7536,83a48d15-e769-5c36-ba85-663466038d79,2023-12-01,4.4124135e-05,0,Kolkata,nearest_canonical_atm_euclidean,
7537,3e2afad7-44dc-5833-9826-b036621dee60,2023-03-24,4.39688e-05,0,Jaipur,nearest_canonical_atm_euclidean,
7538,2e751f5b-ebe1-5162-b43d-482303a259e3,2023-10-13,4.3941225e-05,0,Kolkata,nearest_canonical_atm_euclidean,
7539,c5ebb465-883d-56d7-ade4-8ad239491127,2023-01-13,4.3497286e-05,0,Jaipur,nearest_canonical_atm_euclidean,
7540,ab7406b4-42c4-5a64-a99f-ed1e9a1912a6,2023-01-27,4.3298805e-05,0,Kolkata,nearest_canonical_atm_euclidean,
7541,c5ebb465-883d-56d7-ade4-8ad239491127,2023-03-24,4.291739e-05,0,Jaipur,nearest_canonical_atm_euclidean,
7542,b41f1475-dca2-5dc1-938e-9543cd4de399,2023-02-24,4.2609092e-05,0,Ahmedabad,nearest_canonical_atm_euclidean,
7543,afecdedf-a580-5453-aee1-cce5a1fc6571,2023-12-08,4.2398035e-05,0,Ahmedabad,nearest_canonical_atm_euclidean,
7544,5cbba4d0-3c52-5f68-9295-d2058d5ea946,2023-10-06,4.2249307e-05,0,Mumbai,nearest_canonical_atm_euclidean,
7545,4e782d22-24b2-5334-ad26-772dec5c36d3,2023-09-01,4.2236898e-05,0,Jaipur,nearest_canonical_atm_euclidean,
7546,d3483408-08a1-5840-8a4f-e2a5d47c989b,2023-10-27,4.2147414e-05,0,Chennai,nearest_canonical_atm_euclidean,
7547,5773a83b-9871-5a2d-b54c-7edfa60ab72d,2023-06-02,4.2136326e-05,0,Jaipur,nearest_canonical_atm_euclidean,
7548,cf923010-1ea8-516f-8a40-b3db95dce888,2023-07-21,4.2053147e-05,0,Chennai,nearest_canonical_atm_euclidean,
7549,0e83a772-d0c1-5d38-9f1f-4a51eb7ee575,2023-01-20,4.142932e-05,0,Kolkata,nearest_canonical_atm_euclidean,
7550,4407e36e-71bc-5526-9a73-9f76e801cc45,2023-02-17,4.1368563e-05,0,Kolkata,nearest_canonical_atm_euclidean,
7551,91abf21e-5b5e-5823-b4f0-c5d40f77d717,2023-08-18,4.1142343e-05,0,New Delhi,nearest_canonical_atm_euclidean,
7552,b73cca25-bce0-5c18-8339-4e08c62ff897,2023-02-03,4.09755e-05,0,Kolkata,nearest_canonical_atm_euclidean,
7553,c5ebb465-883d-56d7-ade4-8ad239491127,2023-08-04,4.0749026e-05,0,Jaipur,nearest_canonical_atm_euclidean,
7554,3e2afad7-44dc-5833-9826-b036621dee60,2023-09-08,4.0602165e-05,0,Jaipur,nearest_canonical_atm_euclidean,
7555,91abf21e-5b5e-5823-b4f0-c5d40f77d717,2023-09-22,3.98581e-05,0,New Delhi,nearest_canonical_atm_euclidean,
7556,46d959a8-3a7a-51b4-a5d0-e6489f19d5ab,2023-11-03,3.982155e-05,0,Ahmedabad,nearest_canonical_atm_euclidean,
7557,3e2afad7-44dc-5833-9826-b036621dee60,2023-02-17,3.9804694e-05,0,Jaipur,nearest_canonical_atm_euclidean,
7558,869d900f-916d-59fb-a1c5-980ea46f3005,2023-09-08,3.9489598e-05,0,Chennai,nearest_canonical_atm_euclidean,
7559,90bcf56f-15e8-5317-aff9-2bb508a1d03a,2023-10-20,3.9318955e-05,0,Chennai,nearest_canonical_atm_euclidean,
7560,9b0bfc62-59d8-573e-81b2-fee4669a409a,2023-04-21,3.9300812e-05,0,Hyderabad,nearest_canonical_atm_euclidean,
7561,ea588019-c786-57ab-8c8d-be7ada3e3273,2023-02-24,3.929051e-05,0,Hyderabad,nearest_canonical_atm_euclidean,
7562,e2c14eb0-27b2-5683-922f-22f075a86d45,2023-08-25,3.922297e-05,0,Kolkata,nearest_canonical_atm_euclidean,
7563,6ded4d28-8bc2-5507-85db-b9ec23a0756c,2023-06-30,3.9098202e-05,0,Mumbai,nearest_canonical_atm_euclidean,
7564,e59ea14d-6014-54fe-bc4f-daf0d4c133e3,2023-10-06,3.9042203e-05,0,Ahmedabad,nearest_canonical_atm_euclidean,
7565,9f8333ec-0af9-502c-8e87-21bd0e5ef301,2023-03-17,3.864901e-05,0,Kolkata,nearest_canonical_atm_euclidean,
7566,d05fbe4b-fcba-52a3-9d29-e0fce9ccdbd9,2023-12-01,3.840436e-05,0,New Delhi,nearest_canonical_atm_euclidean,
7567,d3483408-08a1-5840-8a4f-e2a5d47c989b,2023-11-17,3.777481e-05,0,Chennai,nearest_canonical_atm_euclidean,
7568,9f8333ec-0af9-502c-8e87-21bd0e5ef301,2023-05-12,3.7303813e-05,0,Kolkata,nearest_canonical_atm_euclidean,
7569,a891a4aa-b7cd-521d-928f-f58da9655ef5,2023-01-20,3.711284e-05,0,Hyderabad,nearest_canonical_atm_euclidean,
7570,b76d9deb-4963-5298-b5ab-e7aa1216e9a4,2023-06-02,3.7054735e-05,0,Kolkata,nearest_canonical_atm_euclidean,
7571,f1f8d2d0-6ea3-5875-acce-a83a08547247,2023-11-03,3.6433794e-05,0,New Delhi,nearest_canonical_atm_euclidean,
7572,c5ebb465-883d-56d7-ade4-8ad239491127,2023-02-24,3.623881e-05,0,Jaipur,nearest_canonical_atm_euclidean,
7573,b73cca25-bce0-5c18-8339-4e08c62ff897,2023-05-19,3.6118745e-05,0,Kolkata,nearest_canonical_atm_euclidean,
7574,e789fbe5-81bc-554f-9309-2f60d40df893,2023-05-05,3.5977868e-05,0,Kolkata,nearest_canonical_atm_euclidean,
7575,c5ebb465-883d-56d7-ade4-8ad239491127,2023-08-25,3.575312e-05,0,Jaipur,nearest_canonical_atm_euclidean,
7576,23f00f1f-a233-5e89-8069-27d2584ad221,2023-11-10,3.4827048e-05,0,Hyderabad,nearest_canonical_atm_euclidean,
7577,1b131b05-4df1-5564-b4fd-6cb5e09cfdd5,2022-12-30,3.4621706e-05,0,Kolkata,nearest_canonical_atm_euclidean,
7578,d3483408-08a1-5840-8a4f-e2a5d47c989b,2023-10-13,3.366681e-05,0,Chennai,nearest_canonical_atm_euclidean,
7579,8279eaa3-c5e0-5a20-9db9-075ee86efeb4,2023-04-14,3.3435765e-05,0,Kolkata,nearest_canonical_atm_euclidean,
7580,06c1e399-5422-598e-8078-2622bf0dc842,2023-02-03,3.299013e-05,0,Jaipur,nearest_canonical_atm_euclidean,
7581,9adf3d58-2b6f-5de3-8510-5cc671d1d2e8,2023-06-02,3.2915617e-05,0,Ahmedabad,nearest_canonical_atm_euclidean,
7582,3e2afad7-44dc-5833-9826-b036621dee60,2023-04-28,3.282052e-05,0,Jaipur,nearest_canonical_atm_euclidean,
7583,6110b5e8-c838-5a36-af9e-ceec51e0c409,2023-11-24,3.239757e-05,0,New Delhi,nearest_canonical_atm_euclidean,
7584,91abf21e-5b5e-5823-b4f0-c5d40f77d717,2023-10-27,3.1694493e-05,0,New Delhi,nearest_canonical_atm_euclidean,
7585,c1ef55eb-7ba3-5dca-9329-fa76b3327004,2023-11-10,3.150723e-05,0,Chennai,nearest_canonical_atm_euclidean,
7586,51f7f7da-0718-5063-91b2-d743096e78e1,2023-02-24,3.128149e-05,0,Bengaluru,nearest_canonical_atm_euclidean,
7587,90bcf56f-15e8-5317-aff9-2bb508a1d03a,2023-02-10,3.123168e-05,0,Chennai,nearest_canonical_atm_euclidean,
7588,e2c14eb0-27b2-5683-922f-22f075a86d45,2023-03-17,3.110414e-05,0,Kolkata,nearest_canonical_atm_euclidean,
7589,b73cca25-bce0-5c18-8339-4e08c62ff897,2023-02-10,3.091989e-05,0,Kolkata,nearest_canonical_atm_euclidean,
7590,e2c14eb0-27b2-5683-922f-22f075a86d45,2023-12-01,3.088824e-05,0,Kolkata,nearest_canonical_atm_euclidean,
7591,23f00f1f-a233-5e89-8069-27d2584ad221,2023-04-14,3.0746498e-05,0,Hyderabad,nearest_canonical_atm_euclidean,
7592,9ec9c0ef-9209-5a42-84e8-2013032e9b9e,2023-07-14,3.0139865e-05,0,Chennai,nearest_canonical_atm_euclidean,
7593,9f8333ec-0af9-502c-8e87-21bd0e5ef301,2023-04-14,3.0100167e-05,0,Kolkata,nearest_canonical_atm_euclidean,
7594,23f00f1f-a233-5e89-8069-27d2584ad221,2022-12-30,3.0003359e-05,0,Hyderabad,nearest_canonical_atm_euclidean,
7595,2e751f5b-ebe1-5162-b43d-482303a259e3,2023-01-06,2.9597682e-05,0,Kolkata,nearest_canonical_atm_euclidean,
7596,23f00f1f-a233-5e89-8069-27d2584ad221,2023-04-21,2.9569102e-05,0,Hyderabad,nearest_canonical_atm_euclidean,
7597,b7c4c3b5-15ff-512b-bc9b-d52f3797f893,2023-02-17,2.9516925e-05,0,Chennai,nearest_canonical_atm_euclidean,
7598,6110b5e8-c838-5a36-af9e-ceec51e0c409,2023-11-03,2.8768392e-05,0,New Delhi,nearest_canonical_atm_euclidean,
7599,ea588019-c786-57ab-8c8d-be7ada3e3273,2023-12-01,2.819471e-05,0,Hyderabad,nearest_canonical_atm_euclidean,
7600,4407e36e-71bc-5526-9a73-9f76e801cc45,2023-02-10,2.8012813e-05,0,Kolkata,nearest_canonical_atm_euclidean,
7601,ab7406b4-42c4-5a64-a99f-ed1e9a1912a6,2023-10-20,2.7793258e-05,0,Kolkata,nearest_canonical_atm_euclidean,
7602,ab7406b4-42c4-5a64-a99f-ed1e9a1912a6,2023-06-09,2.7719117e-05,0,Kolkata,nearest_canonical_atm_euclidean,
7603,182ddc72-62c6-5f3b-b7ae-935c5b5e605b,2023-11-17,2.686539e-05,0,Jaipur,nearest_canonical_atm_euclidean,
7604,f3b246fb-34cb-5d78-af2d-6a294c2857ba,2023-03-10,2.6766396e-05,0,Kolkata,nearest_canonical_atm_euclidean,
7605,d3483408-08a1-5840-8a4f-e2a5d47c989b,2023-07-28,2.6683185e-05,0,Chennai,nearest_canonical_atm_euclidean,
7606,0e83a772-d0c1-5d38-9f1f-4a51eb7ee575,2023-01-13,2.6516978e-05,0,Kolkata,nearest_canonical_atm_euclidean,
7607,7c8fbbb0-7633-546c-b927-1accdba2044a,2023-11-24,2.6318081e-05,0,Chennai,nearest_canonical_atm_euclidean,
7608,4aabdbdc-9536-5b73-bab4-7cbee9886fed,2023-06-23,2.5209547e-05,0,Hyderabad,nearest_canonical_atm_euclidean,
7609,dce0c68a-90eb-5756-908b-549f801f0816,2023-10-06,2.5188114e-05,0,Hyderabad,nearest_canonical_atm_euclidean,
7610,91abf21e-5b5e-5823-b4f0-c5d40f77d717,2023-10-20,2.4804971e-05,0,New Delhi,nearest_canonical_atm_euclidean,
7611,b73cca25-bce0-5c18-8339-4e08c62ff897,2023-11-24,2.4778801e-05,0,Kolkata,nearest_canonical_atm_euclidean,
7612,182ddc72-62c6-5f3b-b7ae-935c5b5e605b,2023-04-14,2.4542283e-05,0,Jaipur,nearest_canonical_atm_euclidean,
7613,3e2afad7-44dc-5833-9826-b036621dee60,2023-03-17,2.3885714e-05,0,Jaipur,nearest_canonical_atm_euclidean,
7614,1d7d8374-7d25-5244-9349-2dba7c91bf60,2022-12-30,2.3839833e-05,0,Ahmedabad,nearest_canonical_atm_euclidean,
7615,8d9781e0-0f19-5e72-9add-8fe3b028bb83,2023-02-17,2.3759852e-05,0,Hyderabad,nearest_canonical_atm_euclidean,
7616,422e93c8-7fc2-5abd-bd82-7b2eb566f6e6,2023-11-03,2.3036322e-05,0,Kolkata,nearest_canonical_atm_euclidean,
7617,4cc4f0b0-6522-5752-8674-65bde1e7ee07,2023-02-17,2.2905957e-05,0,Hyderabad,nearest_canonical_atm_euclidean,
7618,3e2afad7-44dc-5833-9826-b036621dee60,2023-02-03,2.2806284e-05,0,Jaipur,nearest_canonical_atm_euclidean,
7619,3e2afad7-44dc-5833-9826-b036621dee60,2023-03-31,2.172305e-05,0,Jaipur,nearest_canonical_atm_euclidean,
7620,c1ef55eb-7ba3-5dca-9329-fa76b3327004,2023-07-07,2.1703565e-05,0,Chennai,nearest_canonical_atm_euclidean,
7621,9ec9c0ef-9209-5a42-84e8-2013032e9b9e,2023-05-19,2.1515334e-05,0,Chennai,nearest_canonical_atm_euclidean,
7622,94effd11-8fd8-50af-8f4c-b5a629d11375,2023-11-10,2.1350386e-05,0,Jaipur,nearest_canonical_atm_euclidean,
7623,ea588019-c786-57ab-8c8d-be7ada3e3273,2023-05-12,2.1344767e-05,0,Hyderabad,nearest_canonical_atm_euclidean,
7624,c5ebb465-883d-56d7-ade4-8ad239491127,2023-08-18,2.1251337e-05,0,Jaipur,nearest_canonical_atm_euclidean,
7625,3e2afad7-44dc-5833-9826-b036621dee60,2023-01-06,2.0894777e-05,0,Jaipur,nearest_canonical_atm_euclidean,
7626,7c8fbbb0-7633-546c-b927-1accdba2044a,2023-07-07,2.0780355e-05,0,Chennai,nearest_canonical_atm_euclidean,
7627,e59ea14d-6014-54fe-bc4f-daf0d4c133e3,2023-11-03,2.0441204e-05,0,Ahmedabad,nearest_canonical_atm_euclidean,
7628,b76d9deb-4963-5298-b5ab-e7aa1216e9a4,2023-05-12,2.025123e-05,0,Kolkata,nearest_canonical_atm_euclidean,
7629,5737401f-13a5-5335-9e4c-336a9e870086,2023-08-04,2.0127372e-05,0,Kolkata,nearest_canonical_atm_euclidean,
7630,b8864095-68a2-5748-a216-676e811b321c,2023-02-10,1.9667037e-05,0,Chennai,nearest_canonical_atm_euclidean,
7631,c1ef55eb-7ba3-5dca-9329-fa76b3327004,2023-08-18,1.9545894e-05,0,Chennai,nearest_canonical_atm_euclidean,
7632,c5ebb465-883d-56d7-ade4-8ad239491127,2023-04-07,1.8988005e-05,0,Jaipur,nearest_canonical_atm_euclidean,
7633,c1ef55eb-7ba3-5dca-9329-fa76b3327004,2023-06-23,1.8637718e-05,0,Chennai,nearest_canonical_atm_euclidean,
7634,e789fbe5-81bc-554f-9309-2f60d40df893,2023-04-28,1.7832159e-05,0,Kolkata,nearest_canonical_atm_euclidean,
7635,422e93c8-7fc2-5abd-bd82-7b2eb566f6e6,2023-10-27,1.7796398e-05,0,Kolkata,nearest_canonical_atm_euclidean,
7636,4e782d22-24b2-5334-ad26-772dec5c36d3,2023-07-14,1.6717388e-05,0,Jaipur,nearest_canonical_atm_euclidean,
7637,b73cca25-bce0-5c18-8339-4e08c62ff897,2023-12-01,1.664291e-05,0,Kolkata,nearest_canonical_atm_euclidean,
7638,94effd11-8fd8-50af-8f4c-b5a629d11375,2023-11-03,1.6544482e-05,0,Jaipur,nearest_canonical_atm_euclidean,
7639,c5ebb465-883d-56d7-ade4-8ad239491127,2023-04-14,1.64866e-05,0,Jaipur,nearest_canonical_atm_euclidean,
7640,e2c14eb0-27b2-5683-922f-22f075a86d45,2023-01-20,1.5730211e-05,0,Kolkata,nearest_canonical_atm_euclidean,
7641,23f00f1f-a233-5e89-8069-27d2584ad221,2023-08-18,1.5698499e-05,0,Hyderabad,nearest_canonical_atm_euclidean,
7642,3e2afad7-44dc-5833-9826-b036621dee60,2023-10-06,1.5178471e-05,0,Jaipur,nearest_canonical_atm_euclidean,
7643,e2c14eb0-27b2-5683-922f-22f075a86d45,2023-03-03,1.4968528e-05,0,Kolkata,nearest_canonical_atm_euclidean,
7644,b73cca25-bce0-5c18-8339-4e08c62ff897,2023-11-10,1.4556799e-05,0,Kolkata,nearest_canonical_atm_euclidean,
7645,b3dc96a5-31cc-51a8-a4bc-4d47da6df377,2023-04-28,1.2457529e-05,0,New Delhi,nearest_canonical_atm_euclidean,
7646,e2c14eb0-27b2-5683-922f-22f075a86d45,2023-01-13,9.092598e-06,0,Kolkata,nearest_canonical_atm_euclidean,
7647,e789fbe5-81bc-554f-9309-2f60d40df893,2023-09-15,9.025187e-06,0,Kolkata,nearest_canonical_atm_euclidean,
7648,e2c14eb0-27b2-5683-922f-22f075a86d45,2023-12-08,6.9922453e-06,0,Kolkata,nearest_canonical_atm_euclidean,
7649,b73cca25-bce0-5c18-8339-4e08c62ff897,2023-11-17,4.7777576e-06,0,Kolkata,nearest_canonical_atm_euclidean,
7650,c1ef55eb-7ba3-5dca-9329-fa76b3327004,2023-06-30,3.1677373e-06,0,Chennai,nearest_canonical_atm_euclidean,
